relative_path,sha256
images/512/montgomery/0001.png,4f9f6eda4d8099238091f5ff1ddddde280d848e53a4a13e38af3ea3506ba7bbd
masks/lung_patient_right/512/montgomery/0001.png,e88e277ec723e21931de1f9abe156ab0e085d73091197380c786680f356d4058
masks/lung_patient_left/512/montgomery/0001.png,06a77cbd372d5fc3047def19ead581e75f6a5241cfee324513ee47db994c1596
masks/lung_field/512/montgomery/0001.png,4f728eebfb703603ad4ad6dee5beff94c3fd253962019fc10c4ac09b833cf65a
images/512/montgomery/0002.png,4ec1321f3fde91d84bd9b4fbe1ab3cd48806232ef9006d34a93db39e8b1325be
masks/lung_patient_right/512/montgomery/0002.png,eb5b07f9ab95f21f92fc249b278f56e322e2910af1eb08fe6a5a23b2e20feeae
masks/lung_patient_left/512/montgomery/0002.png,8c6b48b830fdb0f21c7cd875ff716975b1a3b99cdc20b56c5728003a3b62621b
masks/lung_field/512/montgomery/0002.png,d8c9c4cdbcc61ab393ae48656229258db701d91fd4bbc4eaa2f8b7e7dfd2ef66
images/512/montgomery/0003.png,fd571e8520f163d6abc490d2ad8b9768b83354b34eea86221ea4a5578a3d7084
masks/lung_patient_right/512/montgomery/0003.png,c55c03ed4d0d09306cde36071bdb59fb0f46b0639fe0049b2cd9ae77757c14ce
masks/lung_patient_left/512/montgomery/0003.png,36c482292e6a46cf9b9546d333a1905fc7ecf0b46c5a2aeacab6da68ca498ea9
masks/lung_field/512/montgomery/0003.png,e0674ea6ae4caa1107e9078ffbbcf8a066aa08c08bca5736f533cdfa7dddb2ff
images/512/montgomery/0004.png,0f2afde850d11a993bd58e74f0fe600c3fcd012b7c7051e752b9d3b09bdd9e1a
masks/lung_patient_right/512/montgomery/0004.png,a34da82c76551d7646ea906fb438adf2b17d75685326f7d5c8c7a37d6310e40c
masks/lung_patient_left/512/montgomery/0004.png,36d12f5669f9876f3c5385a148032c9721235e01eb91738fdfe8c270d36069d8
masks/lung_field/512/montgomery/0004.png,a2b582f9831290775f6662f079bf23a24dd9929848e4ed1ce22f85b04ac15ad1
images/512/montgomery/0005.png,705c181d17430b4d953bc420f01f3ffaf4953dbe3b544cd022fdced4f711d757
masks/lung_patient_right/512/montgomery/0005.png,d8d092cfbe096b71a138f525b4cf4ba86121a670418de94e2b0df715112631d1
masks/lung_patient_left/512/montgomery/0005.png,3da2ee506bb31250a5c270cf7eea74530615be158489eb687e4b954a341f1fd7
masks/lung_field/512/montgomery/0005.png,31f0982bb98809eba2d999f8cd060da1886aa89737736d37d9c04452dbc2df7a
images/512/montgomery/0006.png,d7a01c9faa3d1c6c64b71ca8457efb49bb8a76f01bd29376c6ee330f5d23ebbc
masks/lung_patient_right/512/montgomery/0006.png,4837b4232558db505116072a827a5225b24a8c0e80d3db07b3de8dfd11e9c447
masks/lung_patient_left/512/montgomery/0006.png,13c51e6b7ffceb3276c42abca9593072814045ff63c994ece9bba98a69e07221
masks/lung_field/512/montgomery/0006.png,3c7b1da3ce121ca58cd36014f6825c5c10d8ff685e653046d91658cc6b66af68
images/512/montgomery/0008.png,f6e5acfe946bcf3c34c566561b4188a27651fde7b3d38898dc10440f3623c7db
masks/lung_patient_right/512/montgomery/0008.png,5ea1e7df2458a3869a74f38a84cd5d24948544a85c1535340d202077725b668b
masks/lung_patient_left/512/montgomery/0008.png,ad2068df88fa2cf0afc32cb359ab503a9310d7f8267cb771b1a19a7dfaaef656
masks/lung_field/512/montgomery/0008.png,0c4e37ef12deed245d6d7fc4fa21a8d26fa453eb021d0d8c4a7a41d8a5e177a9
images/512/montgomery/0011.png,d3e8d6473c3da55796859400f9622cfa7078b002a95259c6be4882ae15e97e89
masks/lung_patient_right/512/montgomery/0011.png,bbcbda1ccd5ef92cf2bb025bd67bf0c1b0223953db455c406f6171f50758b5c0
masks/lung_patient_left/512/montgomery/0011.png,e342bc197f8c5884c8d1bdd93417ed04eb541e1090b7c20334c671ca61f3c441
masks/lung_field/512/montgomery/0011.png,12d018c083a7d9b9645fa334cefb16134927c5d310c8ca426f7f1df3f850c9bd
images/512/montgomery/0013.png,b055c1b218e442d95ae60ddd0bd5b027769305f974d88e01205a3552947706aa
masks/lung_patient_right/512/montgomery/0013.png,d4b3412dde4c2ae15cfea0d57814b30d04f41429377ff57d2ed45be5c0b48927
masks/lung_patient_left/512/montgomery/0013.png,bd2bcc8925b324168e8de1ee71661c0b41a48c2c0a547271623b9e44a8017cd0
masks/lung_field/512/montgomery/0013.png,0ccb49e2df275e3af002f0e78cf17e8bdf0859a8f7c05cc8ef9b2e3f1cea00cc
images/512/montgomery/0015.png,707404f767646d5713b39c9862cbbcc3b974c9029f6a93131be2d92c7415b307
masks/lung_patient_right/512/montgomery/0015.png,0e07c8e02b305a16a2f7d6816e669c10bc03d6394fc3f3da7cd9da0d9789eca0
masks/lung_patient_left/512/montgomery/0015.png,4615f9879b954ab14da120e055bf39fba9fb4294bd92bb7b36c9faf7512e5033
masks/lung_field/512/montgomery/0015.png,5551cd91f896956c4cee44f55fee880c5af1fb781e6b93d61c65bf130be84b55
images/512/montgomery/0016.png,89b51ad90d1943e429045df0547aec403f0d73f4cdbae2fb7472882226c4f602
masks/lung_patient_right/512/montgomery/0016.png,fa9250f92d92e20610668a83175ff6a87aa1229672074f1bb9e5a9fe6a6a53e1
masks/lung_patient_left/512/montgomery/0016.png,414a985e187c9e9aeafabf4709e2e55e38dba844d9b183e32db80baec3b6a27e
masks/lung_field/512/montgomery/0016.png,bb6525631d6bdeda24fd1f343d38f20ef9835533130077d7691200eeecdd785b
images/512/montgomery/0017.png,db8c0b2322b82db6dd61a9afc1cfc11baca426adce85ade9b2bc0c34cccb7780
masks/lung_patient_right/512/montgomery/0017.png,df2cb1273a32a36af14626aa47fc9b6f3c90792688a73213d04f52956abfc2b6
masks/lung_patient_left/512/montgomery/0017.png,5c060d6535cafda81d10e81d7a93fbc5d49a11c732f3ec120f1b72a6bcfaf52c
masks/lung_field/512/montgomery/0017.png,a267ed2286ecb972762d24c9152002193b98a3d55bfbede35ab30d04c418af18
images/512/montgomery/0019.png,23d854a7eea189aa7c5a542d6cbc87474ca165372f59d7d9cf9e627967af5e13
masks/lung_patient_right/512/montgomery/0019.png,076369d2ad3ad9e8180b2379619649c820feb17b49c189d503c1b5b8343c2fc1
masks/lung_patient_left/512/montgomery/0019.png,9bfe28787e16589b7031632e5f21bc3df1f224f072b0a2e7af6dad8348f0cd84
masks/lung_field/512/montgomery/0019.png,9a9d8681924b8749125131a862803861d407ccb7e6a68ac9444da343560b114e
images/512/montgomery/0020.png,4e8d90c74e27269bda0bfc8087491f8f305303fe79143b39ac6aec322d9067b8
masks/lung_patient_right/512/montgomery/0020.png,21aa436c9d045df17fbb1390538050b60bcecd137689e7fee9dad11170d0d230
masks/lung_patient_left/512/montgomery/0020.png,2c3aafe08301a938f5fc4e57fbf226f36da37efa1e78fed5936e257ed672d39b
masks/lung_field/512/montgomery/0020.png,5be2ca296454076d28d0220b9d58f39ff415c45aef7dc5082a091bb8bd80300d
images/512/montgomery/0021.png,fdcfecabcc3dfc48c5deea381f5eeb3dcd20a2772d0bc1227bdfe494f6dff7db
masks/lung_patient_right/512/montgomery/0021.png,ac16023580e65dde3f012e23f519ffd9d50ead30bdc325fd427125ae06ac04ee
masks/lung_patient_left/512/montgomery/0021.png,7d0d54f721e1b37748c175269a6671ec7efe57fb16cb8d8e9f5bb1512057614e
masks/lung_field/512/montgomery/0021.png,daf5fe1505327e1233bcf6aab770ccf61de1db78b2bf3975450a04fb3610d39f
images/512/montgomery/0022.png,89e5af752bdd3e0582b14624afbbd3e1c3f5e922face0510fc07fa2ccd4252fd
masks/lung_patient_right/512/montgomery/0022.png,e8f4f01d6a4bb8a1b0587c6811fb1b911bc3f3c3f7057cdc1d885de2d7791d78
masks/lung_patient_left/512/montgomery/0022.png,8826bd39809fb7b12d9b0257ea3dda7860bc5628e2cf3ea40677de4a3ef21fed
masks/lung_field/512/montgomery/0022.png,6a565d1d16a362f49ff1ee0c416393aa86f7d51b06aae3c6be333cc984f8a13f
images/512/montgomery/0023.png,ff3fec35c4a4ce06188da8d39f5d7bae6f547f13a0c1f42dc21bf523d5cc1f67
masks/lung_patient_right/512/montgomery/0023.png,ab85525890854c734d9aead5bd86c6e577e9762cbab1b0d8c766b1bf0afbf89f
masks/lung_patient_left/512/montgomery/0023.png,d81e474dc61bf91fd582412380af431977eedf9c8c83f8e4dadc8171993063c1
masks/lung_field/512/montgomery/0023.png,1a5e38c1fe11921969ec8e998b56521c577d1fbe5a6ab80a86ee9796e96c6f70
images/512/montgomery/0024.png,cbdcf1d3b99b3189cb26bd193595927990f34b9076ea65405b3403074ea3b9d8
masks/lung_patient_right/512/montgomery/0024.png,6f59a53f49ca9f9f06398c539ee4cd1101760da7bea77b796798a01c6abfe683
masks/lung_patient_left/512/montgomery/0024.png,72bede85418130a7347053808f578490a04235c0c9af6b610f3d2a7ef7265540
masks/lung_field/512/montgomery/0024.png,dea67f4ab44757c433f9aef567bde8d07f0fefcfaf9496333d8db992f31904e1
images/512/montgomery/0026.png,b6e22e58d7ce2fff8518c28df1ef7b35feddd41cfe56bf062a4bee16851a5251
masks/lung_patient_right/512/montgomery/0026.png,fa0cc178bac482d81e4e08460e6466eab496eb8253bad3ddd633999bf69ebfa2
masks/lung_patient_left/512/montgomery/0026.png,7757c698ddc233917b856a049f7e2833a79c406770a18d297abb3cdc3c3c0960
masks/lung_field/512/montgomery/0026.png,6436e22c6667af39af0b26a85d3d91dafee7846effee891888e9923beee47808
images/512/montgomery/0027.png,51565fa55abbdac9c60c99a4277a35ad9395d6011ce6c55a60d95b85693a4622
masks/lung_patient_right/512/montgomery/0027.png,8f8d61536651ee15feb4b3e9d65ddbba15b416056d32031dd0b4e6cd2da88f52
masks/lung_patient_left/512/montgomery/0027.png,ef7e38b64ae38367c1040b73a3a6c97e8b3691bc8be0652ccc9915b6e96d7e2c
masks/lung_field/512/montgomery/0027.png,fce193625dfb6d4e8940a4a720abf002a93751f056bd519feade80253cde06d0
images/512/montgomery/0028.png,cd091dba9fe30967084e4e78fa8aaf2aa0f9e2bb91ce8bffcd21ca4db2c96d2b
masks/lung_patient_right/512/montgomery/0028.png,06fd53aefd7de9133fe70bc311bac849239f438c3459f61678456609ccd9ec54
masks/lung_patient_left/512/montgomery/0028.png,785de7e5a47017f03f2a45c323a610032bd320401b4385a3a32b33bec53e0f6c
masks/lung_field/512/montgomery/0028.png,c0306bd20f9ed495f4b3242c629d7948368e225a20902e692b57f01617e540a9
images/512/montgomery/0029.png,c4a0a3f264e3751bd0dda6755721d6194d85c44b1ffbb979f54b1782e3399982
masks/lung_patient_right/512/montgomery/0029.png,1787eb24306cb2f030923eff239ce3385ce1042af394dffb54311af7fbf3d9a7
masks/lung_patient_left/512/montgomery/0029.png,891e13f6cc5be0eabf4a013a51ba8da9d6b59f636d9fd19cdce49c8ec41cdf34
masks/lung_field/512/montgomery/0029.png,75d139c64c49f0ee9bc3c5e53b0e4913b78d2dec734b7e1088bb41ed90ae94c5
images/512/montgomery/0030.png,267c4994f2051bf105ef57e8dfac5775bc3d2ca64c5d2bb0868ec50168c670ca
masks/lung_patient_right/512/montgomery/0030.png,d187e856a944b19e83d94e2093db98c5fe74ca8ac00b39d392965c7d9a88cec1
masks/lung_patient_left/512/montgomery/0030.png,51a49d92ae383c5dbd940a2b9c654df5dc413e2db8b28d1d6e1e5cf4a7595eb3
masks/lung_field/512/montgomery/0030.png,a5ffa6c00e6ed8f4035cf213c81b6744d87d9da329546f656758f0bfff9783da
images/512/montgomery/0031.png,5dd392e033c90a551c4b65d96e24c382b1ec4277ab4e861885303c98c9bb9c37
masks/lung_patient_right/512/montgomery/0031.png,d3d5455d86b27af9be0e47bdbc597cb24e9bccb2d04e255fa0d6d7b66bba0592
masks/lung_patient_left/512/montgomery/0031.png,63cbddeb3677ffa3f1255b7235c8f55cf100589229a6dbdb9b8372beb43795b1
masks/lung_field/512/montgomery/0031.png,85f1b96f27b830c22ddb129a10c0e15b2f795c767510ffe26bf6bf2af5b61618
images/512/montgomery/0035.png,d40b37e278a2f04cbf7ed7a0d349305aee2d2c0d6899bde418900c91a57ed950
masks/lung_patient_right/512/montgomery/0035.png,6c763f53a6341ad0463c8def54ab0e1462106d128e6d383e56961d4fa85e32f0
masks/lung_patient_left/512/montgomery/0035.png,a4de18fa42ada221b7a024bb96b0445e213e05dce2427eb4ccc86ebcfa491e58
masks/lung_field/512/montgomery/0035.png,bbd6728dd831bf8af6cf22e76a42a762409e493a6813eaab2fafa96f70e81ee3
images/512/montgomery/0038.png,568ccc37bb5d3a402013dc12b48517319d825f4e34d9d562b9451e05cc734cb7
masks/lung_patient_right/512/montgomery/0038.png,45c4eeb9119c40e62182748e041465568f1b4448d15f521cb0d6b546e20605e2
masks/lung_patient_left/512/montgomery/0038.png,436cf1c5eafb67cec8a6d9d2733a460c2fd4824d3bd3d8a8f1bde7e463bc87da
masks/lung_field/512/montgomery/0038.png,36d1f57b3437bdd3271822e19a8888c479c8ed285d432120f0a9c60f5c952c43
images/512/montgomery/0040.png,2d821898e7c0815b12e9fc57df1134084516d2058b63465528901cfe08e50988
masks/lung_patient_right/512/montgomery/0040.png,21835d8143f7574c018f5f01a6a7e6cadf2317fe354686ecd002e149e81e645f
masks/lung_patient_left/512/montgomery/0040.png,c7e8739d5e46d89050ec1dc35a014300bc57e872e8951e281d1736a4b8cabb34
masks/lung_field/512/montgomery/0040.png,6949677a991862c7c3f130e5361e6e1142df2a0475aea58e0c89b584cffa6548
images/512/montgomery/0041.png,823cc6601693ebd4f9d2c4ea77d45369f27867749e668f2069f2e7f6d61b4645
masks/lung_patient_right/512/montgomery/0041.png,d882e423b047c236f4d8060ce2bd72bb93b1b32573aad53768865312ed7b36b4
masks/lung_patient_left/512/montgomery/0041.png,2626fd17fe61258af15abf69e6de97cfc75c909d7b21e898374686459710c834
masks/lung_field/512/montgomery/0041.png,fb12febc8f2ca69a4b44b4eebfb84fa62dec90f3314058c9ec5f1659abd51ded
images/512/montgomery/0042.png,0a2ec1c89481bfa25f4504470be5e563244d53f965c6893386e6bf0fe5d107a8
masks/lung_patient_right/512/montgomery/0042.png,24a9a2310853743b0f1441affaaed52708c813fcb3bf29ac88f1b5faf9a812ca
masks/lung_patient_left/512/montgomery/0042.png,7c54e7c068998810d27cdc7cee838c6dd95096593c3447e5be0e1fba7378e737
masks/lung_field/512/montgomery/0042.png,5a5832d8298e0210ef6df8e5292dd082a2bdca2d35f9a74d8f32efcdc8043b05
images/512/montgomery/0043.png,d33f70b76ba961bcfbb0958a61b2b6d1affbbfeffc966248758784d91e429f8c
masks/lung_patient_right/512/montgomery/0043.png,91068ade32fa900a8ed2b882468f75d6c33485be40f0668960d6b741a33ef6f5
masks/lung_patient_left/512/montgomery/0043.png,12e7ef30704fe35b40e7f6a0544aca1a081bbb4916d1bb86f5696b0200b53e96
masks/lung_field/512/montgomery/0043.png,2c879e4888a1e649607208025d47d92146b2dd2c1b45a153f7726ec236881872
images/512/montgomery/0044.png,ac7f8ebe9deb530652a322c21fe787f4f65a109cd84d5d936e45a9afd9ada3d6
masks/lung_patient_right/512/montgomery/0044.png,27c2e9763121603995db312484e04ee405dca28fdee3e06117e85e90d16e1a34
masks/lung_patient_left/512/montgomery/0044.png,ca8b5501e8a1e8d1b0b20038ced8cb67d9550db7b33de1c9582f96a9afa1ba71
masks/lung_field/512/montgomery/0044.png,4902f89fb0d20175173f56e6d72cc9164f44a94a93b9f71bb1d0d05c7f09c908
images/512/montgomery/0045.png,8f546a49f4cd6af62700ee383a9c0387dd5115b495b281c64d047717e979d845
masks/lung_patient_right/512/montgomery/0045.png,04b186384aa14d48294e09526ee05847b8f8955a52c4436a600d3d61bdf0ffc9
masks/lung_patient_left/512/montgomery/0045.png,6b68975e283221f69cf3aeed926c9456558792718c5ab98af1838bea7760d4dd
masks/lung_field/512/montgomery/0045.png,423ca330adfe75263c0e92161ea404c67c11072801826f305e64862f8e324e06
images/512/montgomery/0046.png,7fafc194c0c81b0084aacd98b42d7ef48af9eea0755ae7bc923a86708d72b692
masks/lung_patient_right/512/montgomery/0046.png,af4a5d5508947ba6553beed8255465addc260b00220bb9512c704277e97c1fb2
masks/lung_patient_left/512/montgomery/0046.png,c9dfbd28b71973745fd13fdddd6984a87623e31b3f51c992feaf575d1e6e65ec
masks/lung_field/512/montgomery/0046.png,0f96df35a31d900da99f0495ef9c68369f3eb494965feeace8e39ff69d605bf0
images/512/montgomery/0047.png,87260d1ef7442591b28166804fff2f3cf6ca3239447257fb41310d3b923a6882
masks/lung_patient_right/512/montgomery/0047.png,307fefed7be232d014f88b9bf5e08cf6f7f5dc753bab30d83167dab78aa8662b
masks/lung_patient_left/512/montgomery/0047.png,1db3ed9a4414b3d333351b796e01aa0f9064e209c6f2d3dac684ccaeb6ed3c89
masks/lung_field/512/montgomery/0047.png,bb5fc4d2c019d4cf46b593567172ad29e9f65669804271b401802535e4132110
images/512/montgomery/0048.png,58b9d4e3afec14b8b302800c9d588812126a9de073e5a9ced5ad22946fd2ef31
masks/lung_patient_right/512/montgomery/0048.png,25e0d8c4abd633134d0a97208f9f153ab8ad418210e19e1f931005b5a1ca3e28
masks/lung_patient_left/512/montgomery/0048.png,7e921a005e974818bb9cdaec3223f14b346f31ab60b3babaab077229405a01c5
masks/lung_field/512/montgomery/0048.png,4d47d44615f7ead45f9f904465d46586d63c255f116680d72129c67e2c45c83f
images/512/montgomery/0049.png,c9afdd250e82af865b31118a9650f73b0f5a026a38954bb63f43b52e9900a6ee
masks/lung_patient_right/512/montgomery/0049.png,5fd71604debd48cf5baf2acc698c5360f9c04bf23b4c7b713768cbf64a8a93bf
masks/lung_patient_left/512/montgomery/0049.png,9ef8efd4cacc64b7af792c8c2e175a7bc80fccaea5293182f2d041ebc372e80a
masks/lung_field/512/montgomery/0049.png,7873e6b8eccaad270ffdba9cf4461c5a0586ebdc94dbeb1f129fa50c3b468a0b
images/512/montgomery/0051.png,6475218466b8b72fb1389c8730d6e9207b0b73cc18eb312ff05be5f1f2dc5d30
masks/lung_patient_right/512/montgomery/0051.png,3d35bcac7310c2df0821a151ab22510d0e2d624082787a2f17b1d7415650a15e
masks/lung_patient_left/512/montgomery/0051.png,a8b16585c7e5fd06348492a1373c1833e2c93e44c51b24a4806a705d9c7df5f6
masks/lung_field/512/montgomery/0051.png,c316b1797a4010af9668e655134f9db227836431e4bf44362967c33a9ffa99aa
images/512/montgomery/0052.png,1bc2242a73b59931ea313bee45abaf61a10170ea3a7b01f622c152d077780dda
masks/lung_patient_right/512/montgomery/0052.png,49bd2cdd027d97fcb4cfd48825262864b0174fe0bd6d06b5b745ab7bbd73d048
masks/lung_patient_left/512/montgomery/0052.png,4ae8e6229e10be4ef551049df1f5e8d378feb53602d3b422487a7a22311ef15b
masks/lung_field/512/montgomery/0052.png,20f14d488a95d223308ab277f5e00806df0440a94787c266403f9511915c70a2
images/512/montgomery/0053.png,02bf77a5fee384a7a6807e0881415e7b977a1852e47b9731d34ecdbd90544bfb
masks/lung_patient_right/512/montgomery/0053.png,36b7d9b16f25274ebd848d404e42d5d53cf082d704200f257a505fb197b5ec21
masks/lung_patient_left/512/montgomery/0053.png,93b7c37fbaf0b43c8c449740bd65cfcb0fdf4015fb80661fc8acd381724eec0d
masks/lung_field/512/montgomery/0053.png,1d2991f784b434defaa7cf39da63209abc0202eb37382085b75c4fb5b5eb168c
images/512/montgomery/0054.png,5b04100266bff7058536658ff74f3723116c0b8e12a910688d44703df4fbd30c
masks/lung_patient_right/512/montgomery/0054.png,68ae17e31255cfc80af093cf422a10154a2ce7228789f85588e02015b1832a47
masks/lung_patient_left/512/montgomery/0054.png,772cb3f502a47fb76b78e1d67465b766c056d9d089262a3509d642f3ba91477e
masks/lung_field/512/montgomery/0054.png,8e1d71f9a227ee71687592844a220dd3709988304cbef56b0c9383c7b635cc8a
images/512/montgomery/0055.png,db85e28e2033ca208b4f4206a893b524e54f5128ae92f86f7d99c7d86a9ca55b
masks/lung_patient_right/512/montgomery/0055.png,35f38f797ba5b8eaa922fb9878081d8ee28dc97de88033047596ccf6b26a5b11
masks/lung_patient_left/512/montgomery/0055.png,60ccdc127690cf784f933c97a7cc3ccf75ffffb3d1f220ebc9cab1c9aad90c99
masks/lung_field/512/montgomery/0055.png,1ac1ecbc98ac8c9531c49a51e741747e746e88a39bb95e4b2540ec27288c7386
images/512/montgomery/0056.png,0745c0a45dd8aa30aa378f73528046c76001727d1c5014674bcc3ff2e8e54a74
masks/lung_patient_right/512/montgomery/0056.png,e34708c271cc66e04dc919d53d691ad099f0f508d1a7547eb74c72c95f494e4d
masks/lung_patient_left/512/montgomery/0056.png,f0084213d36de9b4932a1904c47f325e195051fe8790da34f8bcd607a712715a
masks/lung_field/512/montgomery/0056.png,014d96492a56892843ae508dc66002354bc79a48e85e0fc12a8eab2cb3376285
images/512/montgomery/0057.png,b7eabdad035abe77212ecc82fbbd771d0264a1922f7af1db05c522b2ad680f2e
masks/lung_patient_right/512/montgomery/0057.png,7cb791b2dd08d70b3507d3966045b7c7ca87600465b7c590187181902bf0e290
masks/lung_patient_left/512/montgomery/0057.png,8e0ac2ce973ab848756a05102854747372c9940a344e187b837ff47c483539fe
masks/lung_field/512/montgomery/0057.png,409a7343a70c15766f17d37c8d546f4de1883450aace22ec81c2c0bfde8a4526
images/512/montgomery/0058.png,00523f5ef4d9d73fe0aac9edc91406e81553508d2b460f5b256604b5d249f815
masks/lung_patient_right/512/montgomery/0058.png,741f16ba64e77e3cd5d47e657cfd6cd49d8ec915af846196da7b0d16cb31c6c0
masks/lung_patient_left/512/montgomery/0058.png,8d039f491981060feed2d90077bc5076d3e9fca0b6dc0e3f4ece4d87bb8b2388
masks/lung_field/512/montgomery/0058.png,3bb24a55d389e0f5c95453d7369625dc51bbe1ec7403aaa4f501a10797639c1d
images/512/montgomery/0059.png,8cc8f495185ff19b491ebea477197e58af95f295096a044f2ad48526e776ae8e
masks/lung_patient_right/512/montgomery/0059.png,c691baf0c16e8ed503ba6621c8aa0ba824d1e32adf219d0eca4a81fed9510b6a
masks/lung_patient_left/512/montgomery/0059.png,e008037a3024074067fd06062cf9b945c4090899e8cfe26b5b750e0c2574eb3a
masks/lung_field/512/montgomery/0059.png,80e495f6ff673bddf0b9efeb8e6998be875f7bb5ff3f52999bddd96e55f7fc1d
images/512/montgomery/0060.png,c468a54e1312d8297c9de48bab1c213aec970bf10091467c9cfd219bb5a4c9e9
masks/lung_patient_right/512/montgomery/0060.png,cff3b29d9ef821c1eb933cb8d8fef8c17fc729d82194074356b54e5cfd0c84e9
masks/lung_patient_left/512/montgomery/0060.png,20570fc2dbc5b32c1dd4370947836063a43ae3b1759fd41498a9254dee7636e3
masks/lung_field/512/montgomery/0060.png,c9c4f7fe2e51e93917f94d138434f6da87e6358f354b4b2d550a6e88d773986d
images/512/montgomery/0061.png,404369d646dfd879b77db5e1a5a25b946e7862d0dc26bf50d3debedef3788c09
masks/lung_patient_right/512/montgomery/0061.png,2ce684a702b114691421f172873612ab62c52c2cce1156044f1e15a6908d5cf6
masks/lung_patient_left/512/montgomery/0061.png,5ece2ff9497b8151779bbe9ce5381962535243694366136b8dd17274889f2b1d
masks/lung_field/512/montgomery/0061.png,fb9bec428d912837534e53acc76ec63deafe3d6164b5eb0d600741886df3b1d4
images/512/montgomery/0062.png,1a0b0ab08270006d0fbde6803d46f16b92d1de8c389b85fa0b6eb9bcb443dcf2
masks/lung_patient_right/512/montgomery/0062.png,dcdeb319136c9cb57375e3e75adfbd1c295919efeb601b08174c094d3f4c761e
masks/lung_patient_left/512/montgomery/0062.png,1640fc4d02b21176e80aafa69e1703d072ee9c80fbe8d8bfa5db1299edafe360
masks/lung_field/512/montgomery/0062.png,8c9bf175b68b0f09a9c1e5eb340da9b745f7b49f3f37aa1b79323e742c9447eb
images/512/montgomery/0063.png,92b23057b962252cc00ef4613894b6ced8625726b3f1bc460222b3d3eee77c90
masks/lung_patient_right/512/montgomery/0063.png,64e6489efa8d834d9ef3a1813f0b1dfc0db262bae259c9895db025844aa41227
masks/lung_patient_left/512/montgomery/0063.png,766fe99fe08fa73f0426f937194589e60a1ad2d624b10b02d49f4c24e45f25eb
masks/lung_field/512/montgomery/0063.png,f0a46be8fc5148eb043c0c168ebec2d23d40e4a3630d215749d7abc9bb99129d
images/512/montgomery/0064.png,cd677119bfd496c4a9a9bdb3584a494ffda3fb8236541dd36e345e9d4a6838d5
masks/lung_patient_right/512/montgomery/0064.png,57c001e4966747d5eaf01b476eb44126cf1882a1d0b9886c3bff0d90887ccfd4
masks/lung_patient_left/512/montgomery/0064.png,656181efc25ea1c94bacc0f3339def08e3f6b38ce83d657081531907f0e8e271
masks/lung_field/512/montgomery/0064.png,5deb2317bb50b8fef7309ddb586228fc0296f422c56201a103a8f4e824314bbe
images/512/montgomery/0068.png,b0594da104674d27183be909fbbbb46e2297e734895a6b4547276ebb9db432c5
masks/lung_patient_right/512/montgomery/0068.png,2dff6387277f47c8bd330f7021fc3dd77e24829e193a407f4e813e7fa56fed7d
masks/lung_patient_left/512/montgomery/0068.png,4b440e729e43b19c9ce3e1c425696fce74a80d72ef9ac7547f8b8bfbbe0b5c42
masks/lung_field/512/montgomery/0068.png,361b23253e16ede16aec745568cbd49f19c52ab507892f5e58bd6050be50aa2a
images/512/montgomery/0069.png,f1c20e6092d97cd9b5dd739cb751e42a8d7d7e9bf707b6ef07a1e376c4ac3c05
masks/lung_patient_right/512/montgomery/0069.png,fd43c1e1b1fd63a2268974889d3085049eac005009d6114119ba241ec83fe9a5
masks/lung_patient_left/512/montgomery/0069.png,a20821b8e40b05d9de3a24b52937eaa268eb43cd241cf538ce34bc5e0c4c595c
masks/lung_field/512/montgomery/0069.png,342b8f1fce427edaba3c18f99f07fe6c3a57e518812ecb7cead29f8df3855a64
images/512/montgomery/0070.png,6f2892fa03b660edbe9619fa10d8b39e1e424808a54252f25df6332bf8017853
masks/lung_patient_right/512/montgomery/0070.png,34e4186a4af7ae89b2c7c2df8840351c83efd56b3073416df2bccb2d803ff869
masks/lung_patient_left/512/montgomery/0070.png,94e08a111817dd6181443777bc21ffb5d3a79b11a417823115aef8d92323b47d
masks/lung_field/512/montgomery/0070.png,0c5e7747c9f1be8d364ec996a936e6ca9e125c52e723ee526f046822e3fec9f8
images/512/montgomery/0071.png,b05c1f31f5e09daba0848978c30c7e4d39e42715fb6a24b870deadacdcba2ac7
masks/lung_patient_right/512/montgomery/0071.png,0ec66523cc698bfd846eae1f8b7bec11d0e14e63a0a8e4f6a2c22bf054c057b8
masks/lung_patient_left/512/montgomery/0071.png,09cdf5874cdc5d663505eada69043f8326e360565616d7766b55009a0edefaf8
masks/lung_field/512/montgomery/0071.png,1bafc3379a8e472638e34e2cc1dc782ec303c5887b4df9c29f4bb8b2cb207187
images/512/montgomery/0072.png,add60e974728c5d8bc055ecf81a97dc5bb191b10b397d134bd2da2ec4ba5a10c
masks/lung_patient_right/512/montgomery/0072.png,ef9c265e800cc26461ea617e1957eb091053c7e72f0f668d69d52c252d8bf43e
masks/lung_patient_left/512/montgomery/0072.png,2c43893abf1b89eebff987f3d67e497c3f3d75e42c1e568164e46f2b8068eaa3
masks/lung_field/512/montgomery/0072.png,5ca0ba10c4cb4f0fe26325e458cffc8dfd62372ad0a9c985577d460838706f6a
images/512/montgomery/0074.png,fdce1c357b3c5a5527b8ace178cc1726cd57b8a4539b59c4ea286b2ad419bdc6
masks/lung_patient_right/512/montgomery/0074.png,dfbb6fd60b90be3cbbd5a38ccaf5dccb10363c69892c59fc86ad46d2dd52b4c1
masks/lung_patient_left/512/montgomery/0074.png,761dfc16f78d02a8ccc15202308b6317500e5ff075e06febeb09c0d941c84e42
masks/lung_field/512/montgomery/0074.png,525acd39d77436b44dfa0588eee5f70e19e402161f57a9eb860144ed991a9a01
images/512/montgomery/0075.png,0775267d3596289a8841c5f019efe89daf6998e96a64e9d46eceb24d0c1f56ae
masks/lung_patient_right/512/montgomery/0075.png,06bbb3eb235dfb623eb1be1856fe284c0683ed62abbcf9219fd59ff2206c36e7
masks/lung_patient_left/512/montgomery/0075.png,02e0cdb784e86cebd1c4cc31c090444be3751b320811eb50a94f193dcea2924a
masks/lung_field/512/montgomery/0075.png,b40cd14d71294ead5764765bc0268a3b89e78121b76e162b6c024115a0977e27
images/512/montgomery/0077.png,d8aa6e6bdc96e5afcffac0b0c4fad14265b37967488d9e9017933f9c29b924d2
masks/lung_patient_right/512/montgomery/0077.png,2ef051b73c85fac3d841ba7e575a10c25a0bf4065d0b9efa521cf8bc23a74d3a
masks/lung_patient_left/512/montgomery/0077.png,103ba5c95cda9a135c9472fb0b252fa78864feb922549aefaac54dbc22b19ab1
masks/lung_field/512/montgomery/0077.png,6932186dc33567d90f5ee142f6503a4d81adb7808be4e175df6b4042a6ef0e97
images/512/montgomery/0079.png,dcea02810a0b1f33f2531a062bb53b09465ffcb49504f175a97273a9afe5e25b
masks/lung_patient_right/512/montgomery/0079.png,8ef8af663c6f09a5f30b82dea259fac5fb5461def087baefa3edbcb0a17622c2
masks/lung_patient_left/512/montgomery/0079.png,6e723a6ca72fef70a3f5c9f8ec64eb81f7faae7f9bbfe6491da2787c57b9d207
masks/lung_field/512/montgomery/0079.png,2b8b458aefe0f0ceb6758ed4ec135fc1ba05c3a4ca432aa19f4f769f76e06fd6
images/512/montgomery/0080.png,1e945e915e1d2bd460527edd7075868b3157d68bd4f1a8984b353e0050b850c3
masks/lung_patient_right/512/montgomery/0080.png,53fe0057ee75c5439b54f77a5c30222e18ae13a3b415f638762a3f8da50adcf8
masks/lung_patient_left/512/montgomery/0080.png,c933cbe7582d9915235811a6b406c47e53dff371202a8fc272a7bd0e276a8069
masks/lung_field/512/montgomery/0080.png,d62592f0a1fdf712706c24bea5c94f703a3353c778c42d6005093ea2ff6a3102
images/512/montgomery/0081.png,fe7c8ccd46a7c42aaae6adbb90fe590548673a4bad228c573a62bed3f9f1b6de
masks/lung_patient_right/512/montgomery/0081.png,a3fa43722313826e1423bc0fb99ac6405158a615df4e32055781b4aa04a9e0c0
masks/lung_patient_left/512/montgomery/0081.png,4b007df2a014c48c5d9fd0270491d2c829bd22a6fcc3345a2b4c0b8c84daf696
masks/lung_field/512/montgomery/0081.png,4e3fb7f17f2404122c3981ad8e2dd95475b6057f3c49d429727a61b3ef07f57f
images/512/montgomery/0082.png,dcd7dd7adb396afcd95130486a553181069f0dce4767ed9920937c530dabd543
masks/lung_patient_right/512/montgomery/0082.png,aca47c67bf95a331a89ad36eace805efd41dd08d6e3ebb7a2cd34c457cfe7dd0
masks/lung_patient_left/512/montgomery/0082.png,210c5b0d19cca5ffb2bff83f07f26a991a2dacb3065526b9affcacf9d3857ceb
masks/lung_field/512/montgomery/0082.png,2b288b5512077d58a1bf5a77514f4a213bb0bae6bac48845b633e9635409adf8
images/512/montgomery/0083.png,c468a608ae860712a7e5b8472de601a625c2053423634546abf32d4ab6d5e7c6
masks/lung_patient_right/512/montgomery/0083.png,12eb865c7fbe5182504acdb9cd7c85f9390a5c6d8bc006d810db4bc2ab3cabb4
masks/lung_patient_left/512/montgomery/0083.png,c5f7a5d9ac0a5c7eed913d46dbc70eefa084a8722b8055153bd81bdc0e95ca78
masks/lung_field/512/montgomery/0083.png,d6c3009ada4d1c7455f53e325506b35cd759bfeb3fe8bde63c02d33d5c24240c
images/512/montgomery/0084.png,e9ea34e91ea20193471aefc8be4f5e6b5fb44041913c24ae678974ff91d73782
masks/lung_patient_right/512/montgomery/0084.png,de6cbd535e6ec3538bae8b8775cb00ba9604f487f569fd3418f4aafa852afa2c
masks/lung_patient_left/512/montgomery/0084.png,1568a87721d625f8505f01dbc679b6cac06d943da703a1a51d80055bdb3a156f
masks/lung_field/512/montgomery/0084.png,898c0dcf0b2e26a3f0a545ff5cbcc18de2aaa62555ed2077375ff93637ac5ebd
images/512/montgomery/0085.png,8b36d137152f225bf24d9c25358719f0fe5f029ac0c23115697138e1df592476
masks/lung_patient_right/512/montgomery/0085.png,b7a639116ea7e9e284173267cc70d7e25738806e9d3b1a7b26b974e66f8a0990
masks/lung_patient_left/512/montgomery/0085.png,c595e53df8d15faf194ae2c30ae5391189bb2ff24eef54f387f1814678c65f0b
masks/lung_field/512/montgomery/0085.png,757ecae784e670eadf628d090d917a595bc0f2f26e870861b2f63f5a75c57e60
images/512/montgomery/0086.png,c13917549224440cba8082c1c025084d695e11cf06335dffbd5e8bf6ce01ce11
masks/lung_patient_right/512/montgomery/0086.png,4b678966bc6b43fe57f497cb6a34b86fab8ec2da56448100357eedf568750438
masks/lung_patient_left/512/montgomery/0086.png,c68ec9affd34aaa2111f51168263837809db59a59037d9a5268a3f606c2e3473
masks/lung_field/512/montgomery/0086.png,4c6aa8e1396ee389e7494dcfbde35823193327ec3e5d2dc3ce99124a67ac11d4
images/512/montgomery/0087.png,cdd34b7c3b24f49d0baaaee89d62210907190d649b3ed53b69ac71964a79902a
masks/lung_patient_right/512/montgomery/0087.png,fc5538c23535dcf3602ff343d12ba03af72eaac55f396112b74c37807f5179cb
masks/lung_patient_left/512/montgomery/0087.png,132724d1589cb7b2476744de5cea06ffb7d8d80895707a4e514e64583556992d
masks/lung_field/512/montgomery/0087.png,2090e1ae35fd9ab961a139b77ec9352aab328558c2f4a15a89c0896d4167362a
images/512/montgomery/0089.png,7499cb3b3c790897aa1c92c293a616a3aa5f2b38d2e5a6238fd49cc2a438cb15
masks/lung_patient_right/512/montgomery/0089.png,fa036c14235c1a5b85ab5ec87174f35ae5743a9152cdff4c81f2dd46549e2b0a
masks/lung_patient_left/512/montgomery/0089.png,cb1725b0f91d15836a1105bbfc9c3a9b78edda544c092b91a773a7633ed8429b
masks/lung_field/512/montgomery/0089.png,da65b41576494a8de0bbaf2c39a6236ee53cea71a7da866d85c9cd8155f86f5e
images/512/montgomery/0090.png,21b38059afffec9533cb5ce567dba003b22459e1c2d6886b2748d0900ab101ba
masks/lung_patient_right/512/montgomery/0090.png,4297417d8e955c0dfde1a8df24d5ba0f9a91b1764b30f49cab2058d21fc5be8d
masks/lung_patient_left/512/montgomery/0090.png,d08c7570af8ea060b409c3043eb5e659207bdd89d774fd57bc0732325c7fdbcc
masks/lung_field/512/montgomery/0090.png,b540d4ed82229ac058873bbf4d0dc821f8980588979161a1e6467367cb0c301a
images/512/montgomery/0091.png,e5a6629a0881f66d50473e9f808a10f4b8f485004a2f6adc06d708eaa989be37
masks/lung_patient_right/512/montgomery/0091.png,32dae1e027f6bc4f8d9415448b4e9aff3a4760279b73de5d335a09bf14146ada
masks/lung_patient_left/512/montgomery/0091.png,7ee8e88cb137268d8411c3301a0bcb4826e406d33057715101f63910865caebe
masks/lung_field/512/montgomery/0091.png,119c7954daa51d92569f93ec56d996ce1bb07687322a0f511c095e28a84be6a0
images/512/montgomery/0092.png,3da287c97cb6816e95b0b633c5a69427b67e39274c96298f4b60187445355a28
masks/lung_patient_right/512/montgomery/0092.png,42afe3f7b94da1760d31f9e133a5288b47e8dcee6a5dfefe71dc8122c52c07fd
masks/lung_patient_left/512/montgomery/0092.png,747d197f5712b372957ea27438495af4ce88aa45978e37558e5ef3a2aee71b00
masks/lung_field/512/montgomery/0092.png,c3a3bfb7d7ced867e8f2c6a58281a92ac0ef96880d13342c5fb4d44472e6d861
images/512/montgomery/0094.png,749872f6d14929a2016c895594572035ea507b28a4a26ea269c55d5977a420bf
masks/lung_patient_right/512/montgomery/0094.png,37d7610fae4996365a1396414c1f3caef7abbf42fef3dbf0d8a14dc10ce4f1f5
masks/lung_patient_left/512/montgomery/0094.png,e22bc0b814b510c45b04d239873a76f045605804a756b81a4ed6c84736c007c9
masks/lung_field/512/montgomery/0094.png,0f5764ab9f24f029da846b186f29b273186c6bb281d981140ca45cafc5f31240
images/512/montgomery/0095.png,9d1846cb4965fc1432a2030fe35c8a361069f663a5727181ac62d2b5773f7f51
masks/lung_patient_right/512/montgomery/0095.png,b0b2cb3c7458db64f0d23e2e37b01f377ca08ac9bcdcf6ec68cf3b2281fca0be
masks/lung_patient_left/512/montgomery/0095.png,9d7dd3561df406c2b3a2f45c9c635663d6a9f8054f8c4deadde384112279b904
masks/lung_field/512/montgomery/0095.png,08a0777a55357b02128c8cd51d7d166dedb31c28ad4585f2bd5e317e009fcb9c
images/512/montgomery/0096.png,a774a139743a335642c8d1d8e71b7707b81a2bf1dd114d32082a3879a388594d
masks/lung_patient_right/512/montgomery/0096.png,224ee0d72d16e23dd3d11f97624d1ab3437248aa8ba8d8cb1cb2bf786d508ef1
masks/lung_patient_left/512/montgomery/0096.png,7f35d8ca2d8b876f136f25a83aa3463dad309adf97bd370086d6dacd03a7ee0f
masks/lung_field/512/montgomery/0096.png,b174b50448f03d0c9aefa46044352246548109557d50301eed00c53ada080187
images/512/montgomery/0097.png,b1d8d9664e1932919f91f7d7bac99d90959076250bbe2572983fa1c19a01f0fc
masks/lung_patient_right/512/montgomery/0097.png,e674991dcf55970b22bffe82822fd7074ea04b55128e84c718ce7b0024e7c56f
masks/lung_patient_left/512/montgomery/0097.png,1bf1ca98d105332604452202e41270b3b716477350f989dd33028b1281bedd91
masks/lung_field/512/montgomery/0097.png,2be97193854a2064f024be2e95d6d5015d22aa5c4984fd1d21a5a5cb2b689ce2
images/512/montgomery/0099.png,2a62b04fc06ada0a2e1480d758adfad30c1a7dc630955c711e7a98eb96a59124
masks/lung_patient_right/512/montgomery/0099.png,2f891866ab23f8d84fe6ab04e0cac125286bda3423efbe1ec65f3a64c716f857
masks/lung_patient_left/512/montgomery/0099.png,5ac04cc24711b30f2284ab1ee6b36470d547fa6ad96d204c18cc89064581e60c
masks/lung_field/512/montgomery/0099.png,ad8ed218ed978a151e26b5384bbeb51dd6155003af74948720eceecca3cda641
images/512/montgomery/0100.png,96a2bc85d64e5a5a608442fc6cb87901a5b2492b9e65ac9de8ececf677996cb2
masks/lung_patient_right/512/montgomery/0100.png,a3ab3e8d56e103e9222542a8dc60d92ac66e2deabfbc6f8c0beb1dcf2f5933d1
masks/lung_patient_left/512/montgomery/0100.png,5fa08a88aad8db670c772e7d3d48d34db5d3957d2fa818d3a739bada65558b9a
masks/lung_field/512/montgomery/0100.png,87e9c3ffb46ca3b46f6a1aeace5cb479f7e281356e32b86bfb6b0d9a774d4bd5
images/512/montgomery/0101.png,1e222ff81f4828bc355dcfa523291ed03c9f80ab9426305511a3168b60ec6e9b
masks/lung_patient_right/512/montgomery/0101.png,2b88b13c64cea2b83776530f906111d68b15242502e838be21736a6c25973024
masks/lung_patient_left/512/montgomery/0101.png,0713b237be8265a4f2966be16ba49394d84c685c54e3724f29dba5d87a064acd
masks/lung_field/512/montgomery/0101.png,aa810533e052cf504604f3875ceacdfc1e1ddc6a4ee832c3ecb6463652a6cc4b
images/512/montgomery/0102.png,5ecccb622cc223ee2bbf905dfd345aad1410e260fbb075d1044debb42a73bb77
masks/lung_patient_right/512/montgomery/0102.png,d518929c1dc1ccc339f9a841cbb70e70c1ef146cfe42b6f100143765c6696d6d
masks/lung_patient_left/512/montgomery/0102.png,87c22049486a2a8033059df7c485a25907e0392c98c265c892866c0549856f5b
masks/lung_field/512/montgomery/0102.png,c501d48caef39d3755e0bd935474071cc6e68dc80aac7d682bec10b63d3848de
images/512/montgomery/0103.png,642a16bbed1c58a09b7dd13def5e26a5e8cda601e443250ec01bb63c48988163
masks/lung_patient_right/512/montgomery/0103.png,92f9a9ec878354dd84d532244372475b31acfd1de1793eca9d5c47a42ca4db83
masks/lung_patient_left/512/montgomery/0103.png,f30e4ee0991d804711b19a01214e29fc9dcb7ec8c4f1f2f7e71e1b1ed8cd8d36
masks/lung_field/512/montgomery/0103.png,9eb4694e6d3b3881c4364e1cd2e19812e1b6423bb138ac56d69b558fefcc8f64
images/512/montgomery/0104.png,bf3d3889f99608bc411d4f7b3b07dda1edef2052c47b8373104b637eb1d6f17a
masks/lung_patient_right/512/montgomery/0104.png,9692f752e1973467e77f82572a87ac2c8606db155a0b777544f45d8854c2a010
masks/lung_patient_left/512/montgomery/0104.png,5f4ea00ad18dc0ec82f709438888ed483c893c4318e4ced7509f94223be98c43
masks/lung_field/512/montgomery/0104.png,2c8c852fda6a6a6f84976420d3e77ebec0216d53f24b8cdd17acbe6de27bc7d8
images/512/montgomery/0108.png,920f8b039427dadc4731cc830c15a42960968ffd048255e54a7cf89297385855
masks/lung_patient_right/512/montgomery/0108.png,2907a528eb37a778df0519af05d7e18e6de6b2e1a817ab566b261b79d05cbf57
masks/lung_patient_left/512/montgomery/0108.png,aac4e8e9e927be834ad549677bb4ac1e9c983f90c949ca8606cfcc7c03c58e16
masks/lung_field/512/montgomery/0108.png,5741d8fa6a9ea08c5a7af3d304311cfd9da29dc17f25ef02d22de1282f311f00
images/512/montgomery/0113.png,e82d66cc12a8ce353eb7515172faac6b330ef73daccd84f1f9cdeddbc966796f
masks/lung_patient_right/512/montgomery/0113.png,93c49248618fd8c0def52d6f1d0e874c5048049e981f23bb02626a31c6ce86c3
masks/lung_patient_left/512/montgomery/0113.png,b268cb1bd929126202cad8174152b47e148b8d7735943e49d09ba41e832ce7c0
masks/lung_field/512/montgomery/0113.png,edc5ca8d26b10b4fa4a9285cf81a864778d2b0d28a06a0728be57e0b6eee69ab
images/512/montgomery/0117.png,e0c041515dc665adbf228450e28988bff8190ee276555df4c56deb9947cd74c2
masks/lung_patient_right/512/montgomery/0117.png,fd8d77d525c9f367f032c17d20ea7d98d2c53382758a9b407bff85686fad9fb0
masks/lung_patient_left/512/montgomery/0117.png,dbd751cc2acedbdde32d32e361219ded68fbce2fb2e842fe8514b368987001d3
masks/lung_field/512/montgomery/0117.png,0e73382b6fe3c71c879786aecf0eeb4802ac2d071667567834e01b3dfdbce972
images/512/montgomery/0126.png,ad3b6440e7b24af6ed3e972fc59b4089d362b8a3bed163d6a0359ef5d9bfe07d
masks/lung_patient_right/512/montgomery/0126.png,803c7d2f8a7c064003a92f25c30dce01e113281cd3717d4d4d9679f5a6578ab4
masks/lung_patient_left/512/montgomery/0126.png,06f06c030b7f06cb2c8d173058e15c36ff2435a5c9f8b82157bc2bf0b5c70b97
masks/lung_field/512/montgomery/0126.png,a5a2411c17452194661c7416ba27c5d2b141e6bd9803c18a19d96af06ab13b50
images/512/montgomery/0140.png,1b8d42ca267acc99f4b69d7cfbba85c291216a0e4c4abf4287c7c2bd63191762
masks/lung_patient_right/512/montgomery/0140.png,93ee67aa38f1442879810b5c3194319c98b0f885b5562c1e975af38110946643
masks/lung_patient_left/512/montgomery/0140.png,d8697d38b9f024e2074583407bc80b5ead8424092a42eb6b13704e44eb7e8644
masks/lung_field/512/montgomery/0140.png,9d1c4d385f23884127b47113792f64c85b4dac7204cccfe85d2f6bae2a28a3f6
images/512/montgomery/0141.png,ea8eac4f3c7474c191878dd13d8c109c4fd3f2614e5db8b14a541bd3cae96e67
masks/lung_patient_right/512/montgomery/0141.png,7bcf15996f8a997d086c53b6bf4245a36cef5c3647b7c5782b857ffffac7c0c9
masks/lung_patient_left/512/montgomery/0141.png,024ae734ccfbe54bb1e76211602f7644d1cd7bf2ddf9d1b0f60c6b775a4068d5
masks/lung_field/512/montgomery/0141.png,f66aca7462fa02fc62d8eeb2a0b7dfe8d3b8cf5cf5507d5cb02327b9aba3d51c
images/512/montgomery/0142.png,42ce2e737cecd8a17a515964ef0155f52cbb1cd4ab4b450b206feadcae260c3a
masks/lung_patient_right/512/montgomery/0142.png,45ad0a4221c7cc5079ce71512dcc315b2f1c7e37481879380aec549d1b302438
masks/lung_patient_left/512/montgomery/0142.png,deab088b0f63979cccd1d11f5c291df243cfdc6e0f8fa902081d5f05b09ffb98
masks/lung_field/512/montgomery/0142.png,346f4669d1244ec1f5a5b6280de94b5df65ef0ccd14635d4a3926104e79bedb5
images/512/montgomery/0144.png,0fc305f11301672e95bf757182609e21658ff6e3572bcaebac3be882ff3764b8
masks/lung_patient_right/512/montgomery/0144.png,df2a8485af8e1029172df29c87ee906ec0ddf704e18e992a2cf6879a51232a9f
masks/lung_patient_left/512/montgomery/0144.png,37833326b4175c607d9a2e880dae126c4e524df8120d99b62a67a6959a5df22b
masks/lung_field/512/montgomery/0144.png,a5bbc09913e847c7b2dcdfd9fada2a19c7b1ca4192c54537ae88847d142729af
images/512/montgomery/0150.png,76da7a658bd98c5f7dc75fbd98b2035600faea90898ffd762008bf44ba4fe9b2
masks/lung_patient_right/512/montgomery/0150.png,b6d0be0e81c796fceb8c4f63dc599c9d2a459eeab30be5715c401e77ed430497
masks/lung_patient_left/512/montgomery/0150.png,6a306d82abcbdd265a0eec908e5086d728f1904fa719cb3e7fde564e6ab42a40
masks/lung_field/512/montgomery/0150.png,0ff8ff593440e48ac63f322880aa26e13e102f775eb4a2a33f6ebd40c1e619c0
images/512/montgomery/0162.png,dfa4900371b6ce25fbdc14d7d9b5698af6d981ee3165e75626337c100aa4f61a
masks/lung_patient_right/512/montgomery/0162.png,d184302d82ed140a242cb3d6aa95558cbd75ff8ac7b44bd883cda7618bdab287
masks/lung_patient_left/512/montgomery/0162.png,a48f9b2d64dc994dc8d25d457f18fb1b739997f207ce64dbc3c59ac511c0058b
masks/lung_field/512/montgomery/0162.png,9fd212968761fca5ae093f1f6ec01328a4b5d20aa855be6c88c9416ded163f06
images/512/montgomery/0166.png,189b8f9652a4a8fb78db8dea82583a06156d86726613cb2c68dd8f7f65313fc9
masks/lung_patient_right/512/montgomery/0166.png,4570f1be4ab609a97bc1896eb765af6b3c8c2cc667f26a106ffa7dd2b6734e8b
masks/lung_patient_left/512/montgomery/0166.png,c0b8e1ea1fb670d2d0d9cff439ddc880f4fc7f93f67e273e152deee5f336d476
masks/lung_field/512/montgomery/0166.png,b88dea7163cfe89875fd31815b5b70969161972f6c2253de75860bdafb71a56c
images/512/montgomery/0170.png,273f3a1ea22dc717dd455ef544c2b0508fac7f6f5a9da0a6f491a9b40877d0f7
masks/lung_patient_right/512/montgomery/0170.png,7ef95ee607209b5785bfac1aa9d2b42eef4e726be4779563828013c7804941a8
masks/lung_patient_left/512/montgomery/0170.png,e11a661fa96c5a9af02bd06b6cf8a2ff3f9713d8f1eb7d542878f62fa9ea2d7d
masks/lung_field/512/montgomery/0170.png,7a49b907a0c2a5cc713c5f1d1c3c8eb72f14700b07026ad087c7c6f431360852
images/512/montgomery/0173.png,7c88bf9bfd93421036c290d6ad1fef49171a4cc4203bab389604e318675025c3
masks/lung_patient_right/512/montgomery/0173.png,410ce93d41457d93b86589ac1da9d0c4caeeff9398d06f6ee794d91121770e6c
masks/lung_patient_left/512/montgomery/0173.png,b54166aa785ea24ef49a9b06a1b82e91ad00a6f4903f161ca19668f3475011e8
masks/lung_field/512/montgomery/0173.png,c6e67a634f94b1b907d9c2918c70b51ea9bbe19df8c88dabc6b4adad1ee5a64f
images/512/montgomery/0182.png,49d9e01a6142c7658d8f33e802f5a31711f6b486dd041f16a31822437d543581
masks/lung_patient_right/512/montgomery/0182.png,2ec3ead5454aaeb12ee40f3d8991c58df54631808e028e9d92d14f78e6d0faf3
masks/lung_patient_left/512/montgomery/0182.png,af5602db31d3114a8b266df588e85827ccaba264931570c2c9d6af17efda2b4a
masks/lung_field/512/montgomery/0182.png,7ee236fd2d4765b32111f1ba0be34c80837d170b9345baf5dd50f74410817cad
images/512/montgomery/0188.png,c659f5489ee8c0241437156e0ce7b67101473143df68a296bbff8d997c7be362
masks/lung_patient_right/512/montgomery/0188.png,7755a5a3f5c7e38db1e40cdcc9920e5e0f2729f963e315335112b10f789bda06
masks/lung_patient_left/512/montgomery/0188.png,bcc70f4c8dde575011da63e7383ac59f5b683bb27aef352333e42fd041627d5f
masks/lung_field/512/montgomery/0188.png,f3acdc58caf5415750482823345797c0e1f306fb914218c1110d7d7c837f0b00
images/512/montgomery/0194.png,51213093de9687844f365c589fc12486622d9b04b86a42fc70f2b0ea8e12a680
masks/lung_patient_right/512/montgomery/0194.png,c082e45b51324c782df05be928620a697cf26856bff6f7beb415338d4c655183
masks/lung_patient_left/512/montgomery/0194.png,7b2061dc9da56daa9e859b76c09abf6a41d50745627900e6d06424a7b42c2f75
masks/lung_field/512/montgomery/0194.png,28ee7cfcb61d9c2419717a681d8fbe7c345bc23978152741a231079b2dffec82
images/512/montgomery/0195.png,9a7042e36bc04cb19017b648c9cde70a1fd86895436cd1c90be16468ba76d2eb
masks/lung_patient_right/512/montgomery/0195.png,d75016358ceb3ec2cdd20501aa8f12e1f313b30efb2283e83fc3bc4b5a57631f
masks/lung_patient_left/512/montgomery/0195.png,7189630232eb762ab79066523433289fd58118835bb3df85e554703663442f16
masks/lung_field/512/montgomery/0195.png,dbc5a1db7598ace22e116b6d629f9552561970caa2792bcd6be353a633367449
images/512/montgomery/0196.png,61ed0750133873ece8e68a3a4b65f0954f9d1c6ff423beb89b5fd5059f0332c5
masks/lung_patient_right/512/montgomery/0196.png,273cf5ddc29eff3e245d1dcfa770187038d6e9ed5b22ecbfb2cc65863789594b
masks/lung_patient_left/512/montgomery/0196.png,abbde409bfda7e92c2bb6782f814e616e4037cc59b7056ead3e8f0580f4fe22f
masks/lung_field/512/montgomery/0196.png,2fff6d2b30e79b163943fe0ddf08dacc2bb80e7f34e761159b24f31f961f835d
images/512/montgomery/0203.png,0e6535084c46f12f6c73dfa03f6dc337c66c612b4ac0fdbeddc7588e2fb46088
masks/lung_patient_right/512/montgomery/0203.png,2f40eaa04a76a301f3b7e7a4bc7abce897c03e567c121a96e34020468fff6695
masks/lung_patient_left/512/montgomery/0203.png,7c0b0e65202a980a5ab23bafa4dc9094a05ff8465a76fc5387626fc958e82b43
masks/lung_field/512/montgomery/0203.png,78e39da3a15f522a5c19afce3710f5856efad66ea1d42520dffcc276f7dc6090
images/512/montgomery/0213.png,b4d10b39a84182e70a94f96f53a86317266192434dbd67fe4bcdb932082fda40
masks/lung_patient_right/512/montgomery/0213.png,c687f4e4be931e5c91f227dc4e3149b3a55be9e2370767c72cfe83740dd252eb
masks/lung_patient_left/512/montgomery/0213.png,f86fa4784d414a6b44be3cd6da0e9179583e74f019fc2abcf0badb10e6ff366d
masks/lung_field/512/montgomery/0213.png,029009162fd41a4fb510f7858f6ea30d85fcfa30ea3218e9a348d2908c6136e5
images/512/montgomery/0218.png,05f7ea097c7f27a587cf40d9e6e46bf1964baca17f411f3451992af485ace424
masks/lung_patient_right/512/montgomery/0218.png,a665bb386427b4d8461d7c2efcfa38639056e2458c52518df514ebb19e2fe8aa
masks/lung_patient_left/512/montgomery/0218.png,8b935b10e3c7a33f8d7e0395a6c6a963c6c348fbe33e41d7f3424acdbe3840be
masks/lung_field/512/montgomery/0218.png,0749555cd148216bf4fea5b5edf845566e19762443e1133b1bdb2a0eb1a2708d
images/512/montgomery/0223.png,fcbef004e9c60f3db3c91a0c1c8a504b82b0981cb4948ae003e220481e6ee929
masks/lung_patient_right/512/montgomery/0223.png,da36cfb86a1e0c77d66a5b34f0c8d45471822c2ceaa438ffdaf74b832e61f51f
masks/lung_patient_left/512/montgomery/0223.png,4d9d17c7cf929fa18626c4faf8b89aa1ae66bdb2b5a92b934e32e8a134b2264f
masks/lung_field/512/montgomery/0223.png,7b90289df7f02059d91ccab55aa1a82d9492a0d055dca474c04c73732228e5d6
images/512/montgomery/0228.png,631812746a74ff0dfe2798e329c6c3f4eb9c348b6b1a331eaf9f6f1c9cc48873
masks/lung_patient_right/512/montgomery/0228.png,f32446735fb7aa6f4eb82f83e35ba1b65b3e70a39ecee9558c03dc9105102696
masks/lung_patient_left/512/montgomery/0228.png,27e97b7b2bad2727d1809619b3f926922f4602630a031458cdf29f75cac87f9f
masks/lung_field/512/montgomery/0228.png,315b936d7381a2da099cdfc882b4ba159c7a63ea048dedf3e0f4421ae1fb94f4
images/512/montgomery/0243.png,74d62a07e7ba5b9f679c6553d1cd6c2c7f0136779fe7980846a465190d846bcd
masks/lung_patient_right/512/montgomery/0243.png,56d82e936216a1978edc561eda38881a10d155722c30fc74f5d9f68e7715ad82
masks/lung_patient_left/512/montgomery/0243.png,b598f6e1dca384497ac5f2f92ff817800eea4d5653693de6e2fbd1b964e1f47e
masks/lung_field/512/montgomery/0243.png,d1d29b784c5277d5a186dd7a7dffd9815aa208f71e71386a4b614725a1fdf28b
images/512/montgomery/0251.png,190fb4a3b9453f69725c378bcf22972cec38aeaada838385fb5e86d837751035
masks/lung_patient_right/512/montgomery/0251.png,b847ef38df955b313b48c01a0518b469f3d4d5a4b257c1bb3f662883c893e0b0
masks/lung_patient_left/512/montgomery/0251.png,6483e6d151dde38c419b16418b5bde7c743a5e0b110e666981440f1f39fee831
masks/lung_field/512/montgomery/0251.png,11c5e6504eb3af0c229e297e27feaaddb777f5bd732c122836582b020894e65d
images/512/montgomery/0253.png,44cb359dc5ffa7d3a7c7fc0a4260eabaf5af7056bee0a69c66a14109cda76af9
masks/lung_patient_right/512/montgomery/0253.png,4745ddb698f2744fad660f5f65697bcf0761c571269b9442e91cb0ba4df17e69
masks/lung_patient_left/512/montgomery/0253.png,23855fdc71b4589927f206a9fedc91b6e59089772d70a751cc54991035502d56
masks/lung_field/512/montgomery/0253.png,be7e87bfcdbe240cddab266dbfd86c354f75d79ed57ebeb14228515b90845d64
images/512/montgomery/0254.png,0ac3f3fa3fc910eb02c8722d87cd6b253820cdede085c26313e8e978885f7fd4
masks/lung_patient_right/512/montgomery/0254.png,bafd332dc0f17741bc2befe749ca2c95910ca64fedbade748e6b38fce0620096
masks/lung_patient_left/512/montgomery/0254.png,c388b2f7495f209f7084329d9dda5c46e1eb93ceffd0f9019f9c726aeb15471e
masks/lung_field/512/montgomery/0254.png,1423fae2291876816ce6df6d36e473ee3c20d47056205959168a4db54516c347
images/512/montgomery/0255.png,6dd065ec58169251c72a09807df7bb04a8cdec14c61b06159ef461c28cc968dd
masks/lung_patient_right/512/montgomery/0255.png,2f747441df39872707345f90e177fd268b962cf0ba4de7bd47325e96bffd6d09
masks/lung_patient_left/512/montgomery/0255.png,18190150339cfd8a70e219fe697fcea3f4225dfb900241fb6d5614cd1f90ca5c
masks/lung_field/512/montgomery/0255.png,3d1608941f4297807fdf65795f0379d478037361322ead223f2b3e9141af33ee
images/512/montgomery/0258.png,585ed64722a11ced122a5b48e5ed1e2465c88e7c4c61123d24f7eea16bd4cbad
masks/lung_patient_right/512/montgomery/0258.png,d2d1336057373998b6341a1d92aabfe4e04b4e01564b4fcd90f0f717a0ba553c
masks/lung_patient_left/512/montgomery/0258.png,efd207fc9cc72b8d691d840eacb179295fde663b4fd560b3f6625f59de8a4eec
masks/lung_field/512/montgomery/0258.png,c42090ad94c72962eeee62d4e271b4cf3eb51f1cc75d4266f19362c27be67c3d
images/512/montgomery/0264.png,095fb6288f80178bbbd349f7f89829f3850978de1412daa95020dfde4fb8c55e
masks/lung_patient_right/512/montgomery/0264.png,1bdb619fb8dacebdba9895e6728be4342be3048a7bcbbb376b440a710e6f834f
masks/lung_patient_left/512/montgomery/0264.png,7e1b9b9d76d30d3333a21bea64a05f7cf13e5f9c468ad01e13cdc2739cb5802d
masks/lung_field/512/montgomery/0264.png,f0f97e0f381e0bc61110548fc7dedf86ef70c7f51d077fed14276d7413c7854d
images/512/montgomery/0266.png,acbc68b247aa5f7dd3f6b33bae29c4cd2bcf23dd9bb792b339457c047f922a13
masks/lung_patient_right/512/montgomery/0266.png,da9d356dbda001c5a46f8e83bb42f362ea8e7273b828be2485a270b3da678a0a
masks/lung_patient_left/512/montgomery/0266.png,5f298b9a77f207145bf6dba627fc03034a17ef99cdcc7cbc3c4247a022bf71c8
masks/lung_field/512/montgomery/0266.png,e0287b41d4a4027c89439c533745a0e8e39e673b959d222782f11fc53ee8e585
images/512/montgomery/0275.png,d674b1870264266110d94299b7b928799172ffdac6b6626facd3900ea2d2a0f6
masks/lung_patient_right/512/montgomery/0275.png,a1389238640686c2a2ef17caaec5f94b48b8b93c7eabcff5566cdeb9e0c4150b
masks/lung_patient_left/512/montgomery/0275.png,2f15231167b8731ed94f91a9198a8d16cda4d2285b9747708baaba708004b696
masks/lung_field/512/montgomery/0275.png,605f233a94bf95777c994000c21d816b591713f878063e38ff96a2fc5c080b37
images/512/montgomery/0282.png,ec5dad6857e848a51f6b6f46ce949dfd008c89763717c82023522b3774b38083
masks/lung_patient_right/512/montgomery/0282.png,63b1d5f584afe96418ffefc1eafed2153b881d6f67568acbc9841f2c404f7eb0
masks/lung_patient_left/512/montgomery/0282.png,10b9979315df5f43be815f52207026e500b0066cb0f6cadbcffc855685838c4a
masks/lung_field/512/montgomery/0282.png,32dd90627147827019083691602947131c76a7135a546805bceacaf2067f88be
images/512/montgomery/0289.png,141fbb91dc1c24a15f49fe5f972dc400f389ced0c8a02a4dfb629daaafe8c25e
masks/lung_patient_right/512/montgomery/0289.png,ca2f3d54f3c3bf6ffedefbdd2bb3078ba4ff3d05479a1ca24eca86bd258646ae
masks/lung_patient_left/512/montgomery/0289.png,718a88334afdec1f3e6f19d8403801121ae87b0ad0cc2481df6085889dfa0dea
masks/lung_field/512/montgomery/0289.png,2f181fdcf1fafe616c174ce052af2ea7e825580570ac6590c96fda5e37bde5b7
images/512/montgomery/0294.png,3f4fb7ec75b008fa42981d95882075cebcb99965d780ada1247f628e4a30547c
masks/lung_patient_right/512/montgomery/0294.png,49b44a41281855feb93c65778bd4aa9d2922f32c4e0aa0abd4cad91d1dc9ad59
masks/lung_patient_left/512/montgomery/0294.png,0b5a2a1d8aa26d6544d8d4778ff52b834dc2a69a6f75f9644f614073ececc783
masks/lung_field/512/montgomery/0294.png,d3a2af9e84a78efed6a07beb9d66fb5bea94f8132e66aa453dc5b5e58d15102f
images/512/montgomery/0301.png,df04c2f2c05c800af01a596ead7ea58970e9610bf3b4773f9e63bb01b1664035
masks/lung_patient_right/512/montgomery/0301.png,3ae33872dabd1eb8348b56bccd0700668702bdd7399dd331f5f80e75f83d0181
masks/lung_patient_left/512/montgomery/0301.png,25a8b7c960a23e9b1a8700b1243f3c32ef7a7efb15e9b5f7b2635eb10bb89589
masks/lung_field/512/montgomery/0301.png,19f8065268d61f45bb2eb48cdd8296266c44abc4fb2b6221b94173ebc065ed52
images/512/montgomery/0309.png,f6141a8f5eb665977418626eef33b5303c23a3ed0e397552d11dbbf7f573a7e6
masks/lung_patient_right/512/montgomery/0309.png,699c5669369a8fa0b93b0ab023615cd8b5d34aadf75159c376355e2107803998
masks/lung_patient_left/512/montgomery/0309.png,1b6ef362176eeb67b1584032d4c7f58f94e2b9d3146df5cf22deed20fa1f15e3
masks/lung_field/512/montgomery/0309.png,5281dfad622b18e114054cfbb1681ab58e4d29174a9417a67f05c6ea1f4614c6
images/512/montgomery/0311.png,d697735df628fbed18b1971bb250e3637abf28494e0be4f1acb07126ffdc9406
masks/lung_patient_right/512/montgomery/0311.png,a6f05e317f8f32cd4d602f1074a0f29e711f14a5d549fb915c6b862959544afc
masks/lung_patient_left/512/montgomery/0311.png,46f718425e16aaefe40c79d70307989c3190f6f71fd528b9f86b6da903ea56c1
masks/lung_field/512/montgomery/0311.png,9b7699cb67349070db4ae87c87830b2fd652587790b37343ede5c208752bf728
images/512/montgomery/0313.png,9af9904eb1c75ee3e99932d146cad222b60c6b356fadd40fe1db65a5bb1d8706
masks/lung_patient_right/512/montgomery/0313.png,26dc27214ce87a565bc6e1e452ab59137eebba3c9d605e831781d62c6d81d3a8
masks/lung_patient_left/512/montgomery/0313.png,c6699f11ab2fef6fa64f660d3e910f23630078217a959e373cd25ae1c8f49ee1
masks/lung_field/512/montgomery/0313.png,a7c442a8613477edb2438b5420ecbbf6e0650dbec85f4691a6e51c1121d73484
images/512/montgomery/0316.png,54baeccffb9e15c9882b45d15acf279299cf7d314fad6b01d8f13ef5bd584bee
masks/lung_patient_right/512/montgomery/0316.png,e4fdd6124058840f7be0b15a7da775bf4d4e1ba19c65e5595f2fe82062c3afaf
masks/lung_patient_left/512/montgomery/0316.png,a32ed39df7b35cfb01a8feb2c1f22a142477c052809072397aa4c926b0a3dabd
masks/lung_field/512/montgomery/0316.png,f84c4dbed567a5cc9e7eef079f38321f21fe88b9a38dd64ac1fd7a6c7554cf26
images/512/montgomery/0331.png,dedb9e2a117364aa4536d7fec027d44028fa0be29b85c437644c62cafac1a204
masks/lung_patient_right/512/montgomery/0331.png,e563b62116fbb01428b33b5df95e5a7a1e7aaecef4b5479cca3a51377ce0ba26
masks/lung_patient_left/512/montgomery/0331.png,2c57738b56ace8fe5750fd29d6c2115372885c32b9691db639dc4e41a24aab9c
masks/lung_field/512/montgomery/0331.png,b33eb085607b089e34cda8a23c0def4c22a5456b7b0b2f0f12f01a0b3153a1ae
images/512/montgomery/0334.png,c03b355d87f3a6a5e434d4a5634c26956340139f134e1c573a8957d25baa8a12
masks/lung_patient_right/512/montgomery/0334.png,b8855adf8b31b49bab90537e9f8404d9bab609a87d594e3854ca9ea05b6d4bdf
masks/lung_patient_left/512/montgomery/0334.png,08d8e83685ea54a55759a0fccf36d390ac755b09f67c1f91882d24cc0406b4fc
masks/lung_field/512/montgomery/0334.png,7246b45b5655a914bdc1e1446e5104a806ee1fa057a999224e62ccddfb1370c4
images/512/montgomery/0338.png,02b825246b07734bde8979ffb888bad7eb277b35899d3613298cb97a73949149
masks/lung_patient_right/512/montgomery/0338.png,39d9b157fade7ba0a9293af227d2b5e82311b18cdc546c5fc8d815ac8ed6d9fe
masks/lung_patient_left/512/montgomery/0338.png,4e6b0fab7a0b6f98e16ca8d469bb40cef95b62f18d956490a51a071060743b8a
masks/lung_field/512/montgomery/0338.png,bfc8bf4fa285d0819927bc9eb718343b4bb9f7c512cae637ff890b0d6ae02705
images/512/montgomery/0348.png,bff121237320612635c9f178805a8988d10b96dbe9bc654a6e7ac8b6777ec71e
masks/lung_patient_right/512/montgomery/0348.png,096afe0a00ab65f928547e8a65b2ffbeba079bc54b1f33382749b95171a41f01
masks/lung_patient_left/512/montgomery/0348.png,505c65729ceaaa0400abf92fb2b3fc41d55dc7df09135b28a5254282e525a0ec
masks/lung_field/512/montgomery/0348.png,500f1a1abd2ad0e07dad184374fd1182ffb92bf59f180cd2a72643cf7c991ed0
images/512/montgomery/0350.png,3fc0df2a81cb359b3d4e1b48d85b29816f418c48600bca4a97a03852bd14b4f9
masks/lung_patient_right/512/montgomery/0350.png,fda89b96d65109d89609c59bc5569ee65de139c05ecef878a2006d9a0462e233
masks/lung_patient_left/512/montgomery/0350.png,bdd16138a6ed658c98d0ff51ffcffe0938a013e3dbc6ac0e757df752c122b343
masks/lung_field/512/montgomery/0350.png,ec26b899607a0e9145a22a38ac5697591f81deb1fa3315377ef1bdf30d5d90e1
images/512/montgomery/0352.png,5094f01735f9bdb52fe49415603db82d9150ab0100b95a1ee75ba772f79ab5fa
masks/lung_patient_right/512/montgomery/0352.png,f370683b19261905bb91c463d40025efb21156a2c3de3107b273d739c92537db
masks/lung_patient_left/512/montgomery/0352.png,f8888c9317c9ecc8c873d712498ba81269a58ed3fbf5073e3b691ee697781963
masks/lung_field/512/montgomery/0352.png,dfc787055db94f271e6b66dc8043362338850f66ac7780f8271e6ac1b80b2dbb
images/512/montgomery/0354.png,53f9f02939af3edb2f332576c1de9607ad9c641c4f17456f1747401f4a9393f6
masks/lung_patient_right/512/montgomery/0354.png,6afec106f2062b470f63da6521c0254aed1f69310c7cb1d8ec27b07a432a738f
masks/lung_patient_left/512/montgomery/0354.png,301849aff643603bb623fac3036172ceef61662e946028345d3695c299806951
masks/lung_field/512/montgomery/0354.png,a17131f8b0e594b3160eb4768a74e1d47b4181841e7fb60117b29c8063d6363c
images/512/montgomery/0362.png,a6f33dcb363a2eac3eab543549f9fa01260349e242ed9e87b8123eb61d502799
masks/lung_patient_right/512/montgomery/0362.png,49d3c47a4ba72e766c99735e5a83589b494b5ac834a21dfb21d905bc3f338a66
masks/lung_patient_left/512/montgomery/0362.png,2e3131af02176698d84131fb8bc3a96761551dfd7bb3e7f612c3178920851c72
masks/lung_field/512/montgomery/0362.png,997f1167d9f0fdf6188521d243d663d14cb0ad6fc78d8939fdbe247ddc39c72a
images/512/montgomery/0367.png,4d1dae8c9533fd9c503387c5343672ff8bde18e4ff9775316e8fc10fa9a6c937
masks/lung_patient_right/512/montgomery/0367.png,c495b71568d74dec112c4f44c556bdca8109ac25b8a257917ae1997fa9a441cf
masks/lung_patient_left/512/montgomery/0367.png,87841fab8fd5402629dc3dff0914fbb1acbc2b397821586d052743999239780d
masks/lung_field/512/montgomery/0367.png,7f7f1c7107e234f409e2022788b5592fe6487f152680a80efa4968ae9bc3a751
images/512/montgomery/0369.png,a94a48fb785b4de54803c463a49bc2360a2a81c23acbecbc52c7da9a1e14d047
masks/lung_patient_right/512/montgomery/0369.png,a89c88a85c4d194c149862fd6c00216987e3c74eeca45d7813868c92fc0855b3
masks/lung_patient_left/512/montgomery/0369.png,30356ed36b90accdb31a382e781eb547171f159300d3baa4e49782b4d483773b
masks/lung_field/512/montgomery/0369.png,c6e51fddebb3a85563e8c65522332e06437b19a2f40de42793ebea75d9aa73bd
images/512/montgomery/0372.png,961307f09c074e15af2f96263af4da3e8892cf55fc130ad9ead3a9e285fdb181
masks/lung_patient_right/512/montgomery/0372.png,e78f9efd098e71a523caf618d64f9bc87314fa4478f1760f4d43c5825baf377f
masks/lung_patient_left/512/montgomery/0372.png,f1c35ad0bc7ac4cfcdd4e41485e354bc5241e4542e9f865b4abbb106d670cb2f
masks/lung_field/512/montgomery/0372.png,f724add52397798ebfb05773fb544cc944be5ce738b4bd1b86b2c5087409ea3b
images/512/montgomery/0375.png,5f78e6f6ae8aa62a13a00afd19e945a7f966114fe86d24f317dda785298bef25
masks/lung_patient_right/512/montgomery/0375.png,506b47543efc44d08c8f9e88437846ee1561ba310f7eeba5a317d0ce9d6d2978
masks/lung_patient_left/512/montgomery/0375.png,e3163e8a6a423215369523acb896ea768dc7486dcdfc8c255cb3d26c3cba170e
masks/lung_field/512/montgomery/0375.png,30c2304d6059a0178eaa35028325004f9a6ba02b16ffe42ec5c4d13897e36228
images/512/montgomery/0383.png,a3f563ee6b829f4fc01dd339baa84445790d3a5836d9b6707a6a3e43c5711aae
masks/lung_patient_right/512/montgomery/0383.png,9d7bf1bc75f8a45c2f042248d9a2b97b26816b1e5e2bc41bfa0a21d27b47aae2
masks/lung_patient_left/512/montgomery/0383.png,362ff25d3975cdaabd36732bd7fa9fa7cca1fc889cb0c583c988a6b21a30fef8
masks/lung_field/512/montgomery/0383.png,2d13c9fdb367c96fda33e44d7046b363466142ed0f30f3df5adf76ed873b2b6f
images/512/montgomery/0387.png,07fc7fd2c5e82d03bd47ba8287e3a315116085b8ca8657f4baa858fa65bbab65
masks/lung_patient_right/512/montgomery/0387.png,d8c4ed6d07de35c2d6b2085e3e603ad37b84d15a177948387cb77fd3afc3ae33
masks/lung_patient_left/512/montgomery/0387.png,496063ff7c36bc6d252a9e622f4f1fe7699c9b044b0e1fa2ce73ba64c76ef1e1
masks/lung_field/512/montgomery/0387.png,b6a55474aeb3e9b3f75d4552eccf7af931d12fc0b9edd441b7cd67dcc8b8d260
images/512/montgomery/0390.png,c935a3b0f1c84c73482030edffff14f486b3e6028360b2e092522a6383ff2829
masks/lung_patient_right/512/montgomery/0390.png,0f73dbdfb02680ccf2d7264cb1d61be5af4564a144f0a33e6a0672a72d92db6b
masks/lung_patient_left/512/montgomery/0390.png,e82cfcb5f53da27c00f54dbbbfd174ef431a6cf69ee597031bbd9e51c59f1fe8
masks/lung_field/512/montgomery/0390.png,0fea6a6a8548606631a98ccc2682eae53f3fbf7b78d26aab6eb7a6ac56213764
images/512/montgomery/0393.png,67eb285809964ca64131ec33cabad4331578fa6ffccfd7c0b668372fc3c9c80b
masks/lung_patient_right/512/montgomery/0393.png,c7587ae4f59a33e423a0d7b928a2365806580b0942d1f1d7634edbb6ae0bde57
masks/lung_patient_left/512/montgomery/0393.png,03bef0d77b82195c3aba34fdc1ef69140cd733153efd6a5dc92062604dd3f69c
masks/lung_field/512/montgomery/0393.png,fae05e1c86b507e4be058bd62b9b827de48a2d6fcc98071d390d5006170d413c
images/512/montgomery/0399.png,defeca2b260a16974a0aa6116bbd98d4274ebe3365c73c69753bccb612478a04
masks/lung_patient_right/512/montgomery/0399.png,f7afea1825d33a51f40087ced1b40cc8a5d01fd9195d06545d37ad344cf0ff1b
masks/lung_patient_left/512/montgomery/0399.png,e53f795db4824b2ef40be082123e22d8553b6441483e23280ab2e8e27c193f11
masks/lung_field/512/montgomery/0399.png,0c895cc625f2901b3085c2b0b6de6a75f01c5e0ad5457ccbf006ed4d813069f5
images/512/shenzhen/0001.png,7008968666ece01724a08bc800c68119fe7ad8d2b99a7093e0c109e24a08f356
masks/lung_field/512/shenzhen/0001.png,4546edb53fa5f86a32e3ebfef0eb19e6ebfa243c62d21a68376b4a4aee006529
images/512/shenzhen/0002.png,24c8ad1f58b448e2d1d68bd26a6bc732d31b7726015ccfa0f5d9cfc5d4ea90ce
masks/lung_field/512/shenzhen/0002.png,31d8937f3b330c3270ade3f348c9358f7a3e1e7a341c513198cd06728c75b971
images/512/shenzhen/0003.png,449b7606189da52fc96f6771c988ddf5b0fe3a8e4442e18d801e703368066259
masks/lung_field/512/shenzhen/0003.png,9bd105f6134aeb651ee3702993c61b473c9e631a68b15adef76fafc40a094e8b
images/512/shenzhen/0004.png,2a6f165541332a26280c8100170c2674df85b3f147ea7eecf4a05f65177c2048
masks/lung_field/512/shenzhen/0004.png,64c61293e2f0048b1b19945092d47ba8a29c0f6cef13e7bc7ab8b7a245606246
images/512/shenzhen/0005.png,19af43d2daa3d4bd68804aa22231a1055414b256dd229d1f15ccb4a6e61079a4
masks/lung_field/512/shenzhen/0005.png,dfad712aa2499cd9aa481c053d92c313dcab1fe75c37c6975caf4821e265c93d
images/512/shenzhen/0006.png,29f6a8ec48f8717499b5c99bcab1f77a27ca0afcad436643c70de25931e88df6
masks/lung_field/512/shenzhen/0006.png,848f717b4905519078344314aa1da14e17ca865ff2cdacd257afb1dd420dfc52
images/512/shenzhen/0007.png,8f641278ad277c5f2740a4eb5fefb9bb1e1a52c20a896fa546cd81e2646c452c
masks/lung_field/512/shenzhen/0007.png,9b9c8cf08690a0f0ad3f870cdbd56a51546cf1c59c8caf8fc9809de996c3104c
images/512/shenzhen/0008.png,4fb467ed9b45626ba8baca221c474a591e6df50d8033ff59990314073d7e361f
masks/lung_field/512/shenzhen/0008.png,f8d6107d167d549dcc73283c28280748f9988cf650b6d3186036fc5d4e1052a8
images/512/shenzhen/0009.png,c1c77beb11fb2a026fbf9f687d5ab012eec09e5121ce4b0c556aa44de59c36ab
masks/lung_field/512/shenzhen/0009.png,51311e20377492a52d21a71b41d473c9cf5d9173c8fa8a6c404c581a3deec42a
images/512/shenzhen/0010.png,47ddeeb0ea6181b75d28d2f0a5e4e8dd980d6cc36d4a2e71de84d60c4b91251b
masks/lung_field/512/shenzhen/0010.png,bdceb01708d05ab6856913c90f77e8eab57e3d8aa3f2c1de17586a443e52d888
images/512/shenzhen/0011.png,2b0104cf87fb5b8fd258e1f4d1357ec8882104fbbcecf04d2c7c95411798654f
masks/lung_field/512/shenzhen/0011.png,4225a2d722012b1e8214539f9f85b886d555bf51fdaaa0537ede545dba6b2390
images/512/shenzhen/0012.png,471c7da6d2b6cb002bad8ffa057bcf1f1087ef443ed7cee0bb97a94345f05d5a
masks/lung_field/512/shenzhen/0012.png,2f03b8125190fac4a5bc9dbf75a2b8e919e2072adeb88e12c7f2185ac8b821c4
images/512/shenzhen/0013.png,7e30b8e9184e893ef0471ef72d561d031ffaf173be021458f127d9980a9ffcb5
masks/lung_field/512/shenzhen/0013.png,79a147a31c58ce4d2057433649800da5b74e12a7b3727fd5728ba35ee962a683
images/512/shenzhen/0014.png,efe6980478a1ca9d6501e34d77eca96fd3f0e4c49a6e9e09bb3a0c47757479f2
masks/lung_field/512/shenzhen/0014.png,4ff51d4783325752c19c71d482e5e6a7a57cb30bfa31b1796db27d543166d055
images/512/shenzhen/0015.png,898c5d8830618343f7eeeaeb490a0f58bc0b2428cc9d227ff3f846f090a7b00e
masks/lung_field/512/shenzhen/0015.png,961359f06e68f661bad2018d761b9acea0e231f2e00db81dab2c5a4d381a45ef
images/512/shenzhen/0016.png,7f4cd4c347cd3a1f1c194a0be14bff3b98aad3374cb6b7cda7d5e25e2539708f
masks/lung_field/512/shenzhen/0016.png,103f89379528115bfb69bd9f87bb59066cc2ed947b1ddb653a3c0a45d61c17dc
images/512/shenzhen/0017.png,92876e29b5791eaf81c654343a63faa98d9f2d139dc9be9e40d1ed5b6ea486b0
masks/lung_field/512/shenzhen/0017.png,adc193889f9c8a4476d1b772d1b30c2e4081098cd587707e90ffbc1b4b453a66
images/512/shenzhen/0018.png,3d2c72a4ef12ab1a869a05d0d010673142c8112ef684c2319aeb3dfb6a4ef8c2
masks/lung_field/512/shenzhen/0018.png,8ff3629e2e17a686bb38e38ae9a947498aae9ef40cebc2df8d332b80bd932abb
images/512/shenzhen/0019.png,4a1e64e5164c7a695d6162e584bf7403d0cf211763fae76dfd2d309ed9ff9c90
masks/lung_field/512/shenzhen/0019.png,3094241625fc642e3f2e52813e774acfa4f4deba2bd47e3eba59fd6bca6ad2bd
images/512/shenzhen/0020.png,8ee543cc2d8748f58d6135961dd55e5775cddba8e6ff11b77f0b09c40ac8d65d
masks/lung_field/512/shenzhen/0020.png,50d287f77c9eafb99f5ddbd54cc27c9bb302b3d8ea48cf2d8f86c87783952d8a
images/512/shenzhen/0021.png,78fa2efd2916d1363c604850abf29ce413a5570cd7cea7ed14a9b58b4118573a
masks/lung_field/512/shenzhen/0021.png,38e21276714e33201f0ebd73b8258d51cea44eb1accbc8769aa4ab9c2962b75d
images/512/shenzhen/0022.png,851b77ab8f4d7b0f3d01151caa8759fe2ae513dbd1e9c84eae42bd5974c2b54b
masks/lung_field/512/shenzhen/0022.png,01b5338538fa25cede1c0f81a59a0f4a971c7176e4df87acbe72f5d8a41fc94c
images/512/shenzhen/0023.png,d8704f11e2a32dd2aa0f66aff5850119b89c30b25751fb49736ccda3a95a275a
masks/lung_field/512/shenzhen/0023.png,5a6c09c55558f9468850f9edac98347ebbdb86640ad06a8c010b1cfd25885e36
images/512/shenzhen/0024.png,c1c4c1313689480d6a80f95aab60605a2665f7dd431ece9d3aaa74282bffaaf1
masks/lung_field/512/shenzhen/0024.png,2b89f882bca5c920b2b5ccfcdb1755306afd902c8d8773804ead99d16e988a91
images/512/shenzhen/0025.png,97205b0c74d45209380234e18dcef54e441b9f06693a572a0d8d2080d642a8f7
images/512/shenzhen/0026.png,f017187ada52cdd3ce82017bf54f1b451197fd33ffa39bbca205a96c7eb3a74b
masks/lung_field/512/shenzhen/0026.png,a36dcafc48d9ecc5f14606a0ba8ccfa95b9e429522c136efbe7a969cf9a74377
images/512/shenzhen/0027.png,cc4b9c95f259f37fd2ef28c15a15d5a75a31c177106c2ff02e2b68edb5921795
masks/lung_field/512/shenzhen/0027.png,b5b7e834dddb1dd60522de4b453534817364a1acca741fded27d35a5104e0db8
images/512/shenzhen/0028.png,6fe9beaadc04cbb315293413368dc76d99599fe333824da5fab9ceba4932526c
masks/lung_field/512/shenzhen/0028.png,554f9f8e03174fe732a6c6bdc38aa86677b38d151de89bbb3cd3d573468aa4b8
images/512/shenzhen/0029.png,7409126ab6b85ddc4e7770dfdd442295a605328dd060aa28add536c2680eb43a
masks/lung_field/512/shenzhen/0029.png,9ef7996f736cf2828c68061fd928766eb495ae18574f34cb40c06e27965c7096
images/512/shenzhen/0030.png,1d8aceacc0c0ce25e8b0b95622965096be7484a3d858b2d3302dd9b5e458682e
masks/lung_field/512/shenzhen/0030.png,df21d48b3425618cad3ca252a4d232d947f0b702444c973d3fe4168c02940878
images/512/shenzhen/0031.png,ea8fbcf4fbdea2de3670896051631b949ea8714f5a4940d72dec0b8f54c2b037
masks/lung_field/512/shenzhen/0031.png,aa02b6ddfc22804aea8b86303a0bd7d0f7b6dce7e5332cad369c1a17de23a137
images/512/shenzhen/0032.png,3d843c86c94ffce452f5e0ad16b9242fc57fbdcefb83abaed9e8e159c45212f7
masks/lung_field/512/shenzhen/0032.png,6465737bb4cbf1fd46e4761b873b55af115ba70d4a8575ea5d9345b578604901
images/512/shenzhen/0033.png,a641e192dfa3c88e8877dd7a4613bb69b32e68856588bf31d9acdf54db4cc4d1
masks/lung_field/512/shenzhen/0033.png,06bd09b099b63ad40bda4c7c61d87415d0cbc5117119e086f3c797565a333474
images/512/shenzhen/0034.png,cfad237c57e079b272f9b8dd97a5ff0616513cc435b71583b4d14ed32c16bca0
masks/lung_field/512/shenzhen/0034.png,fe1390fbc6ec8c952e4f4f5a8076499396e248b9b0712d0eda7fbec1e18a8430
images/512/shenzhen/0035.png,8429c4c71c1dcb1f1bba29a0d73d13b8cf282fdb288a384df8d9e58d11a92609
masks/lung_field/512/shenzhen/0035.png,47f5b840512b183d31702ec53af234867c4ba2bd5a94ce00dfac7eeb3b0c47cb
images/512/shenzhen/0036.png,865faddb47c639af7f6a9772183ce4dc4403a5a3cfaa0c34b4cd4f8cb057f0e8
images/512/shenzhen/0037.png,f70e0db155aa6a49d5e76584e95b41ea18ccf15a9261b09f721a5fc613bd96e6
images/512/shenzhen/0038.png,b33df7352eb8c30e15be16e52c2b507d597dbd521286ccce6995aa1c9208b5a4
images/512/shenzhen/0039.png,83b3cdf2cb1cf6c69bcff075d52a2c339b65e280cb8631b7ad5af0f2f7cf9a3d
images/512/shenzhen/0040.png,92e846309884a2cd3827d421b6feb4126582b65e0c7473a3fedb857d1e5fecf3
images/512/shenzhen/0041.png,12f1059554fb3f1cce90baf67c0da4eeea5750ab95497ddf742d6765c5f327f4
masks/lung_field/512/shenzhen/0041.png,a4af31dae311840872b000fd73a49645bb86a59b1485bfb6616bdcf0b420a2cc
images/512/shenzhen/0042.png,df6b72e6a9861b75564231856beac16fa8900294823b24bc936e69a4939d07da
masks/lung_field/512/shenzhen/0042.png,228b133f3c020d5c1a88c8c3d8f79efdaa1237057caaeb6d8bb875447a17bc8b
images/512/shenzhen/0043.png,7852d655dd1f7fd55731c16dad2a3c8fffa975d0e4ef71fe32dc48a0524ebd5a
masks/lung_field/512/shenzhen/0043.png,5b1062721ab1ff83abd246128ad777b29229e2f719d43f7ef5c6858d23e340cc
images/512/shenzhen/0044.png,ce0f3b94e53c854af6d38605bda4745320a1dc3188979d0943864e31fbca8699
masks/lung_field/512/shenzhen/0044.png,7f713421178a8bd70d5bcc17ac344da7359b55a02dc3c2ad54c88b5f650f8316
images/512/shenzhen/0045.png,66069643d823febec32c4ee13766398fb95830317caf3212369aea29eda986e8
masks/lung_field/512/shenzhen/0045.png,d9fe8782830a83eed042f36e52eff535100ce2957d0f91f32d73a11ade0f7a8e
images/512/shenzhen/0046.png,a76b0731e797c28cfd610092ceb6b83ce526aef35d2d272c7baad81d7daa6a8c
masks/lung_field/512/shenzhen/0046.png,8793d390d27aaabf4e0d205e89e52a656d2030a32604012d25ea9359bbe40f66
images/512/shenzhen/0047.png,cb4008cdb95f5e5a16352e95c2436330efab81907e53229980f0825d65602c55
masks/lung_field/512/shenzhen/0047.png,ce3f01ab7eb375cddc09582e5dde47deae3ffbb80a12cbfab04bc43e19343437
images/512/shenzhen/0048.png,0832c1ba3ba03bd0c29af7205c1e737f40079b38e0f2ddf4dfe86a5e273cd0bd
masks/lung_field/512/shenzhen/0048.png,0c7e3a4d77b0c4eb52b74c511cec8646a13eeee24d6eea2a84f0e701fcb82633
images/512/shenzhen/0049.png,125ed83d3bab7c43a668a330a6a2777ec9dd614be62ad08f18dba135853196d3
masks/lung_field/512/shenzhen/0049.png,9dc74dccdd2ac1320c6e518773346a6356bef9739810b12cfb590dac97b4862c
images/512/shenzhen/0050.png,a833c54a0ccca526fd376450ff322b809de4fa46bac0e350e4745e432c2a43f2
masks/lung_field/512/shenzhen/0050.png,3aaf155b7ee6bc16cc6238b3684c01f6385864bc19dbad7b4bfb03a76e2c65f5
images/512/shenzhen/0051.png,28b702e69baa50baa9fec670e6b9bae9c9f1ae80f31a5b9718f6c1a7229e8a2d
masks/lung_field/512/shenzhen/0051.png,7cb866068ccef37648a4067dc071bc4abf06b9ffda098c4a02c633621682759b
images/512/shenzhen/0052.png,94def757d13a18ab2dd9d2498241eeaee4259c6fd3573964dd0e6d40e7730f40
masks/lung_field/512/shenzhen/0052.png,b5f62afb4e06440cccc76bd349c0e8b8f278390ece6cc3f90b4781e5bfaffc5a
images/512/shenzhen/0053.png,3bb6476a98b47861ae614f651c947e43369d25f2520e47d1368f9ec2c44c49fe
masks/lung_field/512/shenzhen/0053.png,09121ff7bfea3ddec3bc89c2abf986f42efeb3fd9221c0eeba1730b8329164f7
images/512/shenzhen/0054.png,1df2443d9a155b233e8ea160dc85cabfa6827e21262513a68de84f58b8478325
masks/lung_field/512/shenzhen/0054.png,b9ccd1843ddcdeffbff3a9e284c3f1c6be8c1e6eb05dc95b9fcdce9481486dc0
images/512/shenzhen/0055.png,f84d0704c99000aa377b7c49b4a016185d82da6bf8d769b5a0894b16ddde8d3b
masks/lung_field/512/shenzhen/0055.png,c1497cb0e0a80598040607f3bf229b9b573dbf726a50a68ecbfbc118363f10bf
images/512/shenzhen/0056.png,ef56c6322d43bd7f3ca2f745708f50aad210eb9de8fbaaa2e6a2ea5f7c421b08
masks/lung_field/512/shenzhen/0056.png,5c542447ac302e119f4878c565c809fe72ce4dfc9453bcad9ac811dd2c492ca6
images/512/shenzhen/0057.png,e6e7bb6ccbf6e825444e35fde9eb28fda5d4fe7c2387185f01304321b554302e
masks/lung_field/512/shenzhen/0057.png,739e4a4cbf23df0051e1ffc23ef826a63494c2d9d8053cabd85f1db2e349277c
images/512/shenzhen/0058.png,5f84561ed19b68edaf88596dba6c68340fbf8734d36ab95a05329cd6a232df08
masks/lung_field/512/shenzhen/0058.png,e86c088d95e8b1c62025e388794e2e07e77f6a0848a46cf18dfc9f540ab9d20a
images/512/shenzhen/0059.png,e95ca157f8fec414b979f1b6bce80ef7d7fca082bef421406e831fe5a474506b
masks/lung_field/512/shenzhen/0059.png,451acedc1e1ce4d8bec9c4a550ab1a12f2433e4dc17d0c30b0d9e3e73b1e67b2
images/512/shenzhen/0060.png,b74026070daf0d5637fa308311e05ed035b553de5e7ab9b824701fde4203f0fd
masks/lung_field/512/shenzhen/0060.png,4fd74ed72010a8db2fa711d994b0c8a53d19058567f702a8f46d52e14071b6b2
images/512/shenzhen/0061.png,a3bdc0d87215a8e6e818319770d80b0b5d4651f549a73897be888c346b5cbebe
masks/lung_field/512/shenzhen/0061.png,c48f2336e9ddaee564665c463a1182d108ad3c601dcc867402b68cd998c63d99
images/512/shenzhen/0062.png,a1d56ece9d534be000badd299f36434c31e8c6327a2574404b50990c892a2db7
masks/lung_field/512/shenzhen/0062.png,6a238c6e5d920f32f805cb71114760f894209c09d9b0a51b9f4767296adcc929
images/512/shenzhen/0063.png,dd8d999c4dfb27944530884d397e74b0c8e7d4873c42cd4af4a7241a844d5a5c
masks/lung_field/512/shenzhen/0063.png,4406d25f4a5ae933c4579f3698d3d8417280b5ff0a0172418e5a86293b22f692
images/512/shenzhen/0064.png,6def989e31f383010e806c3023e8ec75b48ad28268e606d484cd3cc53e93ae36
masks/lung_field/512/shenzhen/0064.png,b65ec49d785140a7b557083f44b827d20835ef5ac83a129eaf63b2a5c312f678
images/512/shenzhen/0065.png,191d6672f374432757c96880981a6f0011daede90623725740077bf917c27a63
images/512/shenzhen/0066.png,aa5f4bdc4590be7e079f5fd865b25432c7b08048cb7de6796456473342a40380
masks/lung_field/512/shenzhen/0066.png,d00b9b7cef41d7b5185f356ab72da7ceb645d230674f13a12709969bd19b8b30
images/512/shenzhen/0067.png,3f75ff8b1cd75ae3be809db3427435de392e9b9e52e31abdb04207dbedac415c
masks/lung_field/512/shenzhen/0067.png,298b3ccf39ed7326c128e713397d47ec096b820c612533bb2d2402ccfbe16c88
images/512/shenzhen/0068.png,8a65bce29947f1e2043c7890680205f803949c25696abf69cfd7544eebcad830
masks/lung_field/512/shenzhen/0068.png,93377f118a9777cca40ac1d7b4845ece79fa053143e88d0980099831ba457ef9
images/512/shenzhen/0069.png,8df5bcbe23588962c83eed7ca866cf81bbd79fc1171914d269165c25beb255d7
masks/lung_field/512/shenzhen/0069.png,acb0b2ce59d352d6d25090e614e0d8776e2236b98010bdc2aff248e6905f6536
images/512/shenzhen/0070.png,8fa3cc53c0b1c84270d239e49920c906b8ec2fe467d136a82bfc0906ae00cf43
masks/lung_field/512/shenzhen/0070.png,27a75fa4570340c5b5eaa70d348bf719ad6bb83d1bd3d4c12523fc60105f6587
images/512/shenzhen/0071.png,886bb2811de40b2cc6dc3f70707cdef22c7f16d75b7c941f7f592c80633cb918
masks/lung_field/512/shenzhen/0071.png,b7f43e7fe36d93e45d54852a593d2b5306daf9c12cdcf0a826099af3c8f16b7f
images/512/shenzhen/0072.png,82da15766cf72836db56f9893ea63f13b841924db7af5d65aceee069d04c0d44
masks/lung_field/512/shenzhen/0072.png,2be6615895668cb21239a055bdac6cb159310ff1f30398af6734a44fc4e6eeed
images/512/shenzhen/0073.png,a3a6318f5a63ae9ea4d73a11b405b8680ab9352c1a53bef709af5bf0799b2428
masks/lung_field/512/shenzhen/0073.png,f2e3b900626185f687baca0322ac0fee53350b2d2af882b2a4e3a41a62b1a0d8
images/512/shenzhen/0074.png,97404e63a1b4fb543c387226c175524fa46b1dcb92f23eef36bfb3752bbaa388
masks/lung_field/512/shenzhen/0074.png,827fff3d8a485c0fb38d7fa8afba677cf7cbbdf556045cd413f713cb2afa8ee5
images/512/shenzhen/0075.png,ea0753e92c4abd345b15e92f8103c91b7ffefc0b0f51dfee9f4eec062d13b846
masks/lung_field/512/shenzhen/0075.png,7a9a28c6eb4d2e2a1baff6731f1095646f9501999d8bc03b5e383582949b00f0
images/512/shenzhen/0076.png,4317a85d3aff592e5ef417fb866c8844c47053af45618aa065213b1c4793150b
masks/lung_field/512/shenzhen/0076.png,8c9b9f8d08f4825a3cde5f693c2cc34b283cf1b1eb5ed43ef3d8aad4a7db817d
images/512/shenzhen/0077.png,f562a59d32c56a5e6fe7d2a0077e56bfbcaccb6d759e0c0d0fc5a7dd8d0a1e9a
masks/lung_field/512/shenzhen/0077.png,cf40f3beefa587797988b761455864f561a33d50669b33b98d0fa3fe154be355
images/512/shenzhen/0078.png,a6167b93cdc29ad4c02f3110bc7cd21d6b8b2e751dcde17b196f2b1495a7fd4d
masks/lung_field/512/shenzhen/0078.png,0cb0f1059cacc3a1c190b482132c88abb8848e19322daaae97e74c4612bb487d
images/512/shenzhen/0079.png,4b7075e5835d8cd79be0cfd00609d8228225483eac2a1e32253944f9865695d5
masks/lung_field/512/shenzhen/0079.png,94cf26721874939d2e4790fe4dfc257869471c5ac7133166c67a87741b64b88e
images/512/shenzhen/0080.png,2c7259b4b1a15ea5fd9f9acabd855e859196332902004984c8b427356fe1ed54
masks/lung_field/512/shenzhen/0080.png,7570feb81bee4cd5f387c304ef0a53cf8defd5f7e9954fae58ff5d808c96dfc7
images/512/shenzhen/0081.png,887276c37d92c55a4efeb2b12cbc94397fb3d9d1ffd7f5aa923f22424270b94d
masks/lung_field/512/shenzhen/0081.png,5c09c5e11b32af1f26af6b146539dcd700f271d246cc3c278b37c53dddcfc5bf
images/512/shenzhen/0082.png,b7d3908259dd9b29beace6ec39e0d347f57eae393d491d3a931072777e66efc1
masks/lung_field/512/shenzhen/0082.png,c404f26edc195811e0012340a49c342de3982c8dc3a1bfa4bf7d31e64e7cc389
images/512/shenzhen/0083.png,eccf923e8b76579b16e8cb1dec79b26a3af52a87efe4ab0074d8a272c8bc5ec8
masks/lung_field/512/shenzhen/0083.png,1567515a69f48780278967cf175f2c175818ddf965c6482badef5a5721d7994a
images/512/shenzhen/0084.png,d1caab8598b7f76d295fff3491c5aacd4affb20e6b2dac55e1c3b46c1df1e41f
masks/lung_field/512/shenzhen/0084.png,0acce21edf965ab05adabcc9dd6d2ebdf500dedc8579f1ce8f94ca09c3725e71
images/512/shenzhen/0085.png,ad74fe80cc6cc9f06ff44775448d938f7322acf18d06dbfd63357bf31409e2d3
masks/lung_field/512/shenzhen/0085.png,3b65855208267642461bf5c1a49421bc7d22eb0e7a1b157320afbb41d98eff8d
images/512/shenzhen/0086.png,2edf19e8769220a82407bc3e2eb2317bdb62af2398a50a10c105535feb90c124
masks/lung_field/512/shenzhen/0086.png,ef4c9e84d191be3c97506790165ed1948ebbddaff13b6213e8b1d37f1c8ad31e
images/512/shenzhen/0087.png,3a8aecc93d3c90911cbc2207380ebcf100c15fc1aa5aaa49e51df5f1280f94cd
masks/lung_field/512/shenzhen/0087.png,2600d615a752af8a256f98b73ece3d2249ca039e1d828e853a76b3349d54de4e
images/512/shenzhen/0088.png,7893d27d08457658e4b70bc0cde19badd69bfa03f2c6b2d4b5c92f96c6dd694e
masks/lung_field/512/shenzhen/0088.png,7f82f2c431a8b4aa2aa46ddadb039c5700fb3c5bb104685100c0529b28f8f07d
images/512/shenzhen/0089.png,badd8e212ae628437aa57a811433220fde2d765377c3967732d469cd2a95fc38
masks/lung_field/512/shenzhen/0089.png,0c9fc078a5017569bf9cf223c87eb47fd9b0bbd2af8d86ec2a881811f6255829
images/512/shenzhen/0090.png,b7b67a1ec89ec1607c32d696b9ffd92a823e701358287f1b9d4217f4a4d6153d
masks/lung_field/512/shenzhen/0090.png,971000fd1f6544e308716057fe7f1e16bba74edd39f9fd833ed5c4d785c74497
images/512/shenzhen/0091.png,a01f2f8d23a29118b103bbdcb6ca56245d7afdaa289aac97cbf534c19f4d21be
masks/lung_field/512/shenzhen/0091.png,444b3b12984676c4e7edc74b4b5756740a27df82f6175bdff709972d57ddbd3e
images/512/shenzhen/0092.png,af1b9ae2068d433d1ad6cdd7b20c302f0d08ff873f28ed57e5dde34e4e2ccd42
masks/lung_field/512/shenzhen/0092.png,26eac79ed9c60a46f35ad0c258f50a96dcbf4be9e0f176d16a8a25dbff44ecdd
images/512/shenzhen/0093.png,71baa219bbc8962843eea1d09c1758555a8d84a272f95824e948c547e5da4f5b
masks/lung_field/512/shenzhen/0093.png,f6b4545cfd6da69ac2c1765db30f18aa55248836424a9a81a096e077773cc49b
images/512/shenzhen/0094.png,bf7631c4e2cb26c1803a3739c9ad2e31ea9035cd4973761e8032c6afad0a4c6c
masks/lung_field/512/shenzhen/0094.png,04238f2ec5fb73ada9bc0adc826c89777170e9bda4ffc4a8633bc4718e12af50
images/512/shenzhen/0095.png,be08f9569c869c75fad5b96936fb042649cc541860b84d1698b148ecd4191253
masks/lung_field/512/shenzhen/0095.png,6829138217fa06468e15330a0757ec9a0924fdad955eaae41e1c96f552bf5a21
images/512/shenzhen/0096.png,c5a1c7317319884416363898bcd3fa081231c1f4633f2d18886ccf4ca1449fcb
masks/lung_field/512/shenzhen/0096.png,5e31ddbc023a77701bc981d6a0bbbd59d5f7ae17b23ad4042eb7e443c43b0600
images/512/shenzhen/0097.png,f0675d91097509c0d027b7973aa1e595a2e8e6dea05599e70a6142e752b86d42
masks/lung_field/512/shenzhen/0097.png,932196bf938d24a6b8f9d600705bb23480723a9d5006971f6b81ee5bf1c0f31e
images/512/shenzhen/0098.png,c9bea965e96a6592a3978cc880da80d247ce6fa51434a1070edd8539abfc4ad2
masks/lung_field/512/shenzhen/0098.png,72fe99db5a873e646cbda4c9b512ae43178b9c1b48468e2c9e4d9bd48f7d8b78
images/512/shenzhen/0099.png,d101eaee46fe925663eb82e13e1d56b48d25cfbb94f934e2df8befed65b08e0e
masks/lung_field/512/shenzhen/0099.png,a186f402099be6cf2c54f9ac4dd0d724d6403bfb0650e3696410b72edea302ed
images/512/shenzhen/0100.png,0ae347b9785e5021cc4160c59c836cddac92762450b82d8fb9e1a4aafde72992
masks/lung_field/512/shenzhen/0100.png,6ba1a4bae9b4a791c15f19ece0dd844dcf6c150ebe6bf7312c2aadce8652b888
images/512/shenzhen/0101.png,0218b5d44f3655cab8202f0f559eaab69dcfa70c048e7d8f4905da63be795c2f
masks/lung_field/512/shenzhen/0101.png,bf8b5375471136f22045dd0d68e7c801ae299b9f01869aeab6b7482b91c4f6fe
images/512/shenzhen/0102.png,3477c46995a82f84aadae101f6239fcea7d3f755f282701d2f59903a68058e8d
masks/lung_field/512/shenzhen/0102.png,5f59d15a20b430a37022ceff54cc5e31b312244bed6a598ad41201a9322c0676
images/512/shenzhen/0103.png,2d418f0703c2fbd5ed5b9ad610dcade3b0a64af6b672487833139cc6cac69033
masks/lung_field/512/shenzhen/0103.png,083b03b5d5eac07d9c21d3458f41088c688849f6b0f171842933c56859991fba
images/512/shenzhen/0104.png,b08ed4376bc2e507821d1644b59d52485383714d57542dfb592f3095ce58dfe2
masks/lung_field/512/shenzhen/0104.png,45b1b51168485beb0228a3fc621acdc4da46b1d5d0c105cfc3428171ce734192
images/512/shenzhen/0105.png,631aa12d152e62819256d14e5269e1164cac758e3caeb924cd767c7113473a75
masks/lung_field/512/shenzhen/0105.png,beb239e33e6b600d643fff1872c368596dc31b7622e6c773049d4790b8e08944
images/512/shenzhen/0106.png,afc5859ab228760ef635fb375fa8dbde78ce208ec30ba2fb8cf9b30bfa601a13
masks/lung_field/512/shenzhen/0106.png,a7e5cc7b3614499c74f314abb16af6777274ccd677c9ec3c4ac1d6d1a17af33a
images/512/shenzhen/0107.png,6f94ea0e3f5630fdec9f7e0d99685d79ab0b56b7779d4879eae7c0ff70279d29
masks/lung_field/512/shenzhen/0107.png,e39a991c24d03a494c3850fbd2087d08ae4eb4de2e7c789f14dff25adcd9aeec
images/512/shenzhen/0108.png,9ca78f87b4c8d36c1f7c93cb6c5cc534c241d24adb14c66d284f56fdec631eff
masks/lung_field/512/shenzhen/0108.png,b582e2432abed0d2d4e22f6a053b45463a282cd6bc17e57cf9b37f8afd820ac4
images/512/shenzhen/0109.png,bfc2ebfb602c06738c3c6e8a7dcbf0667a76c21bc71eeb6540ca9e6bf3362391
masks/lung_field/512/shenzhen/0109.png,bf559e437baed43c9a41189006e58dfa0316767514fe0f70a20be55386c1eebb
images/512/shenzhen/0110.png,b089235a236dd436556668dd17a39a257743fb7beb6cc7b605bc965b3ea12424
masks/lung_field/512/shenzhen/0110.png,2689805a75e4436b5d66c9d0b44b16dfd4e4376cb1f6b01a349fd97a127cdaa3
images/512/shenzhen/0111.png,0226e0a02dc9e4f578ddb26ad49a9401b55032fc93aa56a5296c97092b76ac93
masks/lung_field/512/shenzhen/0111.png,5a91d3d505845e9c28786621ef177bcae8931786d5202b01aae0c6c1c52478c1
images/512/shenzhen/0112.png,a4e39621e535823e51460a5d464e6a6b75bb10a8dbe362de90b22f062f0e5569
masks/lung_field/512/shenzhen/0112.png,d85baf9d6a080768949db090840c0292a68449a703710aa07d1e7a45d647c03d
images/512/shenzhen/0113.png,4e65ebfd7e01b90a42158e87fdbb9fa4f6dae380806cb20e82d42145e9be21c5
masks/lung_field/512/shenzhen/0113.png,ad73267ffe1ed5f842910e5077e82cdf40b8ad5a6edff21f0db54a61396d9503
images/512/shenzhen/0114.png,3171d914d1891b79b4dd7028e2a937c65970cec29cf65a7b6f6cdb51b1c01955
masks/lung_field/512/shenzhen/0114.png,cdc9b2300a031337be1f7c9f7ffda57b534599ccd7eccdd427aff55cad8b065c
images/512/shenzhen/0115.png,4f82e6bb1509a3609f8801ab3b903a0aced98595494151914f09a6c2fb1fcdb5
masks/lung_field/512/shenzhen/0115.png,6bb746c303995c1bda00998a1fc64be6dd14e5351acbeedebfcf4627c924a4f1
images/512/shenzhen/0116.png,4e3e6ae538ec53b2e9b9d52892306f34f2be9d3b0285f83758be54eb5775f873
masks/lung_field/512/shenzhen/0116.png,3a1dc3d5d0c2c81dca563916f6fdddd253fbe142e3560334688c6736466c9d80
images/512/shenzhen/0117.png,b1c55d058630ff10f75e32af3dd9f6afa2f3fb538f60937dae19f15207c3fa43
masks/lung_field/512/shenzhen/0117.png,3df8985d3301381d20a16f7f43d2d017cd2fcc1f968ad577f2ca19a4381dfeaf
images/512/shenzhen/0118.png,be6bbc17f0295ebd52d441ed1fa50793ccab66e298807bfacbb348c9e4ec114a
masks/lung_field/512/shenzhen/0118.png,5641e0851d139d9a743bcf8def05f36bbfebc4061fc1df76f6f97d422c64a68a
images/512/shenzhen/0119.png,7bccc17fbd6721cdf8c3c8d7eca76bc368cf8692fa3271dbcdc43dbcced349be
masks/lung_field/512/shenzhen/0119.png,f2238f3fc1330c55540fb54f33496f7a67aa88927d77bcb091fa1e4eacede4e4
images/512/shenzhen/0120.png,138c8e2ae8674fe951e1490661249c405a5c238e6a531a499386225e61ea33f7
masks/lung_field/512/shenzhen/0120.png,a5aa4e36de36148f6be9cb888e3c51d072224a34fc0d253647e5e3a9c43bad4c
images/512/shenzhen/0121.png,f77e050569fe42a3476988f2ad2b57aad2056333815d1163b5b293d3c019be2c
masks/lung_field/512/shenzhen/0121.png,becff0240a0f6e333cbfad6d744b95f8ce07d08d0af47622f9a4030bd71f728c
images/512/shenzhen/0122.png,65ec41b676a4ed976cc36c44c0ff863cf15b63ed784e4efc4667a03d23530ffb
masks/lung_field/512/shenzhen/0122.png,9e807ac016eb233d64508dfcf0d079331cc0f91a4805f41acd00a9cd0d1dfa61
images/512/shenzhen/0123.png,bb26f402ce9ea004649ffbd5c744d55cecdf2a2935ed9bf7c57efd95f1c83051
masks/lung_field/512/shenzhen/0123.png,99643cbc1ada69d9447eec3cb4adb800cc86961fadb6ad34067c91cc9c960c76
images/512/shenzhen/0124.png,d4fdbf9bb8def2f0bd8c3e9926447592fbd41e49018fafbcd179e000bc2174c9
masks/lung_field/512/shenzhen/0124.png,27795facb0078e7d741ce0fb5ac832e7fb4bd9cd7ab94cb112081fb6226a410e
images/512/shenzhen/0125.png,597fc51dc0cb5494d5a23285d022d229d3ba0ef77879cb28c883546e5f7492d5
masks/lung_field/512/shenzhen/0125.png,a7666941245859d49d830654c5ba8b216260033bbb45ff89dd6c71751a8f6932
images/512/shenzhen/0126.png,d8466ac96b7f00662954ec7a15a0c60a5c81e0c17b5281453b0e706e3ee55563
masks/lung_field/512/shenzhen/0126.png,8830a3f857caf02c9cc087086a3f69c93df075bf288a1472d743420abc0b8365
images/512/shenzhen/0127.png,aec28a40e72380cb69e92afb601892eff76f335ee88f27c062923fcdc38cca74
masks/lung_field/512/shenzhen/0127.png,e05b56c22ec44854f3d966463004382286da2767c73326700f0cca7ea9077a4a
images/512/shenzhen/0128.png,ff065fa63b4c367492d19a6b0ed6d693d11a04977139039e99ad4786d3759ce5
masks/lung_field/512/shenzhen/0128.png,22aa8d06e72ae02ed2d99b423444519f561230c808b6f81f527017e9da4a3ad5
images/512/shenzhen/0129.png,537c68d82066ed470336444641e2417c866202d3f55c9e88686ed9d9a11cd490
masks/lung_field/512/shenzhen/0129.png,5b401956ade9fab5fc259fbd0f8185607253b175a139eaa4b6a29d0955e3d862
images/512/shenzhen/0130.png,86433926e286f1780cf3cac9434a71c0f1975b63b999b61e88e061836f9cddff
masks/lung_field/512/shenzhen/0130.png,84c9551a4a6aa2f0412114cf2ef72bcb53c2b32b0ad96e2640b149f48d350191
images/512/shenzhen/0131.png,a0820bf498b6ab3b1817d710c6fe3ada9fabad24b26c48ab3dadd67e95141313
masks/lung_field/512/shenzhen/0131.png,858ad8cd535236a296b889e6389a671f24d6b2cc4a4fbd094b8885a6af43cda4
images/512/shenzhen/0132.png,92bf2c4ccb9b8ce21e4ed98fad7aa4fe97143aee9ad97b8c57d4bae88d33329f
masks/lung_field/512/shenzhen/0132.png,be071d30d74132f9da7d2ff336852d6515b1f7991a77c3c7a675a6784f21141b
images/512/shenzhen/0133.png,2501a897b1d829531cf2b6dac037c829e85832b38aef900449f5c1472f5b0d39
masks/lung_field/512/shenzhen/0133.png,50aca409c97261834ab640e02e6e273c8229a45f4d7a32e054ef7a3a9078ace5
images/512/shenzhen/0134.png,eba85910f101107a48a8a722952c7217c407e05fd845f4f866016f84476025a8
masks/lung_field/512/shenzhen/0134.png,dfb1b92b2f79241a0a50326c8e2694089c21a2201b42ad0c5b9d2924af0c412a
images/512/shenzhen/0135.png,61b835a5cc54cb52792d95bca6c63663a3cdebd1ba89bd8d5504f22c5b06d3d2
masks/lung_field/512/shenzhen/0135.png,20bc2268317c198c88a30f4764c28dfba1d8f8ae83d0bea6311ff10764eef135
images/512/shenzhen/0136.png,161b4252dc100a95b9dff99965ecf969dc32e24ec296c394424655a557349240
masks/lung_field/512/shenzhen/0136.png,8a79007edd121c2d98c375188206d62a4f19126665ff948cbc555891a5f966a6
images/512/shenzhen/0137.png,e1bad032318f65d453eaffc5925892f112dbf90c9629f0193969df91f4010ad8
masks/lung_field/512/shenzhen/0137.png,9f477aba818291b5ded5f920e0bff9e85992c8a6af2632b5ed5a3a4fbe732e9d
images/512/shenzhen/0138.png,d33208152703e49527614fafd2c547452d9c7fdc1d1c35093eea38ad8043542c
masks/lung_field/512/shenzhen/0138.png,73ecd3afee86b6ae41bf17bb76b76a43921837faf7d295a853c665f00d9d8c25
images/512/shenzhen/0139.png,b985e7201d9a7acae25a5ba3304c8ee241c90d887d0ec4f38d248ef99c82cb00
masks/lung_field/512/shenzhen/0139.png,f48616b65e378714503f94d86dfe7d478769c8a22c68a9856163015b81031e32
images/512/shenzhen/0140.png,ca7ada5d45a4900de028695773fde308f4fe4ffbceef36f9456e5cd8a17d483e
masks/lung_field/512/shenzhen/0140.png,e07339dc0ad54c255482e50aca33d8957ceb74084e8f051eb0945adceca382c8
images/512/shenzhen/0141.png,1d647f98d1dd1568652a8a5c6dbcd2c87be2822a55574481a39e2745dd623f00
masks/lung_field/512/shenzhen/0141.png,955e5954f60af4819a99897b97ab1f27522233223b6797ba2ad5b623d3babed1
images/512/shenzhen/0142.png,99cb18ab6c655a78be08f3a7c263cf1b29eaa61fbb5a9096597518bd77490498
masks/lung_field/512/shenzhen/0142.png,474a26a7431b79c94be69c6986112fd9153e0661706aa9c95dc1a0c41f130596
images/512/shenzhen/0143.png,0f2b6e696f272b42a4c385dcbcf36a4cfce1c6a0e1e4bc129b9b15f70e227f67
masks/lung_field/512/shenzhen/0143.png,a08771815788c23e9ff5bffdc0ebe894e1fd98c1bee30a968c67d85cf4e791d3
images/512/shenzhen/0144.png,949a3a688bcaa299ef186835d998bf3f274286f02da9f3477be1007442d590ba
masks/lung_field/512/shenzhen/0144.png,36f4cf018870a6fede9c435e6a2eb195e5a5896f292de09464a7acf1adaa84c2
images/512/shenzhen/0145.png,aecc6e73e1b2b71a480206393a5769994b762a27355768b1562cdef2c10a7837
masks/lung_field/512/shenzhen/0145.png,318fbc3eff7057e6b286c1ea2cff7f9542cb7f9cbe49ca6f995a14799bae9e08
images/512/shenzhen/0146.png,7f6d4c7c56a7b8e04172ea2389fca6b9b7608be0ba6994b42d83519ca022781d
masks/lung_field/512/shenzhen/0146.png,70db387484bbbb71a7aa1132ccf06a9fce021d316c5451f6aa13231da76be7cf
images/512/shenzhen/0147.png,a9ade202e3588bdee5c0252c1f1c0a874fc0cb99917d5c81cf614461ca0630f6
masks/lung_field/512/shenzhen/0147.png,4e1f416d32d3016caeff38b1660d51b1dd9f179da19dcb075987e2ab3d13e176
images/512/shenzhen/0148.png,60841fc2573d81f95ae1dc65d61a2268efa277d902bc49dad25b1a98bc4c5bb0
masks/lung_field/512/shenzhen/0148.png,9f3903d1c65712ac91b812f176a7aa056f6efa7d373d3a0a4e41af4f2df8afdb
images/512/shenzhen/0149.png,4df44a7a5ce52932e4e5361e76c04771950e9100027bb1ce010acdeb901a313c
masks/lung_field/512/shenzhen/0149.png,6f73caadfe5f9e6b9825a1fb8a0dcd8fc2cbf907a3682ceb6593c005a04369ed
images/512/shenzhen/0150.png,6d219d03a62b059c46dab0abb749d501fd0555734c7d9d4048e05ca551552492
masks/lung_field/512/shenzhen/0150.png,e14cb6930052f5836aa19e737a17d2fe3450d52ad8006ae64fedad6f18e86ee6
images/512/shenzhen/0151.png,7c230d90c1d2b63605e80aab81db4f8dedeb83319c72acf74f94379d6dc1acf5
masks/lung_field/512/shenzhen/0151.png,db102d16fbcd22dd09ae1b5120bdec542cfe47ea9e7e22dfdc4baac037608216
images/512/shenzhen/0152.png,f65fca5a07386f0ef07d43113735fc7a87d0ca35c984f524825c3570dfd45315
masks/lung_field/512/shenzhen/0152.png,e12aba740c60d248081a829a5fce2a9b908ebef02b954c7b123af053e30f40e5
images/512/shenzhen/0153.png,99465edecced57e536573c648e40b41817e3885bb6d401530f62e1186af25ae6
masks/lung_field/512/shenzhen/0153.png,40d0ed86f21955cf604643017cd78e8831573b1c5e39e9e2a6fee5df8aa3f3e6
images/512/shenzhen/0154.png,50665fd19bafe5c4b46268dc5c165fc75ec69cb591452c96054ae834b0a2d5c1
masks/lung_field/512/shenzhen/0154.png,8b6c1ee2295218f8f29f29a22f3cb44ba221021e2874d43bb51b83eef2f53861
images/512/shenzhen/0155.png,ac6e0e61a7d6c6a8d8d2f7c29b709f1ed4d961dbf499f18aecab64a115bc0c0b
masks/lung_field/512/shenzhen/0155.png,f4cf59d9dd9fb9ea3952aafa014e74452dee451d4cecef2a9500caef1c00072a
images/512/shenzhen/0156.png,ca4c68a859811652ec69acd31b0a96d2b835f199f2366f0209b3e9e7d1f27547
masks/lung_field/512/shenzhen/0156.png,0cab8bee46cc146d0f0f556c381cba5a0690b2dc2bc00f439acd8119033df6e6
images/512/shenzhen/0157.png,eee2135bdc1b17d1ea4cb12fa8547fa4a6ef95bedf959dce98398364c601c9af
masks/lung_field/512/shenzhen/0157.png,0dbe05f864b8f450319bd44fef7aa5a0012e572bdfa6ba55835ad1a4d2cc68a6
images/512/shenzhen/0158.png,6c5a384b8537c1b518c6aedc9d1ac81144ea7bf33e016a0dfd97cb8f472ed1b2
masks/lung_field/512/shenzhen/0158.png,0a1fdd48b59039fa69e62ae3224fbd2bf7b5396039b3853c9e705405d0e643da
images/512/shenzhen/0159.png,3876041cc14a344d192df219748682e9a1aad96f90b15a166d0be5b832a6bc92
masks/lung_field/512/shenzhen/0159.png,ae1ab2dc775362ae276ead4b2cc5e71689220eaf0a52fabb6a9f5e96911a03cd
images/512/shenzhen/0160.png,cb72cb9a77651a5a2297cbf16b6b72bcdc5d1b3cca38747ae98946cbdaf2dc9d
masks/lung_field/512/shenzhen/0160.png,664bdf33563777c672e9aa5c8b92ea896b45f4441b2007033f3c9e36d5c2c758
images/512/shenzhen/0161.png,a63470ad7ee7a211f6165afa31e095134aeda98547a4d0809046207496acbf13
masks/lung_field/512/shenzhen/0161.png,a8b18dce2f822da3de5fddf481f069e51b597b6e8de4414b2a1489e89054a1b8
images/512/shenzhen/0162.png,d4c9048c453a363c2648ee250abe3ae0378afbca887a4a9859e5d935156ceebe
masks/lung_field/512/shenzhen/0162.png,640e1cc11fc681790638b2d085a5ea982405af53f13f9e7345d2cb079f9419cc
images/512/shenzhen/0163.png,9af40ecd1140ac2076ef29533328cdf1434a531f4ee6a936103695ccf3fd0bf1
masks/lung_field/512/shenzhen/0163.png,06ea71debbd5917b5523bfa5567de6791337f90b427823d5127371fda24b20ac
images/512/shenzhen/0164.png,0b851545596a67504e4e7c3abf6aedd4d20b57714854969ac811105a39549e61
masks/lung_field/512/shenzhen/0164.png,e8bf83045f7cc6f8e6c6252028b9163aab07f80899389031a357a6b1805c3d98
images/512/shenzhen/0165.png,bf15a164b3f1801b368bbafc41582921db02b5bc614f29762b13dd97e4672565
masks/lung_field/512/shenzhen/0165.png,8382721e8e9dd806b42d2fbec5e92cc6311c76d84b394173761259cbfcb3e0a4
images/512/shenzhen/0166.png,a57bd5e325c933a72aa1001734cef184a262bc37c4c890bf4164bc948d41f680
masks/lung_field/512/shenzhen/0166.png,b9869b7d927cd32dc0c3c9303f0b0d25156929fcf9570a40a395c688d7d3d540
images/512/shenzhen/0167.png,ba2e5922c4b8e947758b2685212173fad562ec687876a1c612b163c93d82b3f6
masks/lung_field/512/shenzhen/0167.png,882f250f50dc9a1ca6c699a253b4570f8d7f7150837667b7557c27cd76228e25
images/512/shenzhen/0168.png,bad1735b63a701f20215e5f028dd4355384ac03da20c057841bb34b7405b3ac3
masks/lung_field/512/shenzhen/0168.png,f53f9c556af76c61822c672a6166da724f8ebda9b8a6c7f121d72059c3f125ee
images/512/shenzhen/0169.png,eff0d90b1a716d21858d225fec06aaeb074ff22020bec055698a2894f66daed7
masks/lung_field/512/shenzhen/0169.png,a3be0433538b9e8b7d3fb2b572ac7904fa0adbb4d636f851e7e6290fd566abd2
images/512/shenzhen/0170.png,58be71778b01f2f263a67bbbde49b666234f5f59058c1d855f6ba94dc2951e05
masks/lung_field/512/shenzhen/0170.png,827e47b942e1cf7ce42ce9ced2143bd3ba2b63e07821dcf953f5d8a93ab6fb29
images/512/shenzhen/0171.png,6c0390ea150827ee88a0930f5eaf9295c9d7b3168e044a5b5801fc1cca2fc2fb
masks/lung_field/512/shenzhen/0171.png,4dd1a819d1c9d5017545aa9c08dc9b9a43c439d3740053e4e9200d8e734274ea
images/512/shenzhen/0172.png,759c29550533f175d60e28574e033d272c9c8897e875845665293dc8343dfa54
masks/lung_field/512/shenzhen/0172.png,c8f7eb82542539c39281a9f5e51703acf2428e3e4ddb67935e50fb6441fe3bdc
images/512/shenzhen/0173.png,917d643f69ca6de0613c6b4cd5fb7a9fc66e4fa32118235877f1ca20287e0b6f
masks/lung_field/512/shenzhen/0173.png,2c2d565843a3c2703346c450db0d22d24a680f7c1c6c677e128bf74032246bfe
images/512/shenzhen/0174.png,531d4d0fb51649a7f9b008824406c05ce1d52db7153bbe3a4f265b137dd42a89
masks/lung_field/512/shenzhen/0174.png,6e2d730742533557f879f9d9f59de14f18b6e2aaa75d4ffd35fdc1941beacdf9
images/512/shenzhen/0175.png,43380cdee3f99e9eb34b16dbf04427ac65d3ce4a551e0a3d1fba5a4b51c031f8
masks/lung_field/512/shenzhen/0175.png,8c84fd4dd5e9f2dcdb028a25ae5eab6b34e0bd4603bb16d146686116c441134f
images/512/shenzhen/0176.png,4beff27f036924514c928e1be2906dbe203b691c4eafb275e794ee2c31d5906f
masks/lung_field/512/shenzhen/0176.png,2bfb15623af4bd22b87461ce6f53e92745cefbfed6fb21f4505b0fcc167820a5
images/512/shenzhen/0177.png,c08e31c39efe8b8d87819099b58704d907332e93d66d347ba8a7b73badd6df16
masks/lung_field/512/shenzhen/0177.png,e6d5670ccb5420040b7cd389e7d3270166ee88686ad01e16a31dc58e2c36836b
images/512/shenzhen/0178.png,dc3993faebafaa059e6fdb4a62b2823cd053604a591f08cd1af0535cad2044a8
masks/lung_field/512/shenzhen/0178.png,fefe6ab8f86868a1554dba7f31e5dcc58b5b7a1fdba9d299cffa12909cf4200d
images/512/shenzhen/0179.png,c1f885d55da3465f4f1c46333f5c0b42e6adb8cc8b53e455155510d1926bcf0d
masks/lung_field/512/shenzhen/0179.png,ee7bf446da38bbf527985d816cbaca492652b4a6b8eb98daff55cfe7da0e6534
images/512/shenzhen/0180.png,52c022a2594e2c95283bff76a935a1d329f31a16b9565b9fc4c7a188a2f4317b
masks/lung_field/512/shenzhen/0180.png,4c8dc1c231b4bbc39125120da4b29a711479bb3a24ed91fa59170c3fa7f3436c
images/512/shenzhen/0181.png,5c70dbbb936dcfeed6ac193438a304eb9fb82cc7d622909efe1960232fe58fd7
images/512/shenzhen/0182.png,ed15d9adc6767ab2ce90208f3ea1e3511a0ea3271837dff3a5a6b52ee55c7495
images/512/shenzhen/0183.png,eb995d2032d47a54c05a23993752052a07d873de70626dbc1b3be5b1d10f546c
images/512/shenzhen/0184.png,fcc676e3198a17f3d1f8fcb50a487ec061910a61e18f70802f4aff61b02da71d
images/512/shenzhen/0185.png,3d37b1a5d8dd24eb385c87ef26c520c5aed40f7aa29c9a0dd45aabdf86e5982c
images/512/shenzhen/0186.png,6077cbf263c5da33d9c852011ecf075a1a4ce9b4d57dce718f432d54aef0c2ab
images/512/shenzhen/0187.png,389f87ef499f4dd8f89f98c6b15754f739cc736e8bbe1ba241edf1d083811f9a
images/512/shenzhen/0188.png,c9525219ea1d502c43956011da91515be17040288091849e27233c02f73aab4c
images/512/shenzhen/0189.png,d370f4e2b534c71ab51c44099572f4646cbb2860656f3d517ceabb76ddaac863
images/512/shenzhen/0190.png,a2d9c1a34c7da433a5813e27dd04d6c064ff3f4c69caea043dfbaa7784484c43
images/512/shenzhen/0191.png,1d1bef483c2727c0c6aee78f497b8d2eed329b9991fbe7e1ae1011d77d80a327
images/512/shenzhen/0192.png,c638e3a1a9de35315ed3a792cd8e9cfff008b8d80c75148b6c8c69dc9d466468
images/512/shenzhen/0193.png,19a60b70c2c70966fad8b0d83bdda1f60ace8ff2bcb1f0b3c7d4286274344098
images/512/shenzhen/0194.png,de4879c07c4ce564aa7401819d5e3edac9f37745a31c65040098577bd0daef58
images/512/shenzhen/0195.png,4972370fe3efab6196f0c6deaf885ee15b6594578f9a4b4a8c786538a9e7deeb
images/512/shenzhen/0196.png,b40ba70141e288b48385695fb05bd54a65e1f9b204544ea58b37f0007b4816e2
images/512/shenzhen/0197.png,d656053f8d4612eec5c345a024156f399b8be6f1e812321973904698eb568f1c
images/512/shenzhen/0198.png,13cf5cc368e4dd8fb0adfe949989617589fa717577189024455e54a1581ccd5f
images/512/shenzhen/0199.png,0c19606a8dc9afce31e0711944ac0475d46d0c6be34da0b0e6b1ae9e5188da60
images/512/shenzhen/0200.png,dfb45b9f70e82647941af75f69876731eb5b6a4a7e2e9a6d20b37f36137f1c91
images/512/shenzhen/0201.png,09bdd604c73dbde2f6450c2ad683019a29b3f226a4dd395fad09a202609cdb29
images/512/shenzhen/0202.png,5d1635c693478033a2c72163479f00d0c61369425f39333140b48612a813ad6f
images/512/shenzhen/0203.png,fbe45ea0bbfc1ddc9730247012cbb42122a83a20f4fdb276ba8fe4c47feb9faf
images/512/shenzhen/0204.png,70223b256e129134e7132f058df39d9cdfab77e8289049efe2d6b278755132f8
images/512/shenzhen/0205.png,2df826357eb7fd03636b43e01880082ef88bdd39893e4fca25220df1a625347c
images/512/shenzhen/0206.png,d1e0724404ebd81625a98a618b52f90fb8ad448bdcf5fae7a895d52788cfe138
images/512/shenzhen/0207.png,78223717611accb01f891f2ca12d339cfcdbfc87db8703ea349f2a6bfa277a3c
images/512/shenzhen/0208.png,f93f315a8e64b6048abe440b66639e72206ca2c385b81af9aeef9b7047fec19a
images/512/shenzhen/0209.png,b196a06862b18d616f57d18d147a2095b58ac4975b10c52be53c366163a5794d
images/512/shenzhen/0210.png,f3c7ad246d172296d07eb1b4aaeb3980d41ac2c6dbdda77236123c55ec060175
images/512/shenzhen/0211.png,4a3a2824bc3330e77925f556a1e62ee628082eb6b1b36b265d0231e31e0d5e78
images/512/shenzhen/0212.png,1cc2b6065594e9a0767bb81773a8e36e53f54f674d5a5925b526fb22a81a036f
images/512/shenzhen/0213.png,62017f4576f0f84b73706cb4c5449c4283e74ef3f9ebd987e86174f10984084e
images/512/shenzhen/0214.png,0fbcff24ca5e3807e4a8d999ab59ef7a1b2937c293065dd66c44c553d299fbe7
images/512/shenzhen/0215.png,616857bf01fb644aff38f0b23430f7d427362b98d3625aee890ddaf171860caf
images/512/shenzhen/0216.png,837a5551ee657543827531f73f21725d4835a2cdc0eb78abdf21e5ac00f31391
images/512/shenzhen/0217.png,d6af268b7631ff5468070769247ba24828ef1b72de1f357039308bcd04c954cf
images/512/shenzhen/0218.png,ebaf27e2fd25e8bcbb530a75fc201e105555d34405c2c4aaf6b799432253e1ca
images/512/shenzhen/0219.png,d7a54faa45b4a22b6cc37056f6424128ac403533943817ee70c898c818e3a546
images/512/shenzhen/0220.png,d61254e3c2cb965f7ce68a1560d522bb739fdbc1cc7f35a2d1932856572f4d10
images/512/shenzhen/0221.png,af2638817c4eb9c0aae7bef2f25f460db81384d5cda707d2424613d6dd28b173
masks/lung_field/512/shenzhen/0221.png,2a5d9f8a7ab07737ace4c6faceac443fa02d19a2650a662cf3d36d0e0ee11209
images/512/shenzhen/0222.png,c117cfeee9e3cea4d2748f750c01df364023257aa3063759842b87f33dbc8de1
masks/lung_field/512/shenzhen/0222.png,48972d04fda42dce6a9e32e21abc985e845352200a0112ad567aecc1447a311f
images/512/shenzhen/0223.png,be8382a4c0399b9fe4d15e99f94688328406b7bfa657e8cf742b69b03c2e2b35
masks/lung_field/512/shenzhen/0223.png,54381eb8315a0b927cb6435ed88805e1efbcb22aa4c6abb0f1121fe575bac428
images/512/shenzhen/0224.png,327d3775ee320c23818cf0079ff579fb46b6c7f9c859f1f79cba6a360776f5b6
masks/lung_field/512/shenzhen/0224.png,18d5c33e5c017ee5de3e0e92612c4fa3ccd537b88bcb1bb9a2ce6ddbfda7b966
images/512/shenzhen/0225.png,7867b040d9da1656028dc012b2857473b62028d505baf59048ba08243f620bee
masks/lung_field/512/shenzhen/0225.png,8e7739add9e8aa7fe2ce2e826cd7b2de237b79bb68bb53c79968c899bfeb37e0
images/512/shenzhen/0226.png,cdfe43c4c346dd7a82bc70610fe1b891a0392d5b9c25504b0332e4033f1a1327
masks/lung_field/512/shenzhen/0226.png,86f6f258c21c8a6385c902cebc77000b6c7569e8a61a7cb36a2cfee02e32420d
images/512/shenzhen/0227.png,ce4edd4540329c64f4d47a8c2100dceba516120274328757b819bf5f18f48d55
masks/lung_field/512/shenzhen/0227.png,8d6c141ec178dad47a97c77cc69da3d6c976a5b516344ef415d3eca164fe0db8
images/512/shenzhen/0228.png,221aa64e1af1d3ccf4dfdc2654359f15ffe97ad948cfb96d9d641b62b45ef638
masks/lung_field/512/shenzhen/0228.png,c480f85e63712ab3ffb8964b0fc92983e118daf030223eb233ea30a68605f40c
images/512/shenzhen/0229.png,1a05e585834d2b05b9588a174a7cce04801eeaa9c8529e7bce31bc2ac3166a39
masks/lung_field/512/shenzhen/0229.png,c2c715f054f2795b6aa272ff37112592fb03ad6939095f77aa5180317c567720
images/512/shenzhen/0230.png,ad2c9bd3a93972fcf8b73643c439b0d6ecfaef40a4e9e8d7011a479922e978b4
masks/lung_field/512/shenzhen/0230.png,248d4fb3690889e25b92b59259753f951b51d4add5c183ae2e1d5ac92dcd6f51
images/512/shenzhen/0231.png,09d71239f67fbfb68bc574f391156a645c4c27c55e54d46600353375f31057d2
masks/lung_field/512/shenzhen/0231.png,234ded264e111c56c0a9a37b81ce6adb1878ce5dbbfb2cbe58353fda31b72072
images/512/shenzhen/0232.png,d1e97de446409162d5e70222968461d424a0eb58b7e3ec41cc468ad97c7c5533
masks/lung_field/512/shenzhen/0232.png,f28dc40b3283d983d9dba512cae8b4de2ae8fd3e22b36d07e6817058bebeff9b
images/512/shenzhen/0233.png,2211c023165a50dd2d3782ca759b6394c104a280257ead77106784eefcfd52d5
masks/lung_field/512/shenzhen/0233.png,ab66dbdbcfa8c25c3b224f8d0c0b954e7345ae43fe73396913b6dc544b42e232
images/512/shenzhen/0234.png,ec111c0d0143691cc59d82d05a045053f5266bb773419cce296a89d5074223f6
masks/lung_field/512/shenzhen/0234.png,0c309c88fa0212ee330f0032fc93a5c8029150f617591f48a3f06213d3832c04
images/512/shenzhen/0235.png,a2a9fa56844d335ea717f9a0220e8a98e86116759f81197a5ff9406e7569a8f5
masks/lung_field/512/shenzhen/0235.png,53044706cb055268d2a1bb6ae4c2e1e38219a9ca29dfa718379eb3913c0e5b3b
images/512/shenzhen/0236.png,96b1bc45c71dc384d1424a65672938b36cb6d501467cace43447e1ed59002703
masks/lung_field/512/shenzhen/0236.png,9d10fda924a667435985e4d2f0fa08bbf8b9d60e29e913f58f3baabfa39a807d
images/512/shenzhen/0237.png,0d6bbf5529a2de2e06a40260cbe4d9abb484505122c91cfd23c8b4699b90af9b
masks/lung_field/512/shenzhen/0237.png,aff7c52e6795a73984212e9a6ed8ebc5ed2b2580721e9d81f0bab31b6ebae428
images/512/shenzhen/0238.png,c1df74747ef56b4231f33810463e36d31ea9a4f5df0a6a664e958b2d8902b15d
masks/lung_field/512/shenzhen/0238.png,dafa60531982aaf5d372e122805c3716337c438e263bbb2b285bd016dbb31e19
images/512/shenzhen/0239.png,6c9a7f079ab78bd543c172b7173e101e13d617b017a5356e088ca88897b313de
masks/lung_field/512/shenzhen/0239.png,6e4773155326fcf05982691c4773ae0fedcb399cdd47d09edc319cd1013115b6
images/512/shenzhen/0240.png,2f8de5f86fec4d27741f6d21424c8768966d949ad80e17410e32fb8084214d01
masks/lung_field/512/shenzhen/0240.png,79f24fbd23995d1a129063d15e6fb68b8f0bd0fe34e65b3df618c3f06e70eabf
images/512/shenzhen/0241.png,baf59c02b6e0651d2a182813607090cb4d6d18751ec2052dee2ce531b31dcc92
masks/lung_field/512/shenzhen/0241.png,2b13b2e03dd6e9be36e613d6d0f52af3ec8368f365e4cb68d80beaccd1d8a03f
images/512/shenzhen/0242.png,e3d2f833b869a4d380dc4bb76d891544c814bb12cb3e0e958407603c7f79bef8
masks/lung_field/512/shenzhen/0242.png,08c64de8c5dced0dee23e86740067a7c59c0fe454b2fd8b41744dd38fb890975
images/512/shenzhen/0243.png,b553a4bcd5b03f6c9b7ae56948abb718ecc5927c90b2e65ea8593fa77a030dde
masks/lung_field/512/shenzhen/0243.png,7ea9f13ff5a80b93527f8f94976886bb6aaf204c1e5bd2110f33f7362573aadb
images/512/shenzhen/0244.png,c92e1b3d0a1ef8dfea73f6238d753fbf80d963cad642d69511dad2ec5ea37f9a
masks/lung_field/512/shenzhen/0244.png,1bd1366818e782c785a0ddd0c89deb58c1fc934f6bcd5dbbcbf7763d10bafcf6
images/512/shenzhen/0245.png,b609b8f509e796a1ce074d373c72b049626e34f9f87a5e3a3c74826e39013837
masks/lung_field/512/shenzhen/0245.png,853bc9d0afb6bbfec3dbc8c382582eff49d71f2048c329c6753ec02aaa30cae9
images/512/shenzhen/0246.png,14a5cf888fd60408736583fae0ece9734cd1f4902c151911ee670b2020c9c151
masks/lung_field/512/shenzhen/0246.png,0c32abe119939cad567d9f192f972bab7975a1d82d66d4dbc25ff1d00d80c507
images/512/shenzhen/0247.png,e18a9557bd72e4cb3a11e01fd6f3be378f3a1b0ec4aa335cd40296bdc27cf752
masks/lung_field/512/shenzhen/0247.png,07df6dcb1d081d7d81fba55b40b3d2e8145b6b58bcc82b571468500598a74540
images/512/shenzhen/0248.png,3505c991eec5defa01c0237b77e0729227e6cfa46b9a195e294eb599d8566292
masks/lung_field/512/shenzhen/0248.png,17bd7faab2808292bf61f4c97a918d44cb7455168cf2c21c27a2145a63df4ec1
images/512/shenzhen/0249.png,6ff584136d525c2ccba7d969058e1c4f1c312194670122443fb05eb7b89bac8a
masks/lung_field/512/shenzhen/0249.png,24658772b076f97808c4b2afa061d79c3e7e5405801a913e1ce3269ad770a418
images/512/shenzhen/0250.png,be2d159aeb476a8af4d9392da868102fabd0a30fb9c8783c52856fd84ca98a02
masks/lung_field/512/shenzhen/0250.png,adb88764c472c61ff931407fbdec7b2e67b24f4f586ff5c6070af1344e4f37d8
images/512/shenzhen/0251.png,2d302e8e913bcab0c2e4d0bce33140ed8766a631cd1ded9445a463b84ae0f31f
masks/lung_field/512/shenzhen/0251.png,28209b8490533e290aba9769568322e0bb113d2977aabcdba43aa1b053ddd08c
images/512/shenzhen/0252.png,ab5e3090b7cc1c80ca4adbc2dfbea9f0d42f6546f7a6e2ea32e564fdd83f6546
masks/lung_field/512/shenzhen/0252.png,f539a73aabce1530caaed5e58a297acfc416444db22f736303a411623a898939
images/512/shenzhen/0253.png,6a5c5adbcc3375336da2cff83fa790d134c0ddcc1ae2abea9d4ffc8c565ac2cf
masks/lung_field/512/shenzhen/0253.png,bf6f05524ba9db11daabb242e9466ff3a04382155efc60bf4651a06adb1f2971
images/512/shenzhen/0254.png,30773d53a4e61d039fd574e5f8c791d7b09dcd7574a5201e371a3d221a1a2ce1
masks/lung_field/512/shenzhen/0254.png,4e5216a7b7fdb5855a25a582afc7aa8446b7a04022281a12d3c1846fe7ddec55
images/512/shenzhen/0255.png,f51627324b755d488620d499dbd64eee95013e227b43ba753e76846447dab8b2
masks/lung_field/512/shenzhen/0255.png,97e190afac39dc446e453bd00fbed6350c00b9c6ba822fda2754a912fc822d01
images/512/shenzhen/0256.png,fdc3d8fb4c373b403b6ed6d85e4795e78511e7c4a52bb5cdc2a86d9abc672f68
masks/lung_field/512/shenzhen/0256.png,188e39b881a323c283362d43f26f5d39af25efedefa6133bcc43ca700818cf75
images/512/shenzhen/0257.png,3ae0288bb833bdad2f293ac99341137d672c6bb902713e110656839ce863f220
masks/lung_field/512/shenzhen/0257.png,2dfeb5eaf8aff09591cac39396a928a48185f44cb30158983619001c26073f27
images/512/shenzhen/0258.png,c563d5fca724b7077a95dc23b569db2cdf8706b6a0fd06caad346255aaa6f922
masks/lung_field/512/shenzhen/0258.png,c399f289af1d7aa19523b8bb6e18f0977493f4da60baba2c4c87876f81a33fe5
images/512/shenzhen/0259.png,b921fe4518da3603d3ecda5612cb7db21266ea5ead892be931e0132dc08446db
masks/lung_field/512/shenzhen/0259.png,60e33003e8845a023b5414eb54271ed43e372482bc6f2a6679114c9ed0d0300b
images/512/shenzhen/0260.png,5f658ad07dcefca16444d70773434dd2b1bb422f4e7b1e89737b896b8a980cac
masks/lung_field/512/shenzhen/0260.png,c32b9d63f2f52e06ce48077e0adacd70cf2d5104f398446e53124242a730b66d
images/512/shenzhen/0261.png,d4257345639fee8af9b23a2d0d5096c5e6c77ce96f363715bf09200ffb64566b
masks/lung_field/512/shenzhen/0261.png,5a649490f300d20daf3fbe74b2fce9981f0e458c7c349955bd6bc0e3a3982a5c
images/512/shenzhen/0262.png,9c97f821e9fb76f60106ef3723d86225c67798ea57815d9ee0c0b7a1a680f199
masks/lung_field/512/shenzhen/0262.png,b0924e1a5eb7f17b4efef062ad52d479cd49011fa689a7447679432eed7fbbf8
images/512/shenzhen/0263.png,e956b2e9a7befa86dffd4ed1ddcd62e68dee98dfc106a22fae1583c2f62ac5c8
masks/lung_field/512/shenzhen/0263.png,87d9217f230c39cfab142332a16d8890e1aa380c20b505a52a881f9cbdc6fab3
images/512/shenzhen/0264.png,ebd0b92c98ec1bc77e82f97889d243f93269b458e3c35d26857221e5d7a6d25d
masks/lung_field/512/shenzhen/0264.png,6f2515a7482f499233aa270eb249b1cf6d59910be1e91098328bfb826410a854
images/512/shenzhen/0265.png,5b9b9d950e583b549cb58a5660f64273c2edaaa61bb3ed1aff6992ad77d3eb10
masks/lung_field/512/shenzhen/0265.png,af82c88c5dabcc9123f34ea0ecc1a36dd1a2ec2c4dfddced266c549f430249fc
images/512/shenzhen/0266.png,9a144ceb733fa873ed132ff1f211a936b6e106a26ad5f3eaef4873de38acfd95
masks/lung_field/512/shenzhen/0266.png,d71bf5b96d18feb96cfd4383b88244745c40a5c65852a814110510016d24fc43
images/512/shenzhen/0267.png,0506adf85a6c98ee048355319d53e7d386aa67083d4e4d465d1bd9d6cc11f234
masks/lung_field/512/shenzhen/0267.png,ed9570e7e2e0722057251c8da8673853485c68477445343d83894e70465f9f02
images/512/shenzhen/0268.png,7fda750c2b2e8cab041233ba9d04220f5800949a2b4370b102f499a9c18215c9
masks/lung_field/512/shenzhen/0268.png,93d7b22fc8dfee62bb284aefb72cadb5268521294eda514006b41e5a810c5319
images/512/shenzhen/0269.png,b60fcee8efcbd1d5c9227e32c5ff4bdf0e650336054249eaf76f9ab58f65eeb8
masks/lung_field/512/shenzhen/0269.png,831246de14bb91262d23063d05b93974ba56059d321bc5ce9a3388069d765ec3
images/512/shenzhen/0270.png,c2c7d15f81f4971d125d8120b958c5f491d062c835fa18c56c792eac5a9c178b
masks/lung_field/512/shenzhen/0270.png,bb958b009e447aa57986159f58737b828a32712ae6bf2293078e20111ebcd1e7
images/512/shenzhen/0271.png,84a0124d96c3a87e4c4a31b045ed75dd0fb426767e907611634bf85a53d17c9b
masks/lung_field/512/shenzhen/0271.png,eaa05f746702748e7c23fb0086ef9b8b3397296b557f829a635cfd019bc9c35b
images/512/shenzhen/0272.png,ec9a8c334b22115ee8a80c81ee6b8cf8c4d3872648d14d617a9cabb61bea7bd6
masks/lung_field/512/shenzhen/0272.png,45ca8b2d76a404f0ad09e70c228adae93047d6ad023018064ffcc1f928d54bd3
images/512/shenzhen/0273.png,45957a26790a1d412406fdd8cd7330744cf18492fd2bebdb348979c9004b8782
masks/lung_field/512/shenzhen/0273.png,ae348e74137e1eccf65c16be40833b1b2654dc3a656d1c60c293885d6af5a9f5
images/512/shenzhen/0274.png,9e5388a4b7561febfd4207cd7a73932a5e259cc4582f3598a6eb41c9796c68aa
masks/lung_field/512/shenzhen/0274.png,5854c390344849eafbdfcf88cabc6eb9c222fcd6d8836e02e8b84b342acb9ba4
images/512/shenzhen/0275.png,93827b8886ea6c908c4f78919923705737fa7ad165028b61a2a89dd756e6b100
masks/lung_field/512/shenzhen/0275.png,8fbf3bc94319acf949674c916d1fc3226c8e8d71994663e32745856aaa90947c
images/512/shenzhen/0276.png,05e0cf254a5f17cd2c4fc041d9401fd19b6c86d1fd5a2de730fd8e4ab991d256
masks/lung_field/512/shenzhen/0276.png,1f8187b0cd7198f2e5c0047f0cf2bb4f28f08bf5f24663007b8428a5c47148a0
images/512/shenzhen/0277.png,b3e549fef0b73d0b36010114ecd4099e07a7982f1d51eb48a69c70d05d2b2aa7
masks/lung_field/512/shenzhen/0277.png,06fdfa4f26943b3bafad2881f0e1ca986623336566af7dff9e5cd5a93abdc733
images/512/shenzhen/0278.png,8dcb9df29ab256ad907efc7e1b34e9405105e65a784c9e8c409d12fcf4b639e6
masks/lung_field/512/shenzhen/0278.png,0045eefc069053cd7937c25112b600de80673e7070144aed278300303a4cc592
images/512/shenzhen/0279.png,05591aae65c25a120ea9a8c35849cd2e9a939b678821eef079c1ba7ee38d9a66
masks/lung_field/512/shenzhen/0279.png,39dec9c1d28549211a175bf4e85484fad01333eb5a411fab841f29275bb5449f
images/512/shenzhen/0280.png,ca4f9720efd9df37cf6eed7c4cbd837caa6c942e131352192c5305c1c8ce0d51
masks/lung_field/512/shenzhen/0280.png,ea79a8d50a23d29c8fa437f7ac1506610e099dbe18467b04259c17f631c66995
images/512/shenzhen/0281.png,e58b2afc51a6bdc203fae67b6e4e9f2698c09b01c8a4a5da18ad8ca0f0d73c82
masks/lung_field/512/shenzhen/0281.png,d11d8c60d831b906fb65e2b6d44fc01cc3574f6f43780cce7beb71dbb2bcb417
images/512/shenzhen/0282.png,095e6c44e27d8476ace64339178b16313b18e63983b93c5b814db071a94c55ca
masks/lung_field/512/shenzhen/0282.png,dcfeb8eae346f5256ca0e8515c3be73bf365129482046c2dc29e59aef9a2f8cc
images/512/shenzhen/0283.png,9145e170610a27bcf83cff516ccd6d2a306ae4c99c408b209ac6d3e2b7f9a6c7
masks/lung_field/512/shenzhen/0283.png,ffa24c6d2098cbdf0083036c2ed1cf9949a762b13727f5cde7717847c4556f9e
images/512/shenzhen/0284.png,14a34c2cc060116363707886bb9f11926a01b87565571918abfe195acad1740d
masks/lung_field/512/shenzhen/0284.png,d649f1f54a469e4623e0e7e23c899ff4e80c6e621f77dd531d8f88c074d08bd7
images/512/shenzhen/0285.png,a0612430a31a4eeef23c0747dab0f3386ae6d2f45bb8c9c1f318fbd45777651d
masks/lung_field/512/shenzhen/0285.png,4f11027f06100f7943f04fc633fff6ce54a9bf6b04f6f0eaf6842b1eaf926d9e
images/512/shenzhen/0286.png,2574646fdc17b1da5ca03745eb2d46b519441d134698d13c82710b8e1aedd4a4
masks/lung_field/512/shenzhen/0286.png,25b711602ab8ea5d16c713e3314bccb8fb22e89d929dc266679eee9cbb707392
images/512/shenzhen/0287.png,f046e696889a810a8453bf20bf24b3fe1a64e2653f13e13a939072b733fcf2c2
masks/lung_field/512/shenzhen/0287.png,0e27f2a8189df733f1bb4019e591ab9709b294e1e34260e596dfb640a9d2aa8a
images/512/shenzhen/0288.png,0076dc0e11a880ad4775d22ef595146befa210ee7e764dd832899d044fa3b5ba
masks/lung_field/512/shenzhen/0288.png,11c70a58b5d536908f85066664534c0ab7ec215360b75fdd57b43791c44decf1
images/512/shenzhen/0289.png,212933d7c95bc36cf521e1823a659d54820a5279a1a290dea4da54ae9add97cc
masks/lung_field/512/shenzhen/0289.png,8262b5148e9e8c03857cce8f7e8d4f51f3d72b2fddadbe044d6d222313357562
images/512/shenzhen/0290.png,46a79732fc0a65a3bcc3745c1b9d9eb3aa49f588496f23045bf799c281858f92
masks/lung_field/512/shenzhen/0290.png,f872cee2b613ae54f7f6470d6aebf626aa89e93398be077d78809e8bf33cd6f4
images/512/shenzhen/0291.png,6050d086fcdb629da25bf174bebf15c7e28f901d3244ea033d7cef686e1e9285
masks/lung_field/512/shenzhen/0291.png,8d0e1bfa56942cc0a5c5d7cfb8f8b56a53d59bbe6353433acca94d12ce3e7738
images/512/shenzhen/0292.png,2636e3c20a45e658adb44fc418ba2f2367288e14c6b9827df5ab2bd216cf6d8b
masks/lung_field/512/shenzhen/0292.png,64d49854b0c15632ea519141906606ef575463f43d9bbf060c2b797bf1b7e49b
images/512/shenzhen/0293.png,180757e2510fde52b6ac2ce928885a94debe4573451cd3efc1b5319bbab76811
masks/lung_field/512/shenzhen/0293.png,831a894ddf9fbfa33ce75602677c5492e81e1f2c1d11acdf46cb54ca909cdc56
images/512/shenzhen/0294.png,365776d0d07c4636ca7633ae920d03cc836ca7d2aa035c38318b327fa1374ece
masks/lung_field/512/shenzhen/0294.png,1a8db93ac1f0a5ceae0a3103b3c96d7e52ab8cf46217579be813628441bed32a
images/512/shenzhen/0295.png,8a9e9c9c1e0903ecaeb97f137a771d82802e9a42991432b6b8b1774741c4b469
masks/lung_field/512/shenzhen/0295.png,c52833c384f871e11306a3f36fea0d834936581b3bf2d74205139a00fea9a743
images/512/shenzhen/0296.png,b22bfee13582deee8f9e1e144e9132eaaf224e55832b3256fb98eba70287142c
masks/lung_field/512/shenzhen/0296.png,74addb5c615bcab1393b6ed4d79a96aca827221730d3424ae06418820bc905de
images/512/shenzhen/0297.png,c4ecb6a1415856c9aa5840257d39bd3bbc1baedc78585ab4ad16de6b0c6cd232
masks/lung_field/512/shenzhen/0297.png,ee848d78acd8a50515ecee8c03688448db868878b56017a6c27c7ed03162a09d
images/512/shenzhen/0298.png,ceb1451f94634ee1f27ed9080a973d0461e085c2a59c7541adcffadc42c0e77c
masks/lung_field/512/shenzhen/0298.png,bb66082ebeda824f88952d5f3fc6db6151fcd78feed087efe415914f81aca934
images/512/shenzhen/0299.png,f78c4ecf8b89c2e898309ed4f35e023d9e540af3db7ba191a96a8910f72560c7
masks/lung_field/512/shenzhen/0299.png,c279940549526cae3f6227160ebbfd136b705c470c2863b0da0bf7f373887942
images/512/shenzhen/0300.png,5a88418a4b24f9fa269763d7a9c4c0578e54ab0e8ce34ccfba84de718a298b33
masks/lung_field/512/shenzhen/0300.png,3e9a80fa5562672cee492d76379d449d370dbe74e0b3b0ae1203d50f1d381cc9
images/512/shenzhen/0301.png,4219b72d510a2228f5059aedea5c3a1967a1d82119bca6e3ae8472eb9e95ec45
masks/lung_field/512/shenzhen/0301.png,7c93e93344d5805cbea29d302fc2d8e51a79c7051da45dcaa3bc9800017f1721
images/512/shenzhen/0302.png,afdfb57f731a63794e2657d5985aac73f58ced6704e64ae917317ed8c4e56694
masks/lung_field/512/shenzhen/0302.png,34dd990c8522cde53f2e30085e7ea9ba484136710173fd5927a3b4f46717edc9
images/512/shenzhen/0303.png,8baed0cba180f6615142cfc13f8ff8a866f5695e39f3a30348e2cded2eb1a9ec
masks/lung_field/512/shenzhen/0303.png,73a243c62d8bce67b5c549bd4940bcd4418fc26cfb66e63aa3fb725157b549b9
images/512/shenzhen/0304.png,ad0a63c090df9e71e136bf63b15442d64a53e522f3e2a2934e86e89892018004
masks/lung_field/512/shenzhen/0304.png,9e03c5efc6b568effa0f7d01a95901ce14d21d1dba13df1f0d50e6c2da41ac49
images/512/shenzhen/0305.png,f695ae7c533f11704f60c4e040cb1b376efbb2dbf3946388423bba20754c49f0
masks/lung_field/512/shenzhen/0305.png,b22fe373857419a8982cabbb637b55af26caba6196ce12b8ea59e4c9f0ea3d96
images/512/shenzhen/0306.png,c5bcfe038a8a273b5a730bbba0b031f64c432605aa157d0eeaa9bbe9633e9c89
masks/lung_field/512/shenzhen/0306.png,53ed489fcf8f4ff5bf15c830b89254821a5e2c88727f823a29f811b1b0811be2
images/512/shenzhen/0307.png,6cd3233412d429c11cd3a502b7c1e852c3419db4b1ffbbb9edef2a2beabbe150
masks/lung_field/512/shenzhen/0307.png,d5752641b8aeb80a5e320af99968642bf44f732225c012ea6358141507546141
images/512/shenzhen/0308.png,76176f0b32fb33041a709b8b1d8fa27a01f55d3bcb7b928e218c99dc5c5fc14d
masks/lung_field/512/shenzhen/0308.png,2ffda971f1d277c2a21486de4e9ff12d84a8fb0a44adfdf62f1623ca752ea01c
images/512/shenzhen/0309.png,b61fe5935fd0b4d0711f474a6badb9f8e2ed808c4047e8590854b74770ed9353
masks/lung_field/512/shenzhen/0309.png,b61d6a2aab5c953b85be32352357cd1a5c4e520c6c94f54c290e226f9456e869
images/512/shenzhen/0310.png,fbd3651ee6de1f1564c5559d88a228031bf789b5a31f7d68a65fd0186108467b
masks/lung_field/512/shenzhen/0310.png,414d8be52c50401016d2203919f7c42a4cb043261687625b792b3edcc28fa7e9
images/512/shenzhen/0311.png,e2376b3a998258884800e9a2d3ed53d1138b9aa600eb4dd3f67d1abbafeac32c
masks/lung_field/512/shenzhen/0311.png,cc1d32118e9ec8b4255dc3bda877b3e3c63360bb2faf3ef3903307e60dba371b
images/512/shenzhen/0312.png,e16a2097c5544b2d9996d1c2e854c659b6dc8b54dc2a52a21823f42842633dba
masks/lung_field/512/shenzhen/0312.png,f3e1d1b78811e8bfc03c5e216a7f8100ac7d401ae47e1c2b6515177dc1173296
images/512/shenzhen/0313.png,c4d7622f5aea9724ec4f86946b3f482de7c906cb22c34ab87c432a4f04bb47dc
masks/lung_field/512/shenzhen/0313.png,fdff920b3b223b0d0b298e911c1c7bec49b7b76cc526dc573620d1f9064668f4
images/512/shenzhen/0314.png,7d519012afa3cb5e9d797179578ee6728ce30261613515efb5c15e0595fe17ca
masks/lung_field/512/shenzhen/0314.png,da3b75b6b269b74e28c6872ff6132ca724b6ecb0617872f45cc4abaa091abe08
images/512/shenzhen/0315.png,92df7b8c29b18be8fcf42ffb3592e00d52c87a2409c9b9adb29b9df74f90c37a
masks/lung_field/512/shenzhen/0315.png,d27f909c8863bcb9c5afc4c3a9874d3876db94c0eedb9897f9b72f32749895ec
images/512/shenzhen/0316.png,ff6f3f30d5277fc50cf4e0952a863b26abdb50e9991ad696548cab203c9bb24c
masks/lung_field/512/shenzhen/0316.png,0066e259448ea7075ac0175b8dae234461b1e9f7d34b9c8d757362e637cc4161
images/512/shenzhen/0317.png,a3bbdc1d0b246f3731e7eccfb40915943b62a3f23e822ee67b4e531e40029470
masks/lung_field/512/shenzhen/0317.png,c947670f1fe4b5dcbd3c353b983efa7ff34293a4f9e84b7688b2d4d8d05d7803
images/512/shenzhen/0318.png,9079eba7dc984cfcf50d97b012da10605d6dfc167d8ab67b3694cc1c2b3abe9e
masks/lung_field/512/shenzhen/0318.png,d70c73c822fd64ed4443cad44b46b3e130a84595807a7192d81c0107606164ea
images/512/shenzhen/0319.png,1d2bb7ccf3a93da17c753f1f34ae86961fa229199498697ab848fa489e27be5a
masks/lung_field/512/shenzhen/0319.png,510d82ddb4f32f12eee990a34b35292e4c3662705fa5731a5f499836b6827fd0
images/512/shenzhen/0320.png,bef200455144c2598e5e27a6a0d9eee243d43917e86a2cba22ebc2ca07864ce7
masks/lung_field/512/shenzhen/0320.png,4f2436028868581d02824b8b25b026cdbe1766964214cddca0beabd4d608a141
images/512/shenzhen/0321.png,948b29c594733bd2aab23fc59b0047a049fc6244ee173724981f882fd30f0966
masks/lung_field/512/shenzhen/0321.png,f23a5cdea3bd1d127f23baea6013c1b422343d88b7b471c7e038d2422afc353f
images/512/shenzhen/0322.png,940e154279df8913b1996a69753e7f21bffdf83c4c4e2f99d613bcb67991493f
masks/lung_field/512/shenzhen/0322.png,d8fffaf5ad553ac3f5c55fc7a8b239b91cd247c12266dbc4109dbf6ab01a9097
images/512/shenzhen/0323.png,674cd2105e0aaa2be298339744bbd2fd652873a2e0d1dde58a983e8c3c85fedd
masks/lung_field/512/shenzhen/0323.png,cb66381ae94bc49aa947bf59846d72519a30abf97cf061201f14db448309e0ec
images/512/shenzhen/0324.png,9ff0aa3defc6d755674a9a0be8b7e3dc96c2527b342ecac136587b55791d2a8e
masks/lung_field/512/shenzhen/0324.png,10a16d164073b2470ed1f4a38cc71e1389f4a739c25a4fa6b4b3bc0f9318b0df
images/512/shenzhen/0325.png,e016e0a7980d27d6f86d13ccca758e984f744779f8d964248a9cde3c4a0f9cab
masks/lung_field/512/shenzhen/0325.png,c6a6bec63cf05c2d6e4aeb2a9edf114557fedc8fae85796cd44595da384604ce
images/512/shenzhen/0326.png,83ce91310940606e4d08f5d24085daefb313a232d99d31fd984d03c226414686
masks/lung_field/512/shenzhen/0326.png,20b7dd8400225c99a223c055b3ab47ff41c76bacc5ed26c1dfafb36763481aa2
images/512/shenzhen/0327.png,d1d50fa78a0501ed75c2bfce462c840c3e898eec74cdaca3368ed58d246ed623
masks/tb_lesion/512/shenzhen/0327.png,de3cdb31d63b3139bd8ab8d921ac7be52d03e8dbcc2edda68328dc8a9608b668
masks/tb_lesion_annot2/512/shenzhen/0327.png,2e3ba4c8d04f096f26911761c3b4f9275b734bb8b2a14975ab680af3961dd8a4
masks/lung_field/512/shenzhen/0327.png,2e657cf5119ebe39f6c070e27bdec50140b7a3b4242d8fffe95d82f340e9d5e4
images/512/shenzhen/0328.png,eacf37d41efaa28fe9d9c4dcda9d46fd254caf6d7d35404ea68a706ed8c93409
masks/tb_lesion/512/shenzhen/0328.png,a1e99d6d0cb9f5f3028593f63e40152d59fa7787e31d5f26a957bc3453db7398
masks/tb_lesion_annot2/512/shenzhen/0328.png,8298c22b119672f02f45ca85a302e226f5f47f496967814a582f4883d808d598
masks/lung_field/512/shenzhen/0328.png,e005a7ba5abbccee9588c1441f70f9598d2fbad5785d8db0b723d06afb95f9fe
images/512/shenzhen/0329.png,4dfb71d924d1f46676898567c16e14ef708bf224b3c149d0722a65ef97a4af4d
masks/tb_lesion/512/shenzhen/0329.png,5adf24d378401c3a0aaebcd22d5224ad4d59e6682d86130b811dd6fef95630aa
masks/tb_lesion_annot2/512/shenzhen/0329.png,5abec5c1e23571151bf3174e4b0e92d43a371aad2d493af17547ae5b3f5eb273
masks/lung_field/512/shenzhen/0329.png,983b9198c4eb86c4b002f8399bdc7ac345e0679eb9b0b495fa094a534a349658
images/512/shenzhen/0330.png,edf35e94e1b9f29be1fd1a8c9915a8ccfe828dadbadafca3b3f701bf443a8b55
masks/tb_lesion/512/shenzhen/0330.png,bd59fbf5c65cf23a7b351538b5900bd8280150c9f433e3ec127a2f774b3f1fca
masks/tb_lesion_annot2/512/shenzhen/0330.png,86c53d5c71b6804e21d170f48ecfa6a73aa38c56325ec9e85836f06b748ea7c1
masks/lung_field/512/shenzhen/0330.png,c1d53e3fad7853af032d3018c55c0c90df45eacf8537dc383ce3418a8c5153f8
images/512/shenzhen/0331.png,8647d250b2913dddb5f204a41e0ae97af0f1480d45b9942d139a58e061ef926b
masks/tb_lesion/512/shenzhen/0331.png,5a12830592274ec7444cec139dd5dc804a0e067aec9235bfdaec8442abe32718
masks/tb_lesion_annot2/512/shenzhen/0331.png,11d5c8c0ed4c37f0382b50a2363d6d5248a9fde3011fcbfdbd9076efdf5e2d77
masks/lung_field/512/shenzhen/0331.png,f5dd0de5eff10397a7344a71a322360b19094004050541bf9667ad105c2f4f22
images/512/shenzhen/0332.png,814620c7b9483229d9506f9982ca27b6bbf0e43ce48d152230e22d77ad971c2f
masks/tb_lesion/512/shenzhen/0332.png,b1b8e18103b03f5df3854e7f52aa06e286f64f18352204af818e32215a23cb19
masks/tb_lesion_annot2/512/shenzhen/0332.png,c498bf158dd7cb40514a3be723da6f7fc20cf5c0d239ed84f10d48c8f2c3a5ad
masks/lung_field/512/shenzhen/0332.png,e53ac9d351b09da9fec9baaa79a2011b7cfadd248432bd47dad6d4e11a3fab6c
images/512/shenzhen/0333.png,03fdaca6d0d7f01af1c7532db6243651d9095e9c8510be74ec706afe621d98b9
masks/tb_lesion/512/shenzhen/0333.png,6f2c70432157218e3d1e731fc7587d9e0417f8a802f566af32cdcb6e3ae69ae2
masks/tb_lesion_annot2/512/shenzhen/0333.png,d9182adc3b8ca4f7b9cfc564cfc23f38cc62334f74e7e11ef2935fa3b735e787
masks/lung_field/512/shenzhen/0333.png,844838c1d418a382408119c016fcfbbc2464687acf6efa1d44c1acaf256d5557
images/512/shenzhen/0334.png,861cb0e5783032d4aaac22a3f2aa9a24fef0ef32b0a70655726a89de0d872a09
masks/tb_lesion/512/shenzhen/0334.png,d7074ab10bd1651db2b5e92c2dfd3bdbcdbf42afe80796322f611441d6cf7e01
masks/tb_lesion_annot2/512/shenzhen/0334.png,bcfc9a9fbf3137f264ae39fdefac43e75bbf1763ad2fd31787b4706dc0efe1e3
masks/lung_field/512/shenzhen/0334.png,fdba34e826a73eedb9602cc46fa238bd7be0737f2e8fb8715d79a779ccc55e6c
images/512/shenzhen/0335.png,3ae46fb11b1f9ae16eaf395845973799d0a575f493afb2588040950d9a2780d3
masks/tb_lesion/512/shenzhen/0335.png,ccf66c4c42e59aff7d82ba7d3a7f2a90578d65fe9c987a222421be82c8c50d15
masks/tb_lesion_annot2/512/shenzhen/0335.png,0aa4c588321982021cafe3f718d416cae85629fdd80e2f8323002f5cb7760601
masks/lung_field/512/shenzhen/0335.png,eb01256cc89f7db1ad220ed4e555179b6c98b6d99ce5010aad8b89af240179fd
images/512/shenzhen/0336.png,82de81cfb675ce0561d74f77d9960e9b0ca9d9e2955aca88ae1741501f4f1041
masks/tb_lesion/512/shenzhen/0336.png,c1e03e1944bf3e2ab55f209caa98221ba74fb30c56c56a539dc8ca1380fed4a7
masks/tb_lesion_annot2/512/shenzhen/0336.png,a1d573cd51bfa4b53c9300303f09f73f873b11bc76bc60fc88dce692fa26645f
images/512/shenzhen/0337.png,e496e4c8f51d44845a5389668a9efe003354404f0d991b4c30c129c03baf047a
masks/tb_lesion/512/shenzhen/0337.png,1a03dc27a25331a36acd7c63a34ad59359442e32726fcdf85656b718447b367a
masks/tb_lesion_annot2/512/shenzhen/0337.png,58c900243e96d3dfe07be5a03b8572958cca3d1d544c3f91e538ad4f3aa94648
masks/lung_field/512/shenzhen/0337.png,dbf26a91b5fdb7d9d560f1e318856e38847722c771125cec834f5b3a71f18740
images/512/shenzhen/0338.png,ceac194644f86e0c4ee649c05977f92fbb602ac00f7c256e5fd34a14b20aa989
masks/tb_lesion/512/shenzhen/0338.png,a70dcd4bc59603e5a7ae042f5a3b6f8fa222b5085f49d1f9732b5ecf32ba1284
masks/tb_lesion_annot2/512/shenzhen/0338.png,ef2aaa856b062884ea8f82654d144774c8f183b8ee77b2c2dc9b5a5c7bffb187
masks/lung_field/512/shenzhen/0338.png,f499be47cba6dc31cb94e97c46bbeeaa6237670abd1aa7309847e3f04f1ac495
images/512/shenzhen/0339.png,78de354bd990e0e75f874b323b7c93c8c52aaf72ce385fbcb2d0e0e70a27c0f4
masks/tb_lesion/512/shenzhen/0339.png,37f5f8aac44eb0b137e55c041020d7d7e3c98139b12098ec47de021beeece8aa
masks/tb_lesion_annot2/512/shenzhen/0339.png,6fcc851c9a240e3a1dc18fc41339f6ca3909f7d225e1637693715c82a4ec6a2b
masks/lung_field/512/shenzhen/0339.png,4f185fb8c1bac9f67aa0d05132c1df7b8dadcbcb370d4e7d0ee005e67c878ffa
images/512/shenzhen/0340.png,75882cf4a89bf8a6548090188f49963e78402ca55b2027e4a4a82ba5e9cf6eca
masks/tb_lesion/512/shenzhen/0340.png,2a31a050c95cebd048717b9d2f836bb1ef42781d765d035de70f09182b7a1043
masks/tb_lesion_annot2/512/shenzhen/0340.png,4120b2bfee44bd73f64078909353fc8ce0feea8cbc21de2b2a3a29b08c902910
masks/lung_field/512/shenzhen/0340.png,9abce26598172a428594547b9bc095f52d38d6f048a62a95ecdfdda8bc39fa1e
images/512/shenzhen/0341.png,c68af42a515394a8d39833a8a17b8545c80192fb72189631e0ff3f97b26f03f8
masks/tb_lesion/512/shenzhen/0341.png,6b9bec0f6d521d0bf89458bef7c0cde14f206c30e0c5e2e189e84c422a9208ae
masks/tb_lesion_annot2/512/shenzhen/0341.png,d412b34065a2e83640c28e490b6cb77823a90f5cfa743dfab1f784e375a41ad3
images/512/shenzhen/0342.png,d28a0d0a49bf75a6c93ab7c331af919aa7ad2e2ace1ee5788eb7b1576a2e4864
masks/tb_lesion/512/shenzhen/0342.png,2a8f4d9ae99e772c9b4c578c6c84bcffe63b9ef557a258254c5f34cf694e6190
masks/tb_lesion_annot2/512/shenzhen/0342.png,bedad25ccb79bd0bf632d4428e96cc697c2c2e95f2febf5bd13f7086a6b07cba
images/512/shenzhen/0343.png,a441c2b424aca4fe38bf4f1567ea3c2b2cf4b888884b11a9f1d60941bdbd9945
masks/tb_lesion/512/shenzhen/0343.png,c66b999d75495c0edc32fdc63f159086d2978eb5077ffe30c45009574db7e714
masks/tb_lesion_annot2/512/shenzhen/0343.png,c3ecff9a1030da58dd72b3df6994e3d54aff03cdf90c8dd99b80c0dc30a1dcbc
images/512/shenzhen/0344.png,92baa74be6599bf56d0d3b07e2bcfb3ee2c48c757a4d71b161c129ef11af8da8
masks/tb_lesion/512/shenzhen/0344.png,098df89dd0cad9a6cd666db222fa276c49d08a904085be3d7768827754216e3d
masks/tb_lesion_annot2/512/shenzhen/0344.png,b542e54d674743a9dcd255ed73491bef93658aaf9aae2a1f6522cdf728742789
images/512/shenzhen/0345.png,5ac891ab4b63b1a34b63caa532001edc57af998d5dc14794f7c6c0a3676b8660
masks/tb_lesion/512/shenzhen/0345.png,acd26237f4f0ef410e91abbd8f6ee38ef0b72af09f3cc42424d5fbf813a4763c
masks/tb_lesion_annot2/512/shenzhen/0345.png,244abcab1b29cceafa7ab8156532145abd90be14c973dee8705f95f63de7250a
images/512/shenzhen/0346.png,c566191f734d1cd8b9f7d49598650d58bcfde7963923b99b4e548e79c727e9fa
masks/tb_lesion/512/shenzhen/0346.png,8f1329fe9211c9aec2a54e8232bd39b808e21ed7bb9afd2493d9ca5e8bacf670
masks/tb_lesion_annot2/512/shenzhen/0346.png,c4dfabe64f24f7d7e67b03ea31e280856b244e23b2513bbf5f56697b67516874
images/512/shenzhen/0347.png,73a80746322a33e0869c4ed30547633099bb4da9e9b94d6fc945cb78c402b1e0
masks/tb_lesion/512/shenzhen/0347.png,ecba91eef3e8e8a6899c2e1fdb3f339e0b8fa2d1ad80378e58625f6b7d1435a9
masks/tb_lesion_annot2/512/shenzhen/0347.png,39c64a271c78bcae8a94710af60d7cbf950154fe60bb01d6369e2261080d7460
images/512/shenzhen/0348.png,19fce6c1ebe3970e4edc2ec257b0db5c7411cfccf3bdf6a193deee7a5adee555
masks/tb_lesion/512/shenzhen/0348.png,e870d983be56735e6d783bf48615240fc385f82c02a86b6a4d77e6708a5c56a5
masks/tb_lesion_annot2/512/shenzhen/0348.png,55457ae535e7ead65b755c5a76bf4f2b7b4688a415fe586ba8ce6f817b676344
images/512/shenzhen/0349.png,f929f70edb89d7ea1db02106d106b7dd9a0bb148bf64692fb4219fd849ba462c
masks/tb_lesion/512/shenzhen/0349.png,ebab57157c79a25d75f06c7caf700fad97fb5277c3f9a85da9a21c2df4d07140
masks/tb_lesion_annot2/512/shenzhen/0349.png,d8d4ddef2f6677047eed4118e44ce8f6faa501d2b7032670e47f7df489af8d90
images/512/shenzhen/0350.png,efd549639061677f7f4d93e8b201d291a7da967df132cc407a77cd749b3708e4
masks/tb_lesion/512/shenzhen/0350.png,bce66a4b1a163a9ef36820ccf5991715e85c967eff663ce476c8db25a21da542
masks/tb_lesion_annot2/512/shenzhen/0350.png,6801a736dfea3557ade31c95d9586f04030b25186588ebd86123098ab7d4966a
images/512/shenzhen/0351.png,0054134a69f403a4153f468650a7eae82203149d6898dda824a8e6a9240f889f
masks/tb_lesion/512/shenzhen/0351.png,5366e2943485eae9575e0d5545e495ff031e95d26f03574691ed3a9f3ee311eb
masks/tb_lesion_annot2/512/shenzhen/0351.png,d35bcabf1e7d84051733e241fb2af04215902340d92f320291dc2639da1cc3c8
images/512/shenzhen/0352.png,724f2b0cf4b6bdfc2e4b951d52ab0b52fd69090873869e38d4695161b01f941a
masks/tb_lesion/512/shenzhen/0352.png,720f695fd07ccac0dd96b54775a253902478ade4806c3b02c29e00aa607b64a1
masks/tb_lesion_annot2/512/shenzhen/0352.png,1ea39877a0177f03906b6e40a48b6aca931c08ce28e671196b1cc283f2d25f64
images/512/shenzhen/0353.png,41efaa3f6a426aa6c56d4873a967f8c5be9e1bea7fad47dfe5abd5f505a70b60
masks/tb_lesion/512/shenzhen/0353.png,d127d625630a93f740fca9d681e786fb5b29f55b344379f431f96907833cb05c
masks/tb_lesion_annot2/512/shenzhen/0353.png,556da028d6d29f45bae7893ce0b13a6c5d23ff15fe2fd1da3bc3a2cd58e9d176
images/512/shenzhen/0354.png,bb1796f2610d95a08be2083a58ccfdef51a3882c0ed354a3e80ebe0c6346aeab
masks/tb_lesion/512/shenzhen/0354.png,a0918c55e51d4e3142b59d1a401524060bdb5c1d44179417a14c2a87db04d761
masks/tb_lesion_annot2/512/shenzhen/0354.png,5ecad637888238e17fe60f4d52bc325c5e9537140da8f880e35c886e8527ba19
images/512/shenzhen/0355.png,d3a2eb09e37890ff73b94879c20cecbb5576f4746a3170cbd8941c32870641e5
masks/tb_lesion/512/shenzhen/0355.png,bd3d5763c7c09976bbe4f96c1cc31cd0bbe3cbbcdd746232ff280d72de334919
masks/tb_lesion_annot2/512/shenzhen/0355.png,5d5e7784cc43cdd6ae34421aab798d0662c8e42bd1e34c9a37588952f2abf397
images/512/shenzhen/0356.png,8b65ae8c2ab58cb973660c68b1f9671f810fac985af45213e6dca51d2af00bc0
masks/tb_lesion/512/shenzhen/0356.png,a3fd32621336db4b561fde1bb256e86a932155eae6dbbcbfb137a07b40de7601
masks/tb_lesion_annot2/512/shenzhen/0356.png,30da41680c7a91ca1528f75159cb9178af30202dcfc06205c23285f1e06f693a
images/512/shenzhen/0357.png,fd6b9eda4c921621752a7695fb2af4dc5d04ff85e7b80d90c69f5dee4602cc33
masks/tb_lesion/512/shenzhen/0357.png,d4b39387b394de42e3b8c6c078745979d0fa304803d10be24f529ffc9b06bfd7
masks/tb_lesion_annot2/512/shenzhen/0357.png,825ee1b59c664395f6c3519d327a4e7ffecd02be908c448db43f3f550ffcf684
images/512/shenzhen/0358.png,fd8333b10441933d648d7acd457e7ef30d54eeaf56224e594f5e62a7935327c2
masks/tb_lesion/512/shenzhen/0358.png,5e3f350a0d83f7018a85c337a3ad4e97d1723a89a7bc71566a4498a3a941afab
masks/tb_lesion_annot2/512/shenzhen/0358.png,1748ae1fad6cc717d72ea7ab388c2484a7d495785a772ce3580e65f7d4ee100a
images/512/shenzhen/0359.png,e8814aa28c0164c090909e23d356a61c7234c5876c75b12cc62ebb3118a39f09
masks/tb_lesion/512/shenzhen/0359.png,d69e8a4865623bf77f32013b195de94cc74612565e95a8337c6bd6ec0484989c
masks/tb_lesion_annot2/512/shenzhen/0359.png,b3f1f15542cf61989c817fb277f16cbac07bc5b46f8c5532cd9d645a58748ae7
images/512/shenzhen/0360.png,6c13e34c5b14732df895f0f04a5700d90b73f4d56cbc18418f50f52d232b4ae1
masks/tb_lesion/512/shenzhen/0360.png,122cb1c8155890a478a51e44cb02fcc7f14d7d0077f0f72fc7a22011a7cae873
masks/tb_lesion_annot2/512/shenzhen/0360.png,1dafd748392c951f17e3c641e869300b624d6c8bb127cf18a8a31a1f034409b8
images/512/shenzhen/0361.png,2008569947f8c03ef7e855c8a256b12d414f62c6f9b50cf8960ef79b3e0a5b84
masks/tb_lesion/512/shenzhen/0361.png,f81183eac894106d5ec3c4742c8dd7ebfccbad6ae5c75b26679c49728600424d
masks/tb_lesion_annot2/512/shenzhen/0361.png,f5b5e59578f81e0c03c39ae8535a319b3724fb7a716eee463688b3e61e0d1da8
masks/lung_field/512/shenzhen/0361.png,ff45571d8600418bcf74cb1b5893605fd3e47bad34cf725b10c40d6cd79da8a1
images/512/shenzhen/0362.png,675387522fbb0f3f2650023dc48d058797c204f7f87f58c423839fa2cb96373d
masks/tb_lesion/512/shenzhen/0362.png,0ea8f2df699e903673853964e49bb3acb205d08b309026b4132199739144d788
masks/tb_lesion_annot2/512/shenzhen/0362.png,df2ffdc487f7ba34365fd3632aa8e8bec7081400e5c95527775a5fd4eba530d0
masks/lung_field/512/shenzhen/0362.png,b982dd00aa21a5301e58752c0d2ca2f09ba0ed48d76915723fe58879224f3c3b
images/512/shenzhen/0363.png,654d966a2760a10af435d62710be4051389115e5e19620a00968e0348ebbc598
masks/tb_lesion/512/shenzhen/0363.png,55a828d411f1778bf387ed6c0f97e596b8437f49049019468cb28c32c3d03d5e
masks/tb_lesion_annot2/512/shenzhen/0363.png,153b0c4638c443bc5ceace48ec22e37cd30e1c5400750fd8df18dfcd9f6cb297
masks/lung_field/512/shenzhen/0363.png,ca43a252e0a49031598484c5f38b0c3bac24ad32ec1c2b05c3e623fda09f9ee9
images/512/shenzhen/0364.png,120099e16aab72f313190bc41a9762a7f9fbd3e6487c32b110153a6d2029aaf9
masks/tb_lesion/512/shenzhen/0364.png,d3af3b9da3b6fe8729f226bd5bb2385e2571fc50db8058371f44c997e59b642b
masks/tb_lesion_annot2/512/shenzhen/0364.png,21d247554157715ab54616cb298606067be96ee59669f20b111e2a33a3540bad
masks/lung_field/512/shenzhen/0364.png,3cf52c84e4fae166a07379a2c0ea87008aa2638d44d4f5421158a1b570364ad2
images/512/shenzhen/0365.png,70ee511e641210b693a48ce58127d7716ef85843d4337f6e380b48d4ec7a3a7c
masks/tb_lesion/512/shenzhen/0365.png,532bf4761e70f26227a150a6353a37284257ff654bf936f0922ce2aaccfcd0ba
masks/tb_lesion_annot2/512/shenzhen/0365.png,868de078d569a4f472ba3d5f07afc6481069ac9e3e2034e8384711ead2535900
masks/lung_field/512/shenzhen/0365.png,e3c2c257208be239785a431e4a8b9a64acb5316d0e4a76abc2aca4355c49eb8b
images/512/shenzhen/0366.png,65bb46ac9850955a0db6e69e61a9134fe0b425ebb79d7994e8292d830d7c86b4
masks/tb_lesion/512/shenzhen/0366.png,717075276f9dd0e8b16ac8b31cbbd295420c25faa8b66bf10b1a86d65eb8588f
masks/tb_lesion_annot2/512/shenzhen/0366.png,7d3fc5a52512b0c118d6b1f551c21180027df7eea832ee1a3998f7170e008dee
masks/lung_field/512/shenzhen/0366.png,1f64b1b1b23de6cf5324f7398e2c5f5d5c2044d9290da16e220f53d37ab8de1d
images/512/shenzhen/0367.png,0c7d7a7bc42913cf88cebd50f3241ba1e08c408bdaf5b8cf7142611f6f57b574
masks/tb_lesion/512/shenzhen/0367.png,7fd895c47dfa07c601f0db2658452442a19891ef0674002d0ccacb5d4626bc00
masks/tb_lesion_annot2/512/shenzhen/0367.png,ad1ea7bf8e6b6fc2c4c54437835c1192824b6ccc7c9a2fa5e2638e37db64e8b3
masks/lung_field/512/shenzhen/0367.png,7992d5a35950cdaa2329594fd7d92e3218e148c393124233782a3e732499af8f
images/512/shenzhen/0368.png,0c1f8ea815169e8a29714d7905f4dc9591247b2c9a136c3ff81156c980368f5e
masks/tb_lesion/512/shenzhen/0368.png,0f0c83905de3200d53c47bd32fb37b22f45836b88972d864eca45e5e03076b3e
masks/tb_lesion_annot2/512/shenzhen/0368.png,45558fe3f0edf5eeb177009774c6a1a4f78bcdebfadb17d9d6cc6104a5624a09
masks/lung_field/512/shenzhen/0368.png,c30675e08bd8e49017986119dc159b10ba0ccb76411cdb93a12dbbde22c2cd01
images/512/shenzhen/0369.png,e18bf92bc67a30c65ffedaa965f5447cfb5018aec2252d857b63923b915a315d
masks/tb_lesion/512/shenzhen/0369.png,20fa0abb111624be3aaa5c338bdf27062db1fe9c96bead0782c2e7e96f72908d
masks/tb_lesion_annot2/512/shenzhen/0369.png,532a4a992323c12e92da86a1da0207b02b8c2fb3493c2b9712a2fd7c34445408
masks/lung_field/512/shenzhen/0369.png,10c75cb9cca8d95f95267aadf4cf5d61a32a857d7671276cb790f511e7e90ac4
images/512/shenzhen/0370.png,48ae515b8a208c7e48af56d91beece81e5ccdca1f1dd9616c5b7d649dccbab1d
masks/tb_lesion/512/shenzhen/0370.png,a27a2951a58d6f3b8aecea0cd56896962286b94984a527be58e04b9a733ca1a5
masks/tb_lesion_annot2/512/shenzhen/0370.png,ea500af197289e78b77061485d06129d76ebbf560fdcc0f65cb5c2ea15dd2d5f
masks/lung_field/512/shenzhen/0370.png,e78d56a0c0763b14bbb2f5edcc37ce795b8d8618b3ae37ed9abee7e7e90709b3
images/512/shenzhen/0371.png,6c6f19c275a200c1ddec832c00303c27fef6589f3aca3b4d33396bce4b2e595f
masks/tb_lesion/512/shenzhen/0371.png,0f258d06abab9064d71ad00da3397ce34ba96126722906a604cbb50099f6adbf
masks/tb_lesion_annot2/512/shenzhen/0371.png,8aa6801b03cd0bb1e62e6abf9d2ac5e16f28373c3f3133ce09c10b4fb535a02e
masks/lung_field/512/shenzhen/0371.png,c2c97b255c0e85f1402229ef6d05804fb0e88bc1139729befae9b8eaeb1f9933
images/512/shenzhen/0372.png,d5bd65899fb2d4df3f971218c16c8b11ffcfc063f7ec94c797bed68ebfcf701f
masks/tb_lesion/512/shenzhen/0372.png,ee65a7f8ee6cd38d9b69b2fa5072766dd09b422295ce4673db9d461684f1196c
masks/tb_lesion_annot2/512/shenzhen/0372.png,65795a5b91030a2a433dae510d1edf494082a9cfa1153cd94f3797759f68f257
masks/lung_field/512/shenzhen/0372.png,e60156f59e570022b35d5407e5ba33d8818dd7067f718e970557571ffac3f11b
images/512/shenzhen/0373.png,7716a4b033ee89f3a4c16265204354567ff1b318a28e94fa1b8bd805b3385346
masks/tb_lesion/512/shenzhen/0373.png,a6474d0e4ce4cce2b8ee35cfb020c81959b578547e986ceded4322aed326a817
masks/tb_lesion_annot2/512/shenzhen/0373.png,807f785c75a3f3256190c0bbd46e94beb8e3440c02d235ac3de1871bf12b3f89
masks/lung_field/512/shenzhen/0373.png,8abaacae46f8466c29abbf9448020c2fb94e2bd86d69b8f1bcb6c42ebea3f8a5
images/512/shenzhen/0374.png,7e73c42bc85aae4d20ef93c4b5d90d94044fe35f0fa36a1684b92ddc29550fc0
masks/tb_lesion/512/shenzhen/0374.png,4552cab2e910be6f3e706e77548c2b9832882224048bb740ac8436b580fb0915
masks/tb_lesion_annot2/512/shenzhen/0374.png,b69ef75745135d80accfe80d960c3c4a6782d5b104a7d3d53e5e278cf0387395
masks/lung_field/512/shenzhen/0374.png,39278a44d1a882b490e189f4d9b9a4a3b9c1b28691489e95ad7c5d4c6aebfa6f
images/512/shenzhen/0375.png,dd7c4b0fd1d61dd8613c024a2dc830ae827b1c4aade53c5cedee866387c43d04
masks/tb_lesion/512/shenzhen/0375.png,571d39cead43ae5b6d31faada295219c9de5a068ffaa55a1c1c6a868c5bcfc3c
masks/tb_lesion_annot2/512/shenzhen/0375.png,20df226b0320df4129513af40fc9a6a5dc7a9c96642aa41207e20fc1a8e9f466
masks/lung_field/512/shenzhen/0375.png,09508af0a38181bdb6b721aa2072311bead3d875414844503cde060160c41739
images/512/shenzhen/0376.png,ef2c6d5c407fdb1fe33f463ee6547c0fcc1e51b180be486268061d6e26469969
masks/tb_lesion/512/shenzhen/0376.png,cd839511f54caaf16e302693911a6e5be7c474cd6afdd2f176b584da3016e0a7
masks/tb_lesion_annot2/512/shenzhen/0376.png,8f3ee811de058a1bbea8faee313c8b6fac11b19d563c073168f18e0441fce4c1
masks/lung_field/512/shenzhen/0376.png,c2d562a0121454fe0c31dd59fd3855dbf2345944069f25251e258c9436801d27
images/512/shenzhen/0377.png,9e5eb99b30367e19d91565049bdedd884320b0a43b7024c11403ca56633ede43
masks/tb_lesion/512/shenzhen/0377.png,2d435813014c2857fb7125b05e19d7ac4009be21a0aba574ee8cd816f118c4a9
masks/tb_lesion_annot2/512/shenzhen/0377.png,1e9ef5fd925414b6f0e65ca9c8748eaba7b84ffb0de217849fb4399cf1229276
masks/lung_field/512/shenzhen/0377.png,3141d912f7348c4c90e54a93a468b29b962791f798e35b97bf18c57880f59193
images/512/shenzhen/0378.png,4fa9d47ad5f066639d665c079e3e27f040b7e2784d0f4db875814e3fbd6cbbe2
masks/tb_lesion/512/shenzhen/0378.png,704e9868384d4b1a4f80c4cd7212f7c9ced5cc147304bc8a0f9087a8c0a0e994
masks/tb_lesion_annot2/512/shenzhen/0378.png,5f3888c8807b7bbd8fc8e7f3df868bc28bdaa1f478b709e32a39d3020ef6476b
masks/lung_field/512/shenzhen/0378.png,8d3345b72d67bf2b70f226738374cefe5d2b86f0e76478d79ebd64037520c4b8
images/512/shenzhen/0379.png,ba45938fc80f10f3aebf93314b42ee90d5f61853fc92b8c2738851437be316ce
masks/tb_lesion/512/shenzhen/0379.png,3d7e60ab28b9afba78de59154f932864a6931dd74349e17b1ce79b872efdbf64
masks/tb_lesion_annot2/512/shenzhen/0379.png,e21e5eb4f3000cf1f5e41d95726248309f82e59a77dd1956f579bb092cbca8f5
masks/lung_field/512/shenzhen/0379.png,272ba1b1a671dcb270081c7885d85732487c23ab6bb9e7ac4ea29994c35123bd
images/512/shenzhen/0380.png,0dacb412d7a5a679976ebcc1ece4a85bca9f25ab7393d2aa8c39c5253e69037d
masks/tb_lesion/512/shenzhen/0380.png,c675f5180177d94cb456b4cf761e90816febbff5cdbf06b4572b1593530d3535
masks/tb_lesion_annot2/512/shenzhen/0380.png,65795a5b91030a2a433dae510d1edf494082a9cfa1153cd94f3797759f68f257
masks/lung_field/512/shenzhen/0380.png,42e713eca62571c0ec38517225d86cbf38532041611231f817496014357aa823
images/512/shenzhen/0381.png,4d5f8d63e3ff79c6af855f629665e4e6b807839a04b4328a59428c7285d2c462
masks/tb_lesion/512/shenzhen/0381.png,868ee462cb3c2b72d499aeb1234ad8a76543ad0937ead087e78ffe1043bc282f
masks/tb_lesion_annot2/512/shenzhen/0381.png,b93750179501ad8d3b2e5470f08e7a7ab61646beec015862a09cbb29ea492b52
masks/lung_field/512/shenzhen/0381.png,ad2328fa393496f3b99dea0322dc44e8b95dd05d4d87493336545c6416c861ad
images/512/shenzhen/0382.png,135cb78316ab01f068c13e87002ce21e9312092b9ae58f5a84dfa799082e178a
masks/tb_lesion/512/shenzhen/0382.png,85fc682d4c9023aa21803f846cabbeed955833912064bbcff0dbe93917611bd5
masks/tb_lesion_annot2/512/shenzhen/0382.png,fc6c7f3fb4039ddcfa6bd6da23e4bfbcb20458e2ebb3dc2a8b635c91434a3443
masks/lung_field/512/shenzhen/0382.png,bc3b812f8a053a2a90d64404ce71bf2d156d0df653309ba6debf17f02066fd57
images/512/shenzhen/0383.png,473fe31b31b533983c44bcc969565a3e36ea7a7dbcd6d7f3aba375712eecce25
masks/tb_lesion/512/shenzhen/0383.png,9d9933f744977efb976e2a7370b807503aad2964de6079c3d5c6d975d42d157d
masks/tb_lesion_annot2/512/shenzhen/0383.png,78d2f8864d7e21c880caa9a55c5b41b8b95550158934ce50ac808a99de48a194
masks/lung_field/512/shenzhen/0383.png,b596863b2698606eb9d2a44d4bdad362cc5108916ca7caf5391f0840f63e9e4d
images/512/shenzhen/0384.png,7b2cb71c90fdec71a07f3fd709ec462f3a73d9efa26d02b7ad558587d0a8b035
masks/tb_lesion/512/shenzhen/0384.png,23d71d1a216e3868e44c0a162a9109e93949c6b1407e378acbf0c213a0e1cd48
masks/tb_lesion_annot2/512/shenzhen/0384.png,32e5b9204406870b84d7e35b994fe35321cc1d3957248cb5746b9027afab805a
masks/lung_field/512/shenzhen/0384.png,615ba355dcd1b5db4a477460e3d0ca678ba2d06c626583cd38dd77a968cda90f
images/512/shenzhen/0385.png,96b4fd104f33ea781f2056c0ec840c0e438cc70b488fd70db6134dd0d339b2de
masks/tb_lesion/512/shenzhen/0385.png,7b01d87a985898ca7daf61f758abfe33bd604d6033d40d88b9203b3b70c74d5e
masks/tb_lesion_annot2/512/shenzhen/0385.png,044fbccfb0169061a5a7f71921e700119c75278eb4da79d2c82fa5eed28300a1
masks/lung_field/512/shenzhen/0385.png,3d4a488c5de46d29167dce464812f29b4559e4c2ab8620f87c454b1caeef4494
images/512/shenzhen/0386.png,591f50f8409fc687fc38881ec1416c5a2507c8f20e45afc031a090a4899e0f03
masks/tb_lesion/512/shenzhen/0386.png,b2fc3b3eebba2509d6d2b9aa214bde2d9b8b34623be0649de7d5ba998d04d793
masks/tb_lesion_annot2/512/shenzhen/0386.png,94fcf7099ea769a500075a5e0a0e1be696cac39b986fc09dec39774ce0348dfc
masks/lung_field/512/shenzhen/0386.png,ba0ea81e45ae2e71c528388b11ef3ee1ca057b1599ceb5b682bda4aaca02520f
images/512/shenzhen/0387.png,1a0c92b280b21c3e027c674c168e6ccb5381815352da6ab762f6b07b6dcb8d1b
masks/tb_lesion/512/shenzhen/0387.png,05b121056a2fcc525c631f890c9715fb110243f521fc2d88a9e038c1c0529ca1
masks/tb_lesion_annot2/512/shenzhen/0387.png,19c26c6977f72da7bcdc3ee93387fdfda1da28fd7cb830e8615a9ddd765e062e
masks/lung_field/512/shenzhen/0387.png,1e15b028af9b8dafcaafcb5056d37b0adb91ca5c4b32391cfd2bb3d07ebfc980
images/512/shenzhen/0388.png,43cfade6645f03d4a6ae9829b3d3a71416040c0e5100c229992138cfdb2f9b77
masks/tb_lesion/512/shenzhen/0388.png,5d4c129d4adce52143c174c9b593891d5ad28b96a8c7bc32b41fc49926d3a37e
masks/tb_lesion_annot2/512/shenzhen/0388.png,4a362042bea79199076620d5c719fc2981b6769a7dae9f0c6faa114483203edd
masks/lung_field/512/shenzhen/0388.png,aed7cf66b90cdb22e84856bf2835bfdcec6cc157d5b43ff0455880f6358e7b2a
images/512/shenzhen/0389.png,51ebb2e0214ed77ee07df321aa2919bcf71e3f4e062764686a8afd03f33615b3
masks/tb_lesion/512/shenzhen/0389.png,ec6318f0eb3cd668734abfbba95076de8e24b89c4428d8bcc26e43af1ec15dac
masks/tb_lesion_annot2/512/shenzhen/0389.png,6b392c02b685fe33eda6d12e9dc6d6fc7f0fa085c557f00b2cdc6be74c3ad05c
masks/lung_field/512/shenzhen/0389.png,cff39153aa314d3a91196ddab0c381ba73b0a17cf0de5d283f289a087e2f4cd5
images/512/shenzhen/0390.png,2e42dab3af3a527ad7715aa8e04f15a718209a1eae4f5fe7dffed0f53ee80905
masks/tb_lesion/512/shenzhen/0390.png,d0b8da5d92920a512f0d68f89b27f41a7e7ca47d9b4079ee114df14d60af6730
masks/tb_lesion_annot2/512/shenzhen/0390.png,cafe7529007bac255c08c1f3fe96e52303fa8422db03e9f96f71847841007f6e
masks/lung_field/512/shenzhen/0390.png,f35a2e0bf183843ecc62ceb440291cdbbc9464397b2f7e4da5a68d9d1b9541b1
images/512/shenzhen/0391.png,e596ac92f9269c0ab264102d100e5825a6681393ca3a9450d418eba05a02c824
masks/tb_lesion/512/shenzhen/0391.png,c9a1498118f24660cd32b5b69661af42834a0340e11254294524d13a12aa824c
masks/tb_lesion_annot2/512/shenzhen/0391.png,edf24bdedf593a7e6f11c240f6a039c4112880834d0a6f3638754cb2ae8dc94d
masks/lung_field/512/shenzhen/0391.png,45a059bee1c51592659153f0bb33cf911473d4aa6834e8fb8c47be594d6a2001
images/512/shenzhen/0392.png,fd2bdc90a517bd0e90ceb14295d972a2204bc7506a67cf45b5cd33db327846df
masks/tb_lesion/512/shenzhen/0392.png,1e3dee773a28168b9a187ac63e1b618a0c242b574125d36792af6f1e4dfb9792
masks/tb_lesion_annot2/512/shenzhen/0392.png,c40c088b4ec7beaa854264a2f205445f241a18ba85ea3be3009e8c6bfeb9c640
masks/lung_field/512/shenzhen/0392.png,b3840f03a31e4a7e252b8b9fb368abdcf4b3cfdcfa16d5356d82b38e02266ca8
images/512/shenzhen/0393.png,78025029bb7516db0d61684bb71144579e488a306e9e7a81ae0ebebff31e2821
masks/tb_lesion/512/shenzhen/0393.png,9cd55083ff57fb838b9458f04f25bf107d6d4e3fa66cfdf322b70aeac9aca24a
masks/tb_lesion_annot2/512/shenzhen/0393.png,6d1658c0eb732c3cc179e31a32a1a2b903febf0cb8d4b2c444b72fd03fb28fd4
masks/lung_field/512/shenzhen/0393.png,983d37a9af832b391a68afe5ffba78cadd2132330e4afc61cd9f8ece813905c2
images/512/shenzhen/0394.png,f39e79fed3af2035bb4f5761f8cf238d6e3b065f796fdd23557d9b793437d7da
masks/tb_lesion/512/shenzhen/0394.png,bab459296c17c49931306437bf59e64ee57ad76074c5b5c590e06feb89497cd4
masks/tb_lesion_annot2/512/shenzhen/0394.png,352f47661aab34eaf965e516226c9a0cbc843d050f7b7e1874938c2caab3b4c3
masks/lung_field/512/shenzhen/0394.png,e6cf50c1e29a67f774cc51aed5f66e2f32888292619640982660b5efc3274bb5
images/512/shenzhen/0395.png,09443b75e8256a189f6b481289d553b1409723cebf8d7c3b7b452a9780df2a56
masks/tb_lesion/512/shenzhen/0395.png,2620f89227cefddd0ecdc3d68001b65259276308a19f22f749ae0b6a91008807
masks/tb_lesion_annot2/512/shenzhen/0395.png,a0b42d25f780d54fb377b2717ca4689d6130249b182e99d00ee9b90d34c6f1ac
masks/lung_field/512/shenzhen/0395.png,ebb620aca44e840b2c01b3d92565b48bbae2f71b8f847b0f5a831a0b50ee42ba
images/512/shenzhen/0396.png,1832b9ff60921748672d1efc71314495f6e4709a77dd5be9ef8de3f32cead30e
masks/tb_lesion/512/shenzhen/0396.png,ee9c3586440c312a6f48bb799d113906c676e75a50ff7c653a71733759b4b9c5
masks/tb_lesion_annot2/512/shenzhen/0396.png,8fe1f0af9ad45ecc6ad03621f928a73b6a8d82bd6295cc33583efccd1aebb65c
masks/lung_field/512/shenzhen/0396.png,347e771d18087af580e4adbe57764093a5c0112a6309d6dba176205fda7f10fe
images/512/shenzhen/0397.png,abb034c6b30a1f685685e1974d0e7166f3dfbff58575f28bb3423b6b13c5956f
masks/tb_lesion/512/shenzhen/0397.png,72195495e44bb2a8e394b484601a43ea698ce23d6f357cac9a7f2272dc63a7dd
masks/tb_lesion_annot2/512/shenzhen/0397.png,d52dd9a131a76a219cd650f32614d77500639b02e74116f24e88da93c1131970
masks/lung_field/512/shenzhen/0397.png,5e93645812f649ce8373d6c744a7dd312734530509e7a525d51c586eca2c1d49
images/512/shenzhen/0398.png,2750a6e1b6b4c9a5c38f4786952b4b22d9a6fdc444deef2ff6ff17ecabd70dfd
masks/tb_lesion/512/shenzhen/0398.png,6a7c1f029a00d9269403d8f19f61f7fa448afbe1f897f58526c9782d608b18a8
masks/tb_lesion_annot2/512/shenzhen/0398.png,a5c97a2bf70f8384f1d2a95aa3e2d04ef7a2c2436149c2623ee5d413d242c608
masks/lung_field/512/shenzhen/0398.png,aa88bd0d9cf60b00051e9f3ac9a51ac5b44ad3e6ad4b54de456d3c28acecc4fb
images/512/shenzhen/0399.png,f34e72fc77911217576a384e0c72a3e431534fbc52effc9ef4d80a73a6e06d9c
masks/tb_lesion/512/shenzhen/0399.png,75f6916d50846f98fa80dfd43e67e48ce019e7bbd13182e53ee2be7683aa6333
masks/tb_lesion_annot2/512/shenzhen/0399.png,b94b526f9699cfdde8366efbce49da44558103cbc26f6c68cee2c2715f9790bf
masks/lung_field/512/shenzhen/0399.png,627bd3141a69e621633c989060900372e1b097a6d08063dcc75eacf504b92a44
images/512/shenzhen/0400.png,8fd3ef8eb672e41564e6860f2badab1967692a48126062db66b9deae137be09f
masks/tb_lesion/512/shenzhen/0400.png,f9f5b378a4225c72777b31d1e1cb3cc0732f07e5d505e9a46ec502fb053fbb20
masks/tb_lesion_annot2/512/shenzhen/0400.png,e0d2bdada2d16807503a1b6d6ef5149f8b4226d9e56ce35605aa6011e6a2676c
masks/lung_field/512/shenzhen/0400.png,82d9f97028050a71253fc76da848904ed8f48fcff1fd47f0eb7f0c185ef6fd15
images/512/shenzhen/0401.png,dc5e22729144b80307aa8cf0f8c1ab236009e9fb7533aa74c6cc3c7a94e0e072
masks/tb_lesion/512/shenzhen/0401.png,3868842c998cdb6224166631f2f8aef763b2b67a521a66f67b8ce009912cadf8
masks/tb_lesion_annot2/512/shenzhen/0401.png,6dc775a01fd2f4230e604abc39cd840286eea354a33ef59b45818cee637abe30
masks/lung_field/512/shenzhen/0401.png,21bfaca97f4f1a95a46996b5eb80a2593360ca60c15647ccf2631c9306b6c2c0
images/512/shenzhen/0402.png,62c775c1f1cbbbd47a1dc501a4cc6be370f5ce86bfd2cbcf57a3e0aff0a1e064
masks/tb_lesion/512/shenzhen/0402.png,c6ba83a00e90b74a9759439ef7f136610114307410fb13d40e8b658c8f4ed0e5
masks/tb_lesion_annot2/512/shenzhen/0402.png,1b45e35a3b3bfe9702d61a1ec13bd329f6d9fae32e677dc5ce23841d978a27cf
masks/lung_field/512/shenzhen/0402.png,6c14b26ca1670eeb8e7001bb385dc70a344c26acd1f502727068037f8b67d126
images/512/shenzhen/0403.png,b258e3b4c6cc29d79be8b24d8f617f2c2f82dae35ce73b2e12b5f15a95639ad9
masks/tb_lesion/512/shenzhen/0403.png,2316ea84f09a32f04673395d00959f7c6b800909da0a33238be6f9487118b8d7
masks/tb_lesion_annot2/512/shenzhen/0403.png,12507e6a56eb15e936a1b8aca6093af58f288496eb5aeb269f92d06a87b71544
masks/lung_field/512/shenzhen/0403.png,8d4a57bb8fc9b3ba986f16fc541d4a0a2426642d722944659ea9caf58f618e06
images/512/shenzhen/0404.png,11fadede1559295717d0400c523798ae1765a50cb49f1cfd5e29f7125631f606
masks/tb_lesion/512/shenzhen/0404.png,59ee824ae3226227982b5c125a1576aa20a8d5a784d995fc4555a0eb7fe705b7
masks/tb_lesion_annot2/512/shenzhen/0404.png,65c47aecb975f6ac1bfd33d94a2bbb70e647ec21d8e251fd51d732c5977a431a
masks/lung_field/512/shenzhen/0404.png,c41ecbd5df9986df5816968531df03595efcb13749a272b981b4b9fc0489dcc5
images/512/shenzhen/0405.png,83df8eb8a33d159a633c8e365ca8583c64568ed107e7f43661ce7ba0b1e49956
masks/tb_lesion/512/shenzhen/0405.png,5fea59865b57bc280eaa1b7bc7d74fd85c264bced92fa161fcfe21318d3ba429
masks/tb_lesion_annot2/512/shenzhen/0405.png,1fafd33151dd476d569156de83a28711db73dffd2f9eee00ae3a169095bb990a
masks/lung_field/512/shenzhen/0405.png,50bacd0110e100bada629a39fcd7d79a7189e5475a96094db274c29817bdb4a7
images/512/shenzhen/0406.png,0f9f0cc6b1877e799c72d1ac4c6856991ec9bfcc4c5da7a7a3747071b635d44f
masks/tb_lesion/512/shenzhen/0406.png,9f2995f0df5d6a4a051d365823e0a0fbe9209644e0b16ba877abe06c58c4b660
masks/tb_lesion_annot2/512/shenzhen/0406.png,3c1a4c4bb0efea36b6bad33404ca22f98319fcbddc8828749321702a585f4e7e
masks/lung_field/512/shenzhen/0406.png,4155ad3654b7d2d6595a632a5d0529ac41453d3bdb5985372cbab3372999aa8d
images/512/shenzhen/0407.png,8133d7c44100534188adced24304d2bd6c39e3fa628d9831c5f4619fee55e215
masks/tb_lesion/512/shenzhen/0407.png,14dd29866b9c17f31368f81b558d91aefbc3a91d8d35643565e5859d3aabb3bb
masks/tb_lesion_annot2/512/shenzhen/0407.png,0d84725af51ebe9eaf6379f2c132278912d1990d24eb67e06abaf963df31c9e8
masks/lung_field/512/shenzhen/0407.png,b746ce950e30764eac977f45ed269e1d4be8fd7f55261d93dd2aed51298a47b6
images/512/shenzhen/0408.png,14b1f7f68f57b5a4bb216af633a162fd8563a2087d07af1732693beff10ab4af
masks/tb_lesion/512/shenzhen/0408.png,3a82aef8ae75ecf695b6e38363ee58d6b13ba5bc62c9820b11965e30e5d70541
masks/tb_lesion_annot2/512/shenzhen/0408.png,4de82014a0057d3eccd9bf2975b77c85c93a9deffdc20d4e28067995414ac0c4
masks/lung_field/512/shenzhen/0408.png,43600d11364611e38b316558815ba4024016bf87ca15c3d7c9620e33549fa23c
images/512/shenzhen/0409.png,5cf9c141bd0705566e75c4af73089d82b378b049c85f19635475029a4779184f
masks/tb_lesion/512/shenzhen/0409.png,b3ad3eb9bb34f219a15d5e912ca97acb65e8471202e374f0ec168c196fea8b54
masks/tb_lesion_annot2/512/shenzhen/0409.png,225666d4eb05c2b21b816694f0e8ffa14766fba00de8b84556ebb73348ebbc2b
masks/lung_field/512/shenzhen/0409.png,a315f17acf2d0b87b1ce3ad0597bba2fef53338809fec8a4735faf5e2c580340
images/512/shenzhen/0410.png,7027c028b768af186a4373766a1610d57754ea8268b35d2a7f07121809f03552
masks/tb_lesion/512/shenzhen/0410.png,53a8edbd7bec9f67c3afcc68b1651611efd1e991ba3537cc283b6c4f6f893ca2
masks/tb_lesion_annot2/512/shenzhen/0410.png,44e8fad9909655f07860b8bd8c41aa669f912d88d7d8f44714d3ec9c9ba30bb4
masks/lung_field/512/shenzhen/0410.png,01bcd75544daea996dd8d47867ea6d641c64df165e9a974ce1a5901921b8edba
images/512/shenzhen/0411.png,d0fc110c8c0a2238fa97381bf78d27c8da2cc799b8f3d982686f696777b46623
masks/tb_lesion/512/shenzhen/0411.png,f6ee623df19815e2bc5be224beb0a45bf5452e93179e0c3185447f2b41ec4a7f
masks/tb_lesion_annot2/512/shenzhen/0411.png,486bfd3d1228e0a6cea7b42238fae79caf561efaf6cac779a7d667bb80a6f29c
masks/lung_field/512/shenzhen/0411.png,b5c32f17d55250baa70824a1946b75fe21b00c0ad7df9b1b183efc2f65ad1dcb
images/512/shenzhen/0412.png,a91beb0e250f82dc0fa6b8713573c8f6c4838393fa4e829719a570343a913c01
masks/tb_lesion/512/shenzhen/0412.png,1b478ba7726b3f2718be16a6eeb7756d86822f6532446cd7c41610e532bf37fe
masks/tb_lesion_annot2/512/shenzhen/0412.png,3e009f104d86a709d5ae2f14d713beb450d3e36ecc0e975ba9f275ac61a6b6df
masks/lung_field/512/shenzhen/0412.png,664f63a52a8f49c3b257715964731c1c51be4bf63bc77a95afe7a0a1c1f69a17
images/512/shenzhen/0413.png,630322a78198b6671d709b4095ab3d3ab3cc8eeca8e0f3f82c80d2d587d526d6
masks/tb_lesion/512/shenzhen/0413.png,8b11a995b18f508d15aced19796455deee3b69a6e9dc9cfff1a3c862473c749e
masks/tb_lesion_annot2/512/shenzhen/0413.png,47aa2f2ec221c6f83be49aaa087ea1f8dc8769dcf766b8184c71830fdca0adfc
masks/lung_field/512/shenzhen/0413.png,5e5b4cba9365e3b69a735960888f559aff829594c7545dbcd0147ce9c68f21d8
images/512/shenzhen/0414.png,bb43fb933b6d4f83144f5f92d1aa708927b3d846965ff6e2e194e26a2f3e88a6
masks/tb_lesion/512/shenzhen/0414.png,4b385f0790ec73920b0320c7ae35bf8720800dc48f223c848e9d3df43ef33d51
masks/tb_lesion_annot2/512/shenzhen/0414.png,fabb14a7e2ea5a7bdaab79de9360ce0b60d35f173ac67a5a006e98cff26d8ff2
masks/lung_field/512/shenzhen/0414.png,03c0042fca2fc26f72ff6869b50981db65e5be9d7c5172b4f5cbb0dd41a27de1
images/512/shenzhen/0415.png,b033f17a3790382d9b1ed9eba08ed359a9e22eadf95028be21ec22e1bbb4dafc
masks/tb_lesion/512/shenzhen/0415.png,bd021d029d1fcaa0cebd11813142978916ddf16a91cf85d587e5b494d2a239c3
masks/tb_lesion_annot2/512/shenzhen/0415.png,fba89b700ee322b4710ebb13363f3446f6033f3b4897e2a91ee3ce432033b40c
masks/lung_field/512/shenzhen/0415.png,c9e2b22cdc0beb6b0323efe1cd3b558d5275ad046d52d62cac98804ed0563314
images/512/shenzhen/0416.png,d34e6558128f9388c3df922c77594c3ad210991c0835d874ebbd498a0317b0fa
masks/tb_lesion/512/shenzhen/0416.png,3f2dfaaa48b851c3a89df11d4e0b5253fc052ef2f05726ce58556431d6b22adf
masks/tb_lesion_annot2/512/shenzhen/0416.png,86b7ca1bf577f26daedb5f8a8bb99cfb5cfe4288ea717a6c41d86d301c262903
masks/lung_field/512/shenzhen/0416.png,f46220eeaae796e580ea7c4cc99966d88682031344bce4b56f45aee664e0460c
images/512/shenzhen/0417.png,a30e7ef0e0970189a2beae2f99918eceecdf71b1dc1e04221584cef92b0c62cd
masks/tb_lesion/512/shenzhen/0417.png,20885f0778ab5e00ba178f1ddc867de2c5c4d6c6c67dbfe03ecca2ae83f3a524
masks/tb_lesion_annot2/512/shenzhen/0417.png,7b223dd53b4d54af8579777e778d77e0afcf09444fb9efdb94245c3946cbf389
masks/lung_field/512/shenzhen/0417.png,9b7b227f556761b49f88df8964305c572a699f4217c6c1fc7c8f9a2320d7a8a3
images/512/shenzhen/0418.png,b3adfa9bb3bb8ef08d7888e729936733991c81710f3c32dd68f1fdb07b5387c1
masks/tb_lesion/512/shenzhen/0418.png,c4142c88079a438f19970a7dd734a88460728956f92d7a7c8bb246c2a223747d
masks/tb_lesion_annot2/512/shenzhen/0418.png,09c4dcab36e5a1d307fa5048ea1e08198be7eed82e8bff09b3a623324ad8d03c
masks/lung_field/512/shenzhen/0418.png,bee7a8faa0ada249afc8c696dfd4fd551f41947cbfbfb45107f7084f4e4fc861
images/512/shenzhen/0419.png,69b697b7e3bb1b260a2c89bf91348c319f71a7d235a9942caa26000cf07557e9
masks/tb_lesion/512/shenzhen/0419.png,6756f58b5e457b93e7808097c3308d36d37ff6bf06b0355549077ae83864ca6d
masks/tb_lesion_annot2/512/shenzhen/0419.png,4ea9efd33386ed5fb695429e58943e16c79039c8a4b477b5e3da17ab7fb73997
masks/lung_field/512/shenzhen/0419.png,3e95eb3c702879d8051113e3b28f14bd617086747bbdf15c1c83c9165d1c8e14
images/512/shenzhen/0420.png,4080c347621b64df577e8c447d03ed16c8203f4945e38eadac8e76653ede0dc8
masks/tb_lesion/512/shenzhen/0420.png,0bb56198b408f1f386e3e7440144f4fd88ee0e4699e89c588d883aab63e37ade
masks/tb_lesion_annot2/512/shenzhen/0420.png,8c3f0ea57d6b6cbff445c3d2c219e0e0d703319a647dd5f2f8bf803241e3183b
masks/lung_field/512/shenzhen/0420.png,99dceaf64d1525c31ab8168700aaa7d5c6ddda0435cf11ea44b0d34eea279c49
images/512/shenzhen/0421.png,4da86ef71605a8b6236ad96c02c7f4909ea5193b980226773da4b91b8acf133d
masks/tb_lesion/512/shenzhen/0421.png,180866e10577722fa430c5a1829c34c9feb96c1eb6e40bdabb4a0957356eb943
masks/tb_lesion_annot2/512/shenzhen/0421.png,d10997719b57bb919fabec8caefbc759f1700b923e1818f06fa2353169260576
masks/lung_field/512/shenzhen/0421.png,f07657e8efb9df95f99836776fa6e8c05573cec342820d1aa4b5b378debf4139
images/512/shenzhen/0422.png,4f7a6186fda267f09675ff96b0832f7e6c4dc03eb7222c7f1bff1aba466c2acb
masks/tb_lesion/512/shenzhen/0422.png,61d93068d54d61b24ccd39ffd1ef5c7afcdfb3c31905aa2974b86c3cf19ea5a4
masks/tb_lesion_annot2/512/shenzhen/0422.png,522b9e965e6aab02bde77f623a52c3aa7486a4dc34c89e4924e84e2c4e4992db
masks/lung_field/512/shenzhen/0422.png,ae7fe8905143bae9272549ce8343665d928dfc835c6f8eeb47bab8851e3e6df4
images/512/shenzhen/0423.png,bc1aa694d3a85b68fabeef06e7a8639960fe76a2d1d2d5ecf3ce9be49fb38c9a
masks/tb_lesion/512/shenzhen/0423.png,53317570473eed42cdf8f5abc71961474b6626f8248cff83fa4e2e8424111025
masks/tb_lesion_annot2/512/shenzhen/0423.png,f866d4e8c6953dda693f05b09f85983e6d921ad68309461601409a6317404ed2
masks/lung_field/512/shenzhen/0423.png,adc738ef644b95687eeb9ce4ed91440604168b2e55a0056acaf4604a666a9a2e
images/512/shenzhen/0424.png,806a358c5d5b7a1276f76d2c7b5cd5c780d4a59ecd7ba2a8412f7a1f0b37acb8
masks/tb_lesion/512/shenzhen/0424.png,7246818d5f42172b75c8a4fb4439401a67d0814d0b5d37c0db6657e33f70628c
masks/tb_lesion_annot2/512/shenzhen/0424.png,b9dfae9130978e2731ac1b0f4479af889a71c32c869d545457c4d07b3dde7a57
masks/lung_field/512/shenzhen/0424.png,7153c3774b7e8961f194827df1662fd7f0f688764833ee209f778266a0406507
images/512/shenzhen/0425.png,ca055e8dd2c523e400dc2ce021b098079bbe334cbebc445d4cf794a30ce6db0c
masks/tb_lesion/512/shenzhen/0425.png,1024311902b2f572b244fc81adc52243753e0071124bf6adc6abed58f560ed7f
masks/tb_lesion_annot2/512/shenzhen/0425.png,999bb4169b57e824f3b447744995fc4987b3c3c2716626f50a30464a296395f1
masks/lung_field/512/shenzhen/0425.png,b5359794344ad488a770c744a675dd0ae86a1680a514309202445cba44973139
images/512/shenzhen/0426.png,44949bb7fb8083c5c0d4f1184b5ad6d6025b1c3c2f3a9f0a884243dcbc42e7cc
masks/tb_lesion/512/shenzhen/0426.png,3d499fac596ea28dfe937693552a761cad99c2fc4fadc8e45642e2ad26d3bf12
masks/tb_lesion_annot2/512/shenzhen/0426.png,d9ef514b549d318d584e12866a7563abcbc124472f7ae728902f0e0bf3abff73
masks/lung_field/512/shenzhen/0426.png,854e9d4cdd34e834924484d7900e4114fa67a89e70cc7681f9008c2cd17caaf8
images/512/shenzhen/0427.png,d3217b42413903a9157b34d43a482cdaf63dbfa4843006ec116f3b2f2d844635
masks/tb_lesion/512/shenzhen/0427.png,b33e49dd1552f199797b0cbf097ba1aae834d6da9f5d89abc3a8b7dc657440f4
masks/tb_lesion_annot2/512/shenzhen/0427.png,b6206dc2556f745da90e8e6f8886ec619467fd4447c899644b335461c0330a8f
masks/lung_field/512/shenzhen/0427.png,e5a12070d508feb3ce51ac5ab843c10cc3c2fecbf879138cdd713434a1dc84ad
images/512/shenzhen/0428.png,e507f37cc08d4c2561bbdc71101c06a03eeb3c5a391064b7d6f1c37d981fb29f
masks/tb_lesion/512/shenzhen/0428.png,a08d3521b2e12dc5eb529616768d76447a388625e83ee1ac8e26e6202c97d684
masks/tb_lesion_annot2/512/shenzhen/0428.png,ea0489c23bf8261d4093ca2e5ad36b518d58e5e9a933e3ca0cb6195e9f734e20
masks/lung_field/512/shenzhen/0428.png,f6254438c7024cb79fb8d615c25e9be5740f8cdbf6b11f3c3bdb43152b94a790
images/512/shenzhen/0429.png,0dfd6cb4da43ca4a5d891081890d52e61470ef72d416a2dee438f6787b633201
masks/tb_lesion/512/shenzhen/0429.png,394cd952090d1b78386d1ee23b73be3855cb331335ea413f18d542da5ff7b44a
masks/tb_lesion_annot2/512/shenzhen/0429.png,64225b39c5d27d62f6eb998e1c213fd00e042a95c24467d50ec0dc8a530cd0be
masks/lung_field/512/shenzhen/0429.png,446d5e0437774baf081cfd18373b9b05e9463f5a60de38e60294922fbc0b0882
images/512/shenzhen/0430.png,fc76efc105e67ae2cf8f8ee60585609a54568d5de150aa6da9b4859ea6b36fc5
masks/tb_lesion/512/shenzhen/0430.png,639ea5b6fdf22d4190e58a22b68a07673b20cf3a4c7159936e72b3466de002b1
masks/tb_lesion_annot2/512/shenzhen/0430.png,7e49d57d89b88c3d3dafcb39a114794005d556bdf2de2445a8f04e2503cbd7f9
masks/lung_field/512/shenzhen/0430.png,3c967742899d737c43eec3abac7b318aa384481c2a2c2d4efc89ff941cb25a5e
images/512/shenzhen/0431.png,c3c74b1500fb6bad98db2aec5307caa54a3195f75e034c86f49735e694bd78bd
masks/tb_lesion/512/shenzhen/0431.png,99115fb00cf302791e1e3bd96a8f45314318dde44f9e1961393b0d166dafb5b2
masks/tb_lesion_annot2/512/shenzhen/0431.png,c8d2997cb17dac06a39d3a0d1befccc44cad9d6d864f9d6ad946c23a7e86dc0f
masks/lung_field/512/shenzhen/0431.png,2be43d010561a6959390fbb69109e67e881d56450483fb52eb1c52f5ca704933
images/512/shenzhen/0432.png,03f3ae44db734a4b0986915abf462d3eec9efb74b1d1f555931a3436835e9ac5
masks/tb_lesion/512/shenzhen/0432.png,7c2e25046bbf892d9631788d202056b4727c7ff0b72754fe2fd916263ce67355
masks/tb_lesion_annot2/512/shenzhen/0432.png,d4aa53dc624377e525bb9dba1a7595457b6abf3f4341f6af1327beb5296ac4ff
masks/lung_field/512/shenzhen/0432.png,4772e969159b169f1012f01a677d4ac2d328048a7c0abf68dc758be1068fe7cb
images/512/shenzhen/0433.png,b3cc3f6d0c56a61177f9ad1e575b124d7aad351a7e2e40941d89111048b56d7b
masks/tb_lesion/512/shenzhen/0433.png,d5f87b2ccd75116f2358e94d72db00bc886f7c4fa7d89c083f90884e303da021
masks/tb_lesion_annot2/512/shenzhen/0433.png,aebc26017e83871ef86db50cf759eddc859123b453e3b4551d0a1690cb1c4b50
masks/lung_field/512/shenzhen/0433.png,d3f37980dcb9513b16096d4d6e0649f002736f3b06d7c2b7aefdbe98e7358d21
images/512/shenzhen/0434.png,91e7963ee972a957e7f61ce90992e5b6a4b1f18c23197707c515657e116c9bae
masks/tb_lesion/512/shenzhen/0434.png,64c771b255b2502f101ab3e1b9cf88f2797b7abeb306d1257a6315fd663592ad
masks/tb_lesion_annot2/512/shenzhen/0434.png,d61c4bb515c0afaf640e1131fb423d838c914926798e545da772688344f02a6d
masks/lung_field/512/shenzhen/0434.png,549a765fe9a70397817f0036c44411cb6d4d45dba54d27ccf16ac4a809e11e76
images/512/shenzhen/0435.png,34686e3b0112fab6639b6f8e48b5c32add63fcd1a8c9ea14e2fa70ee3a20e6d7
masks/tb_lesion/512/shenzhen/0435.png,fa3750a5ac15bdb33dad697c5d2ef5da80bb4c6a9c19c85e9df48647f46973a1
masks/tb_lesion_annot2/512/shenzhen/0435.png,0985374e2be84455304148115b7f13660b3d8a4aac5b9b2d8c40afa42152385e
masks/lung_field/512/shenzhen/0435.png,e1af36f766e4660c660427cbb8ca88fd210a361eef8f8084f07d65d662c7e80a
images/512/shenzhen/0436.png,f384cd8a1bad665c4bf27dfaf3745443b2b35a27826246834a096bb971d6ab0a
masks/tb_lesion/512/shenzhen/0436.png,f65f4c7e5f82237995d6e6f4c215cc28a0b3bf79b982e42b466ea4eae3950835
masks/tb_lesion_annot2/512/shenzhen/0436.png,225f3659a4579515c05e03e2bf8c64c2ff8e3f073fc0918b966a6680022c20dd
masks/lung_field/512/shenzhen/0436.png,184b79e1a8cb9a4d4d1d3877eee3f996897f32f6c52028cc75b67354000996cd
images/512/shenzhen/0437.png,0a927af7da564ca70e503b1c328f6a75a5d5fdd1632158b8e99521d41350c76d
masks/tb_lesion/512/shenzhen/0437.png,3e85100dee588c172eb661bf81c1987277e19c1fc132ad193190f3a98c46f7c3
masks/tb_lesion_annot2/512/shenzhen/0437.png,09dcd91a3c3123485d3b5263dd8d9abd0aff001987a22457cd79cce47655759e
masks/lung_field/512/shenzhen/0437.png,42e1cded0fe656f32df3373a93af2ea2744ef4478370df485a3227009647ef23
images/512/shenzhen/0438.png,209a6797ba9fc20160578ff9cc051cb54db35c12169bd6126f8ef66a363d3e29
masks/tb_lesion/512/shenzhen/0438.png,3bc2a0b3223199b1b17ddbae9b0d74307580019e76cb36e3d5641730360c1104
masks/tb_lesion_annot2/512/shenzhen/0438.png,053dec7fab7da77b613f98c82588f6522bff2e00dbbd3a67fd4692872ccdc1af
masks/lung_field/512/shenzhen/0438.png,9d3f106c65e853d15e71ede5af68b3de7c03feec6c2b15f5f7e417b3610706ee
images/512/shenzhen/0439.png,2b491effbaf1387e1ad0d029958c42f8491264e034c4db9d598ee576ef79fcec
masks/tb_lesion/512/shenzhen/0439.png,315c4138b75e6dca579dd1ceb4594df38843e4644715a879213ccde39f07faaf
masks/tb_lesion_annot2/512/shenzhen/0439.png,720302a50e62e6f90566652cdbb3c9f0e3daa3b37ff96cb10a0243132e654a3e
masks/lung_field/512/shenzhen/0439.png,b5b97cf0146798786b1b16e7258035ea2e3f169f4a5ce5d605107f1ee541c8ed
images/512/shenzhen/0440.png,3474dd5124fbb3566654d6a69ccb2092b59b029dc2205803f012840ccba1fd3a
masks/tb_lesion/512/shenzhen/0440.png,8c087173b56532b2562c4299343adf380ca9fe22ff375f916cdb85f5f9b81e1d
masks/tb_lesion_annot2/512/shenzhen/0440.png,e62194d2f1d1854ffcc0499b83ee69cde7ad172f2284c440667d10801e267744
masks/lung_field/512/shenzhen/0440.png,4035a6316b3590b58a57d2a89ec42c5d920570f1d29d08b68fcaf5c290f5c73e
images/512/shenzhen/0441.png,7651f10f97e5e6865be011352cbfb888af341dcb999d09486140c76cf5a4686b
masks/tb_lesion/512/shenzhen/0441.png,1741f0b8321813c20936e4559d74c665c1d3fcc88a64e778a52fe4af95067445
masks/tb_lesion_annot2/512/shenzhen/0441.png,bccafe755d501a73fad33ef643f69a9092bc4f1c968d6dc02cfccd74ad41de5a
masks/lung_field/512/shenzhen/0441.png,ad542f65a04a2e2f45b8e5833e749c0afd8c4bd35cc4e3aff0098e27d5f0badb
images/512/shenzhen/0442.png,633e066397928b591941cd7f0250d7d2974211142742e5409204548b0ac0da12
masks/tb_lesion/512/shenzhen/0442.png,35e5cb0805fb1f274524fbab47a46554ab7839c3ce459e21b610d4347de02d28
masks/tb_lesion_annot2/512/shenzhen/0442.png,0b68e2f8c34aa2e8f8578ded2047c9300793fb079228fa72c2655bdd634b3b90
masks/lung_field/512/shenzhen/0442.png,fe9576dccf142fa2546dc8a8013560bbdc3c820725cb44cc4649e805cec08735
images/512/shenzhen/0443.png,93903ab4aa2ffc96f5697b1fa25ae79a0049064a4faeeca435ce880087934c60
masks/tb_lesion/512/shenzhen/0443.png,83981bca8d1e50f014041f8ef31b91b8d86387fef087bdb39c18534501c51572
masks/tb_lesion_annot2/512/shenzhen/0443.png,992db20185ddd39fa112cefd1d96b7b56932d9fc8e8b9677baf4faa89bf538ee
masks/lung_field/512/shenzhen/0443.png,c0dabf5fd550eed15e4ad564829d7ff01354bee6757a2deef2905287945ea766
images/512/shenzhen/0444.png,cdc5c1a2ed12b192ba4c21430a438fe1bb1483afd49196aebd8dc3e76434fe44
masks/tb_lesion/512/shenzhen/0444.png,99ec1410766dcc1006d90b8c771000a516785f129ddb59129095f8c3eaf73654
masks/tb_lesion_annot2/512/shenzhen/0444.png,65795a5b91030a2a433dae510d1edf494082a9cfa1153cd94f3797759f68f257
masks/lung_field/512/shenzhen/0444.png,3e9a80935cec2d552ec8401b332a83cfdeed83c4f65f5358a99fa795a299bd6b
images/512/shenzhen/0445.png,fe29c6e3d78d2dbab2032663290ac38b6e5763b5c16148dbc7b316e51cddb37f
masks/tb_lesion/512/shenzhen/0445.png,80a414fd26df89ca1823d79ced592a7bcceb0035e0da3e91807163b42a6d7502
masks/tb_lesion_annot2/512/shenzhen/0445.png,e6c4be2e0c1fc77f6747ecc6bdca782e0cb7d4c013a5f922806f60835fa98edf
masks/lung_field/512/shenzhen/0445.png,6848ed8423c01aab59966f41b15d546e7c0292c9b64d40a229dfb497d3a661b7
images/512/shenzhen/0446.png,6169bc4ead25427824d338232ef040e757d86175329d802b3197246edd19b6fe
masks/tb_lesion/512/shenzhen/0446.png,51e19701feb59f9f5350120a8c925f408967a47e6b6c166c5fb1a9e0a191228f
masks/tb_lesion_annot2/512/shenzhen/0446.png,cdc6720921b78cb23aa9cf942a10896445c9e2e2c2d2927081f41121da997025
masks/lung_field/512/shenzhen/0446.png,572274458bd05c3b83d06e973965a1b4ce7147eb131dc26c863f01d927e22ae1
images/512/shenzhen/0447.png,43fba97955e88e8140040409c459fe4f6367c769c851ce4596ff68ca834fa12a
masks/tb_lesion/512/shenzhen/0447.png,a37c924b6db5b12497324504640cdab0a11654194837b686225617bc9c8f47a2
masks/tb_lesion_annot2/512/shenzhen/0447.png,e7006e7e6b53396aa7d1acc3dec07f1bb15a9cfe4b601904e7efd967bf6f1fd0
masks/lung_field/512/shenzhen/0447.png,3e0fa3dbd96f6116bd4d7b8b6eb81d3851f56ea4fd8ebe8453f3e055e443f523
images/512/shenzhen/0448.png,76204a1b9309a9d7db77eb21eb53ad4486950c3152c44fe9b05461682bf7841a
masks/tb_lesion/512/shenzhen/0448.png,29a9bb4a636a6e0ee6c9c53df70d4365ddb33e14f0b7c2e49eb3e6fa70c3bce1
masks/tb_lesion_annot2/512/shenzhen/0448.png,a30daa62446afb475095f1bd3c14f84dbf7230353ce1515cf1df034c8d7083b7
masks/lung_field/512/shenzhen/0448.png,d80e12a58364864f1ea49e67d74989f349f766232a1ca8532ba648130434c1fe
images/512/shenzhen/0449.png,a72e3cb586dc8126d25a5aa5496ee2fc1e4eef02193efccaf16a3fb74f28f913
masks/tb_lesion/512/shenzhen/0449.png,4da2a27f2a53b2542cca4955efd1a57f4d15f033075388176b0a611e388f3d56
masks/tb_lesion_annot2/512/shenzhen/0449.png,f9728a78c759ecbe8e5a079f9f539bbfe93ad781b16518ec9318f936515764eb
masks/lung_field/512/shenzhen/0449.png,8ccdc7474beeb8efe71db9bbad8f39240437d234e7bbf427fc9b936579b02462
images/512/shenzhen/0450.png,a9ea207acdb7bd856318eb930cd382518877a908d194a56cc812d08185755a99
masks/tb_lesion/512/shenzhen/0450.png,6f1acc63803ed26ec433863727e4ad24cc3f952764f9cf0c4f0dd4196e0bedec
masks/tb_lesion_annot2/512/shenzhen/0450.png,f2ec661313cdce003f3ea6f49f1445fdece637398c010046d943bff2a5ba34a8
masks/lung_field/512/shenzhen/0450.png,dbf9f81b8798dd723b7a964b2ec1101a921281cc4a7da786682447704d66f68e
images/512/shenzhen/0451.png,875f5d9e34edad84d4d90f05f2427829425de773ede6b681c12d9041c6376822
masks/tb_lesion/512/shenzhen/0451.png,923456c3c94d12ad999a8b44023e563f2a267acd07c7e2c2ea69cfe17ad87efb
masks/tb_lesion_annot2/512/shenzhen/0451.png,65795a5b91030a2a433dae510d1edf494082a9cfa1153cd94f3797759f68f257
masks/lung_field/512/shenzhen/0451.png,25fa207c30955b3ff8cbd14c42e10ae99404315154542529274e116d3eb70125
images/512/shenzhen/0452.png,852fd9233b5d2469dfce6aab4f9249b154bc14a06197390f4ff78ea6b1931378
masks/tb_lesion/512/shenzhen/0452.png,97fc6f845d2b84aee45bffb6f619093329eecb835d9afb6cb234308aadf83c54
masks/tb_lesion_annot2/512/shenzhen/0452.png,140069d42fe12cef43f99bfeb04bf18e7756cbfd0288cd84f60c9788ad5fc272
masks/lung_field/512/shenzhen/0452.png,583b4b4bae2069225358e4af6c3b6a859051783dd13d5642c5a6f703e109341e
images/512/shenzhen/0453.png,41182216e8129957d59b2c4d4c1376df9d071e60b0bf8a38446abc47062cc4ed
masks/tb_lesion/512/shenzhen/0453.png,e70c937cbf84a77494aa2f1bd888fe3c36b65327a38f65d660e4d5c202f6d464
masks/tb_lesion_annot2/512/shenzhen/0453.png,fb1e58e7235f79ba57accb38ed566198f9692bed95c6769fd3014542b5efd319
masks/lung_field/512/shenzhen/0453.png,f1f95bf000798e2552e386d38a51ae63024d8a89d55ca6b4ae62dee793a2b9f7
images/512/shenzhen/0454.png,c608be509626042afb335f921bb95d2f4a04d2548cd0c167f59755175808bc60
masks/tb_lesion/512/shenzhen/0454.png,091437145ec964670848e119cbc1ba588f46abab9ba8d6b3dad6ca586171fc42
masks/tb_lesion_annot2/512/shenzhen/0454.png,99379900b0549e60da7c9f9aa332110bcfc6ac7fda5f799572138fc8ff143137
masks/lung_field/512/shenzhen/0454.png,eacdc6d6f7c597a541a3366345758753101450f1993558b4bd9854b15c11bd2d
images/512/shenzhen/0455.png,01c832ff0538be216cebc94f49927afa806eaf0207e2f9f00c3bdfdcc7a4ed42
masks/tb_lesion/512/shenzhen/0455.png,345cbe50e6bb66f0beaad21daebae8c1feaeca9f6c436153a5ca46c05625f85a
masks/tb_lesion_annot2/512/shenzhen/0455.png,6c02f4dc6961a1f1a1e42fca0a949f7977cb05a9c397a61657263707a41b24d9
masks/lung_field/512/shenzhen/0455.png,578fee3cb7fdfa8549f289b935bd9947b0f4236ce4a1533c89ffb28ffb6feec4
images/512/shenzhen/0456.png,799d72d6d046bee8fa3ac422c46e5bb56484b730ed0b68bb495fed49d1ad22af
masks/tb_lesion/512/shenzhen/0456.png,c197063355f723a3399a662a8b14ed1da119fe2ec63314b883ddbc7cb0073620
masks/tb_lesion_annot2/512/shenzhen/0456.png,c373be684f6a4f5c377339b7632b9a7136fef723494b6be2e9b1cc3b52b35f68
masks/lung_field/512/shenzhen/0456.png,49314d2aed01ef116bb127e3b25f40e945567bf6d3c8239c0b2552a6647523e5
images/512/shenzhen/0457.png,23213ff04d813d3bf28d59819fc59ebcfb97a56128a5622fb74dbcc66c3580ee
masks/tb_lesion/512/shenzhen/0457.png,32db274c3d60480d42fa7eb93c315f143666a8813aca5762cb487b0552bd10f9
masks/tb_lesion_annot2/512/shenzhen/0457.png,bcd390dc3933cef136445b84f97581040d98fb2c5526f78d219f25b77f9420fe
masks/lung_field/512/shenzhen/0457.png,1aaf47b796e95d859b04b0862277e8b4d51519213bd3d830c9b610c168a9b707
images/512/shenzhen/0458.png,89e1ab85e41be64825999ba59840d114f1e79fca7fdd941e889fc803ca6afb9d
masks/tb_lesion/512/shenzhen/0458.png,6e350ba3cb3ec126685adeffaa95e842edc8c6ac2041172a072f3b512db4f31c
masks/tb_lesion_annot2/512/shenzhen/0458.png,100af3707c823d2b1a641101b6fc30399719383511d3d3a42bcfbd5c53b10038
masks/lung_field/512/shenzhen/0458.png,88324ada8f9212275f1e863479e6fc18c6b55dbb5c7506bb2d296bbfaa1fcfc3
images/512/shenzhen/0459.png,b3314174fc70f747b55222d16582bb8f531781395b4dd4dd6814d314467777bd
masks/tb_lesion/512/shenzhen/0459.png,d12d7ef17ecf7a1fdc9620c33bf2b4e0a8036d99dcf3e58db6d479256964c393
masks/tb_lesion_annot2/512/shenzhen/0459.png,666c92f47379ff970ce5c51590e156b64965deb31e90306601b5622a08873b21
masks/lung_field/512/shenzhen/0459.png,10c4a06f5383d0bab110e6f81732c6de8f45028eb240d3d5c0ceff7970097365
images/512/shenzhen/0460.png,2c29ab10eec1036d5961660fdca88799b6b8966447e600e38e6d9a49d90909b2
masks/tb_lesion/512/shenzhen/0460.png,f0faf8e3202fbc01235d81e63b577523e3deb7bde7822a8b84da6d2329447848
masks/tb_lesion_annot2/512/shenzhen/0460.png,25534c17b94e10e206329abba6593acd58b7045783c6257861706ef0007b8e9f
masks/lung_field/512/shenzhen/0460.png,895edd508cdef03dab117789baded16d449344d058dde1873c9576b173729c6e
images/512/shenzhen/0461.png,d6d2e246e78f21aaefd280e49d6c8f557a88a66b5096471957a98f1e8c41450a
masks/tb_lesion/512/shenzhen/0461.png,8e9d46b10c20fe6232b25d1956f6e5eaa77cc635aaf09944f12116acde6e0270
masks/tb_lesion_annot2/512/shenzhen/0461.png,76cb5aa86373c9aa64aecab9acb054d5ff53cbeef4737f2af415ebc1858fa8de
masks/lung_field/512/shenzhen/0461.png,88d57d767469ad254fccae8cafc08b8a7a1b09742cfd18ba1af526b2853201be
images/512/shenzhen/0462.png,476874c951b94379a2d7146c1228d7ae35798dce645de47c3c9d8337e00b7fc9
masks/tb_lesion/512/shenzhen/0462.png,be023e6ca23b45ce843ffd6e5aa258b662f4bfd50509497ad086b0399c17458f
masks/tb_lesion_annot2/512/shenzhen/0462.png,65795a5b91030a2a433dae510d1edf494082a9cfa1153cd94f3797759f68f257
masks/lung_field/512/shenzhen/0462.png,fde45a0f6198294698ea9cc9abacdcf6def5243412ab2e8d7ae8af5eb4cf515d
images/512/shenzhen/0463.png,8a39aecbb0c3d75353b18004d67dc9e823a8284baf86e22d2d2fa94422fbca9d
masks/tb_lesion/512/shenzhen/0463.png,31dd38a9f9cab65132731276bc752bfe7e3bf8d76e24effbb948d4a9592086ec
masks/tb_lesion_annot2/512/shenzhen/0463.png,9e551a60a8b9ba8f5b909a208802bc3b51a6edcdb3a33cd5dd94da74e3ec9bb4
masks/lung_field/512/shenzhen/0463.png,b05a0212922d5b5c80da19d730b1ce804d3021de8acf30c6fb685fc8fe069a52
images/512/shenzhen/0464.png,2daaa90550339c8f2ccf3cb96d59e5bcf72196b635dfd82e8835afb3c0d97750
masks/tb_lesion/512/shenzhen/0464.png,a7e73d054ee06f01dbba6ca8c2f8089edea3205399c074522c5775aa0267a258
masks/tb_lesion_annot2/512/shenzhen/0464.png,9c2c79504c31fb1d1e2126c3021ccdcbeca117c901de8066617ed3749a2fa416
masks/lung_field/512/shenzhen/0464.png,4f87b841fd3e9f39472e9663d73dfea9ece5552e301f5cab9de0463f51b81e04
images/512/shenzhen/0465.png,045c8b3056b86c21d0c6ab78a353e5bb86670237fa450e53ec39fcbb92e13637
masks/tb_lesion/512/shenzhen/0465.png,f53c5367c75661dc4a8e727bf8862e4956e95c580903022a921dd621aa9700d0
masks/tb_lesion_annot2/512/shenzhen/0465.png,359b4ccdd7a4c2aad080f58fe9a714626165d7a6a881a7eeda608659a7423496
masks/lung_field/512/shenzhen/0465.png,a90381ea499099327f2fd944bf342c0592566cc53fcd22eba5a19ac6f4e26618
images/512/shenzhen/0466.png,24b7e0b622f8583c9cc65ca18f855820d7a1b0e1edd1be51f5285a1e011427d1
masks/tb_lesion/512/shenzhen/0466.png,c149007df4ab77c629b49995e698f17178cc42f46ce8ec1078bd36f6b6104a85
masks/tb_lesion_annot2/512/shenzhen/0466.png,4b055a76e8d723b03a7c404563b49503a33b6b536152b9c4293c8af508521e3f
masks/lung_field/512/shenzhen/0466.png,967d3c79a24daede2b494bb4a5151a971912a30f34cc8628244d53113c3616aa
images/512/shenzhen/0467.png,d41a50354af3766e762df34ef422ee2848b50a63d5805db837567e0eac978f01
masks/tb_lesion/512/shenzhen/0467.png,65795a5b91030a2a433dae510d1edf494082a9cfa1153cd94f3797759f68f257
masks/tb_lesion_annot2/512/shenzhen/0467.png,69635ac2ba7654aaf5dc9a996baa916e18c239b450687f3f23bd7aa79c6b0a02
masks/lung_field/512/shenzhen/0467.png,acb457ee3b348a4269e2706acec91fc802985c6a874236cde70b05287f1a0fb1
images/512/shenzhen/0468.png,1194f7b86d4828d614901679a23cc147c2e53e9ef0d6b1615056bd90beb74319
masks/tb_lesion/512/shenzhen/0468.png,2137867418ff4b61fd255ef6677c31b2cb09ad7c19226b324eaddb917bf6ab69
masks/tb_lesion_annot2/512/shenzhen/0468.png,0f2aba4629ad296c848443498484fa45ca89af70f4a911241f5657087c73ec03
masks/lung_field/512/shenzhen/0468.png,1bfb064ac4220d2f55ffe99119e27d08824d87abba1c3ccb47676b970465d124
images/512/shenzhen/0469.png,d0318e5b36520edbff26e75e20354ddd277b807c709a81a91959023d29315024
masks/tb_lesion/512/shenzhen/0469.png,660ea719841154b399d50aacab18c0bcc7b7ab089fba0a0dde88b24ba31e32b7
masks/tb_lesion_annot2/512/shenzhen/0469.png,349fc3af68dd636fca95f4a4f0bc6b7c0ce6c7589a065e8fd6369b8e2d7ef582
masks/lung_field/512/shenzhen/0469.png,a4c42cad8b51b0bd7ca3dadeb062a7a6c942602091eae9a85ef85e34672bf163
images/512/shenzhen/0470.png,b8eb6c2732b67ec3bbdfa696677aad55608d2f8f9e9d0ac4d8e49559ef604435
masks/tb_lesion/512/shenzhen/0470.png,88894ebbfaeb3cf1b654e67018c5c4c0a52b5a9678a08d59f4d9ae381f20c9ba
masks/tb_lesion_annot2/512/shenzhen/0470.png,7429a0557e72a7203f6c8d93b5795379f46cfaa93b4673c8f225f23044669baa
masks/lung_field/512/shenzhen/0470.png,1d10189f11e42a4c73b02519e3747fbb3c5b2f13cf57fa81630647e54fd29828
images/512/shenzhen/0471.png,0477ed0f1826bf66c8bcd066a2c6a9a3a772b3bdb01b947f63a892dc65e52c48
masks/tb_lesion/512/shenzhen/0471.png,c70284f9181496c3a435c04fdac6b1709f50128a60101081e464056a24040874
masks/tb_lesion_annot2/512/shenzhen/0471.png,7a6e957f19744591f137601a5198acd9fbd54f892cf168e962adaf30e5e40d7e
masks/lung_field/512/shenzhen/0471.png,7172a401efde14b376785328835f83281fc6511c63825aee7bb8621810ae6f97
images/512/shenzhen/0472.png,64d6d315930cdc627d807f33a5645388bc75d7c21a07c74ca9b847796996e42b
masks/tb_lesion/512/shenzhen/0472.png,b9d8607e179e488902c3730a87611f0b2e58f667f20a30db9bf5b88cb317a064
masks/tb_lesion_annot2/512/shenzhen/0472.png,96584c392d1a2ef7a4861020978d653a91f074d3d4f885d3dd8c3bd6a5cb77f2
masks/lung_field/512/shenzhen/0472.png,9cbe0641c30077fa1df66aa170181b08916b937e0a8626f47001a12b2a7b2e53
images/512/shenzhen/0473.png,b101f55627ab65e6e760331184357abc20f6f5f104c8837cd134ce4dd4033d27
masks/tb_lesion/512/shenzhen/0473.png,402cfa4c2b3fdd974a8cef8c9820d91e2619d7f076ec08330609f7b82eb4afcc
masks/tb_lesion_annot2/512/shenzhen/0473.png,94a95d755df0f79b72aafa728d765e74cb8c11da40d607daa0c00145feb438cb
masks/lung_field/512/shenzhen/0473.png,6d8f15cd98c574b8ce129bd654e6c6f675e8499fea96476cfa869a0a23ea540a
images/512/shenzhen/0474.png,cb6a28396b7cc09d9da39d38763b2a86f8329763855653af334ed0692b022e0b
masks/tb_lesion/512/shenzhen/0474.png,491e05711c7c65cb435e42e608933f3d9eed4e93416df6c6f10f065b15fc8298
masks/tb_lesion_annot2/512/shenzhen/0474.png,77ff39c463b024d3129e6bed04d20d2ddd937df4599fbf8f8e435de509c21384
masks/lung_field/512/shenzhen/0474.png,4ad3b1983785f66eb7227a598f0acde2c6c27e7bfcd9155400d1fe43c4eabeaf
images/512/shenzhen/0475.png,c58ba9733643d4dc64d5d5fd5da76672d970da1a5493f8e21f69d37100019319
masks/tb_lesion/512/shenzhen/0475.png,d1bf6f3e5d86ebcb1cbdf3cb8143b3addc9e6c1b4f2fe8f549173e01e9dd58ea
masks/tb_lesion_annot2/512/shenzhen/0475.png,8328018129d98df74fbed165023149a2931ab80ceb31823e80f1e6cb57bec19f
masks/lung_field/512/shenzhen/0475.png,315f1f15eb4375b8ed83edd0a0fb01e007e7c70ac5db775877f0f42cf2e0b3d6
images/512/shenzhen/0476.png,09f49b70183ea9cc69eaa92f994ebd27558cebce4625f53c5e2ee1d624223297
masks/tb_lesion/512/shenzhen/0476.png,bba71189a6d4e491f8e43f4ca40a6fc3b7309972eab71717e79a80c74ef57bd9
masks/tb_lesion_annot2/512/shenzhen/0476.png,3b5a80f479ac2dd8dbedb5a0a31fa05322582f82973b93e02260185382cec9c2
masks/lung_field/512/shenzhen/0476.png,912cb593111583d8ee898c8c840bb8578cf59347cb5b3eac732f21195af1af13
images/512/shenzhen/0477.png,bf2682d0590257fc6f353ee32325c5e221a605fe018645b784443eb153492bf8
masks/tb_lesion/512/shenzhen/0477.png,060cee752c201299d28f358e754b7433c81fa740c0c68a1ec326c6c57ca0ab76
masks/tb_lesion_annot2/512/shenzhen/0477.png,5d39a9741a138081f8780db7291e4b93d42ff2a0bd7c80a123187966ec8da2ad
masks/lung_field/512/shenzhen/0477.png,f107dbbde62798b9b6491c6eb7dfae0fa98577ba815bec50a05eeecf6644c11e
images/512/shenzhen/0478.png,95f3c6800aef1b9a3d712b22429f5048cfe2ac99e29500f1cb0891d1d8b397a2
masks/tb_lesion/512/shenzhen/0478.png,733497e9cb56e7c45b81714e017f3bb3139506468ac031b097532249ea00165c
masks/tb_lesion_annot2/512/shenzhen/0478.png,edbb52f7c6744b5ab5d868380fc30221d3412af4b3119e9a997d1600c8dfadce
masks/lung_field/512/shenzhen/0478.png,2ed728d3f6602a8b38a5d4fd0037b33d16787d133ebdded25109d85a42b33891
images/512/shenzhen/0479.png,b3d4987084b11409698715010ffc7b5e9add7038d94215c2e3ac8e34357c4286
masks/tb_lesion/512/shenzhen/0479.png,1dc0fa1e3bef8887d7cbbb3ec288429af675774423fdcbfb52ea6daa39472dfb
masks/tb_lesion_annot2/512/shenzhen/0479.png,1811f74cd44a9b2d3e4bd22fe87a17591ef1f30420bf4fa6cc8785820c91f456
masks/lung_field/512/shenzhen/0479.png,e22f449d60a8932e2ca63c8f7e7746354a9ab7666eaef06909d4113bd602ef0a
images/512/shenzhen/0480.png,72c8bfe9751c7dc806c2a8e035545d94ca012b42b53d14a7329f357029e9b9e7
masks/tb_lesion/512/shenzhen/0480.png,5408f0bec036172efc9f3722a9555b1220d0b0a6b7a227f05ad236dc4ca71407
masks/tb_lesion_annot2/512/shenzhen/0480.png,65795a5b91030a2a433dae510d1edf494082a9cfa1153cd94f3797759f68f257
masks/lung_field/512/shenzhen/0480.png,a54470da34849051959b38a7cd75a3dca2da7e8bcfd50cde29f4724027cb474b
images/512/shenzhen/0481.png,a710070f2279ea39bdd16f2b15efa9ff586a0bcc034ac4d4eec087a4226e3719
masks/tb_lesion/512/shenzhen/0481.png,1f5a5af4ca07a5b3f43b0b65e0b60c18020cb0c09bab0f49d05dad524efd9b81
masks/tb_lesion_annot2/512/shenzhen/0481.png,e0130ffde277bab5e4a7f898993ddaeaba7af23d9403e1e27fc5d3cb2d94773f
images/512/shenzhen/0482.png,af7085e564ef9dae8fa78ba4cc076ca675339be9147ea4589f5974b4255eb38e
masks/tb_lesion/512/shenzhen/0482.png,4c42638867b6708d9f877751b8c1d427703461a82e07fb4f9b9d9586ecd23991
masks/tb_lesion_annot2/512/shenzhen/0482.png,46b53cf4886c64da84d7c759ad4cbd642dcbaca13eb83851f1a8cae023485625
images/512/shenzhen/0483.png,4a06f279802d3549fc445c32561c31d0981f78289b6d3fb901201f33fbac2beb
masks/tb_lesion/512/shenzhen/0483.png,5a5dedcad800d642f65dadf0d00c51a23df3bc6b386f3e4c4f3c4eaee1bbf366
masks/tb_lesion_annot2/512/shenzhen/0483.png,abbddfbba78ccd3e802384a9767cc78eb3e3f9c51b8c802f9f9165b8a01c1fe5
images/512/shenzhen/0484.png,0e115ad9aee2ce59eb7eb0f37724563d62e74ea601bf1c80c3c2b4ef18f1d2ec
masks/tb_lesion/512/shenzhen/0484.png,65795a5b91030a2a433dae510d1edf494082a9cfa1153cd94f3797759f68f257
masks/tb_lesion_annot2/512/shenzhen/0484.png,ec5120b4912d0e7289a4b58983729748ac1da1a9afebab2a59fdaae814c015ef
images/512/shenzhen/0485.png,bb627a01c10291f95b97be3b66a1a2aa77ffd7e45f44aa9af3dfec47a9bedc81
masks/tb_lesion/512/shenzhen/0485.png,f915a39e16281ca760556ee2fffc48f8039a9324a8b3d30b96ebafec52fab2dc
masks/tb_lesion_annot2/512/shenzhen/0485.png,3f56541ed6584e30d3cb4fd04178f7ba029a23273ba663280d891b601624e935
images/512/shenzhen/0486.png,5a5c406995098441790177f93185d249199e735b948dfb43f0c627c380bb71a5
masks/tb_lesion/512/shenzhen/0486.png,ee16cb6b0d9027d29bb7835acae6c3fee2ae02a6345016e0792fa43f410bc3eb
masks/tb_lesion_annot2/512/shenzhen/0486.png,90539d174f12683ac4de76a14c601edce8957b15550cc5e3a4e298462d4adb71
images/512/shenzhen/0487.png,b962ca4ca272215ed3a01f16b5d4763575aafe7279ec540ff6f176bfda70cb21
masks/tb_lesion/512/shenzhen/0487.png,cc508348332f7fcf666d2ee8a7ee1a91cdc01020e74082b371681770389bf610
masks/tb_lesion_annot2/512/shenzhen/0487.png,258b9c6db4fb07b6697e50bc1e94cf10dbb0bca53d3da10c24e5e71117f65aea
images/512/shenzhen/0488.png,00993aa282158111158cafb2946f92996de7b4964fd17f83882d8ced9f809d3e
masks/tb_lesion/512/shenzhen/0488.png,5e26ba00e01afb9384e7104f5ee942accad3fc0855b1e1f07218e93bc281aef7
masks/tb_lesion_annot2/512/shenzhen/0488.png,9c32105eb41df9f6e94727f02f472c57e1f89b74e68aa0db5b530b9d0bf5de8d
images/512/shenzhen/0489.png,8bf8a8cfca18c79ecea2f2d06cac22b5e99d87d0d77fb20ca7690fec6fcbc8b4
masks/tb_lesion/512/shenzhen/0489.png,ec2db85fb734ad67906e4b9ad4aaeb658e7febdfb145fcf4a93b9aef441163b7
masks/tb_lesion_annot2/512/shenzhen/0489.png,ad178180003315a590dc76e9efa3affd2dfca2e2739e8c14f9696c15f6362d8c
images/512/shenzhen/0490.png,c860e932241f2aa5737476502113e521af5bdb43605652a06fc05dd57a79f8b2
masks/tb_lesion/512/shenzhen/0490.png,8591baf64b22be9c03c64ef422d5d70c463325d55006a34b2899331aabb44b6d
masks/tb_lesion_annot2/512/shenzhen/0490.png,54976233657b9c80b0eb77267d774bc927fbe056fabbcc1013f5fcdf511db73d
images/512/shenzhen/0491.png,e16b868295b7e9e8acca91ee76ad83fdc5ee64e9059f56a43da4d10758b6d30d
masks/tb_lesion/512/shenzhen/0491.png,fbac0b266eeabe3a12416b9f1f095075f0cc9c6b6e2ad41012d63032e342173a
masks/tb_lesion_annot2/512/shenzhen/0491.png,af9263f8c4ce7633861da901a0a8ba5c00774d6c9405b06edaeeb81c653036e9
images/512/shenzhen/0492.png,9539642d55f3406f110980b7de94945d44437734157fbe654d2df6b332b3b278
masks/tb_lesion/512/shenzhen/0492.png,945279277b66b40216143fa2a58b83b1e1d2102911c63fef6e0d462b9a159bd4
masks/tb_lesion_annot2/512/shenzhen/0492.png,0bc100fb6774ff13fb494b0de8512e67c0129049f966cbd336e23c422600eb59
images/512/shenzhen/0493.png,f78c26eeef7f2872a70e3978f0251e49118581ebb8434653c3f1aff6d76fcd79
masks/tb_lesion/512/shenzhen/0493.png,fc89bb82789cfc5551730b57b241bd4fc85d7f251dbf10300c3708d621bc5297
masks/tb_lesion_annot2/512/shenzhen/0493.png,761cab267b43a6a37f2dbe7b5f48ce49947b1fdc91e518cdb3845af72c03509b
images/512/shenzhen/0494.png,da3963e547a6c9d5e389e75f4ea560f4beb0444e2240e301586ebeb484f691cd
masks/tb_lesion/512/shenzhen/0494.png,15a42559206b7e4fa32a374a6e0df4b1ad46ec87e86993bc0533e177b2d2016a
masks/tb_lesion_annot2/512/shenzhen/0494.png,4f34cd6d22f97d136d407b7dd749db410b31a15553362734599865f26214d5cb
images/512/shenzhen/0495.png,47a24dc4da03a42b3d84aa962189d0be241fe57c1a1947cecbb3ae2ea3cca2f8
masks/tb_lesion/512/shenzhen/0495.png,cec55417211c47368393b8cb61fb0d9c70215451806370ad7ae46bbb73602a0b
masks/tb_lesion_annot2/512/shenzhen/0495.png,546070e8d1509261743d87b7d8b99ba0481db68002c7dd3c72df13a3c669dabe
images/512/shenzhen/0496.png,f7eaa82c00c21742b663f6fa729419709be2230e7e86f68688b8c653cda3dd10
masks/tb_lesion/512/shenzhen/0496.png,f854cbe160accd93775619d292e328d373bb5e748d622acb4f9d9733589da11c
masks/tb_lesion_annot2/512/shenzhen/0496.png,c4e7e5f3c9112e1e4f2eb701a6b82c4930ddf08feb36f08734e2750a3950a203
images/512/shenzhen/0497.png,e5ebc158a3c6ffcc03ca22a64067f40060fb2f959b2ee801a8fa684f67c6ad44
masks/tb_lesion/512/shenzhen/0497.png,8944db1441c9c919bb0b020afacdf9dc6a137fc3e1b7c52f3a44c7b69e98f8af
masks/tb_lesion_annot2/512/shenzhen/0497.png,9deaa3430239c0285839a957b2ac460ea51018987cd3e7c82f9bb0be7574e07a
images/512/shenzhen/0498.png,e67664501f96a29bc585b44d0de39f2e6afd6ff55ec5881a9d5ba79b6174c9cc
masks/tb_lesion/512/shenzhen/0498.png,f99abfed0dd6a4cbe6debb096c0008ce3e7cefb3ab9fbc446a1c568726663786
masks/tb_lesion_annot2/512/shenzhen/0498.png,8880f9b6c75a2e9ff9ec635bace3d28722b6b54a3ff6fb48b76dea46b53839ce
images/512/shenzhen/0499.png,abd321c9027bc786ecf1b2bbea95706cf25d73f3984028bebeea70458636fddf
masks/tb_lesion/512/shenzhen/0499.png,3f2a829afbc6be997b4ce80558f19a74c6b35e6776b45a0919b2e1eacffb51cd
masks/tb_lesion_annot2/512/shenzhen/0499.png,0e6a21502106e3f426a0b2a03c943dd9239f63a024ff59f90556a99e0156b310
images/512/shenzhen/0500.png,9d939312d527bd5b190d64cb51371fb199db9dfb89df601bef2bc4751933b853
masks/tb_lesion/512/shenzhen/0500.png,3c2849705636efd12d5896de0632d5f7a031b380123641e6e3f42f3b5af7f875
masks/tb_lesion_annot2/512/shenzhen/0500.png,9a18549d17efea5048008b8ac2c7f7f531071d091cb700bf87d04946cb5de531
images/512/shenzhen/0501.png,365fec941dd1c0992f255940702adb4b55387155482617e4365b83fc412225b7
masks/tb_lesion/512/shenzhen/0501.png,3655ef7b8f4690caa4186646953a57abc533f65757fcbcf347733469be9adac2
masks/tb_lesion_annot2/512/shenzhen/0501.png,2aee34601296c004f1c2a9b2c9453cff5ac9bad41d43e4f55ccedc49aed29e9e
masks/lung_field/512/shenzhen/0501.png,dec01ace69796b7e16f81fbf72bff9ccf29ee95786003ce84a09e04761722d19
images/512/shenzhen/0502.png,041820e709505ee277a7969f116511e2d1c610ebb5883b1834870e4d261ea7be
masks/tb_lesion/512/shenzhen/0502.png,0c12eb3aa6d6fd39d0c71c07ac017d3d2b332526b62e9dfeae0474edd7eafe87
masks/tb_lesion_annot2/512/shenzhen/0502.png,74fc5661caf1e3cc60151cfee9c9f0d90b3952246ebcdd20bd2102d7b8b51c69
images/512/shenzhen/0503.png,40b44b879fcf2de22f7f011b3df5ce5a61717f21208bbc602a087c9ecb51a2b6
masks/tb_lesion/512/shenzhen/0503.png,d51d47d5cd0665256baada3bbeda6ee8ec7919bd53ee38bb46015a5065a4ef0b
masks/tb_lesion_annot2/512/shenzhen/0503.png,034cf5c091cc9b6e827f68873a7bd19639c459230c0ff770c7243924f68a1cb4
masks/lung_field/512/shenzhen/0503.png,5f5021ba7e00e42288f3a7f6e0c6f95221ec8cd720b8fbf9017f7a71d000d706
images/512/shenzhen/0504.png,57fde89c605470cafd2f2132e8d8c1bd6f5665fd3713bd78348ab223cf42c11e
masks/tb_lesion/512/shenzhen/0504.png,c10d2871631f42fe6e39549d60a42768bee3d32ba639928aa0b50e018b7e44da
masks/tb_lesion_annot2/512/shenzhen/0504.png,b902ef772105668ad818b8c87db280c03c7a4586070dfe69bcdde688883ef1ab
masks/lung_field/512/shenzhen/0504.png,e34b61e2930adda14c37f097bdc7cf41dcd5a214f20f6dc0c2b049d332acb7c9
images/512/shenzhen/0505.png,e0828faeb472951ae9ca08b59214f2a2396f02a308f6999d3c1aa47e3bc0c3bd
masks/tb_lesion/512/shenzhen/0505.png,27ba42ce2a3c592d77de0a38b8ce936a538831ec7362b13cd64f45c504c863ff
masks/tb_lesion_annot2/512/shenzhen/0505.png,ad4c994289a189d4341c8b1f8b7a0a11e32d0b3b6ee3249aebf1144892a6be6b
images/512/shenzhen/0506.png,53543fd3f62a263bc7f5316aea39d7835364b64a06ac2cad83d1f469b2d8d06a
masks/tb_lesion/512/shenzhen/0506.png,2d6635cdee635a19cf80a4cb16aaf3330b50bb9338f73e0f22e6048da137e119
masks/tb_lesion_annot2/512/shenzhen/0506.png,481d20211fb9c77dd48df6e945ea810c2bba75fe755ff54882b26807e44fc3fe
masks/lung_field/512/shenzhen/0506.png,2087031134d78b4b405a7b33653b08c8b07bf9303a7b06e74246e002de7280b5
images/512/shenzhen/0507.png,194dd3510592718684f26ada6145dee1158a6542656a3641d27f2b92d466ecc7
masks/tb_lesion/512/shenzhen/0507.png,84539e287e08b18eaa6840a7b0911ddc12dd34b09e9d7b40ce5b6a5089cda277
masks/tb_lesion_annot2/512/shenzhen/0507.png,80638fb77550cf3b524214ce6edd1107a77866fe69342fea05771ca5434a668e
masks/lung_field/512/shenzhen/0507.png,c26941bdd333829108aeccd02fd982b0e257f9ec8d7af864020b78825e1af35b
images/512/shenzhen/0508.png,75a79a1be251641333a489aabe347a93c88db5633f7d17a33ba1689ad20efff3
masks/tb_lesion/512/shenzhen/0508.png,ec70fcca78a31cc639f7332ecf2405e7c6e5d3667996374cca442e12b32a6efd
masks/tb_lesion_annot2/512/shenzhen/0508.png,be76353374b2c274a47fff88e6989536400a4b2af12f6f15612b89a8cacf1b1c
masks/lung_field/512/shenzhen/0508.png,9ea29ac09d8371b3d7fd86d2ce9b8e46f317b78fd277d6cd8019c7ac9315d899
images/512/shenzhen/0509.png,526afa17ec9dddabb826d7de263b0ca236717a21fc79c89355a3b72da9a23f42
masks/tb_lesion/512/shenzhen/0509.png,656e9c034e032883ab7e78b56debaff0883150bdc880ed62b82e20536de2f767
masks/tb_lesion_annot2/512/shenzhen/0509.png,65f82eff2c3c8baeda7134e6b22c399fb0d0c0a1cecfa28466cbf5d57ae49521
masks/lung_field/512/shenzhen/0509.png,2e69ae68f447a9758a13665af7952fd13b307b723d259eb2e13769caf0d9abeb
images/512/shenzhen/0510.png,8e9147a2cb6276b0fe5719a99bacc4f8ff622178194041356be58c06d9b3b76c
masks/tb_lesion/512/shenzhen/0510.png,36db205e6bf9de49d21d9e6c030decb79e18c922db5fee460255a72f03c3e3d5
masks/tb_lesion_annot2/512/shenzhen/0510.png,e361fa0bf6da5759de7be06c2b88b011e65baa4199a7492986883422db9a2cde
masks/lung_field/512/shenzhen/0510.png,cfc78be2299a665b902ab047bc3c3dd8a28e280f8fc3243ee582fe79a3639723
images/512/shenzhen/0511.png,b37955a996b0f81d98167efcd7632105eaf2110b1f59786c5641c940fcb60599
masks/tb_lesion/512/shenzhen/0511.png,46907573440e2a4af55201f4950b8c965b69c254a7791d958042ce6c784db4b1
masks/tb_lesion_annot2/512/shenzhen/0511.png,ab5c77488d1f743cd13d149a418e3afd809762601f70e42e460d08afa422a96a
masks/lung_field/512/shenzhen/0511.png,76e099e37b9256e4d3b220e20d27c8bbfd0afe2fb874c9a14b2413d1d124e2b4
images/512/shenzhen/0512.png,5a237e8c9d9bfe0fa97d168177c586318b6fcdd575e674f717f8c66d06a50d45
masks/tb_lesion/512/shenzhen/0512.png,37959173c4dc1b2bf439291e508e097ad284f376c04a7822f87521a29270898f
masks/tb_lesion_annot2/512/shenzhen/0512.png,65795a5b91030a2a433dae510d1edf494082a9cfa1153cd94f3797759f68f257
masks/lung_field/512/shenzhen/0512.png,113abfc08d31fb0d0892b641fa51623716bcb32479e7e941ee19e5b9139e12c0
images/512/shenzhen/0513.png,3c40d2024665bca511d8692afc8a8cb550ffe2423dd4e18e5fbf40896180d4e3
masks/tb_lesion/512/shenzhen/0513.png,ff1e5bc4ba09bba20f0ddfd4d6f0ecb23fa6d1cbb2223925be987fa5d4293a14
masks/tb_lesion_annot2/512/shenzhen/0513.png,9813bb8bca99b1f3b560e41bcd04436c72e63260138bc643db4901235d921f45
masks/lung_field/512/shenzhen/0513.png,9877a22ff136f9f72755f1d56cc512590edaad32538d5f13a0b8111d173377bf
images/512/shenzhen/0514.png,c6cee200f14de40842c88a8f04c090651058aec83e531ab75d6191acec6f1ee9
masks/tb_lesion/512/shenzhen/0514.png,ed81f874bd8391a8b1edf0f4df49baabcca1d770855afc7c4d339136fd4187b7
masks/tb_lesion_annot2/512/shenzhen/0514.png,529ff2f08da0da31f55d2568dcabb940ea55138f476da1184b741dbee2af7011
masks/lung_field/512/shenzhen/0514.png,20067f90e19aa0c292fb6e342ae147aa4f80e0dc226c19f5497e90a3d29080fd
images/512/shenzhen/0515.png,26e822a2b79076fa8e9e889a52ef5896bc7c1ac01d3a0ccc0f7d8462367fc927
masks/tb_lesion/512/shenzhen/0515.png,b4378ce840760177c1f04760dba80ad0e244533956da736af22ed8b4d6bac96a
masks/tb_lesion_annot2/512/shenzhen/0515.png,5f5634582c7d5005c8fd8dec6ce5125a088de0fb3cc35a20b3154849f7455e26
masks/lung_field/512/shenzhen/0515.png,f6068781bc1ae21f2ca1781cecd15b02fa235c3c178ca3ff532768eb1c5a11b8
images/512/shenzhen/0516.png,4eac2377e181511cf5a01fe17c14b1b410156d5f7a68a78fe1ec5e25d017eb94
masks/tb_lesion/512/shenzhen/0516.png,dd7e8bdc8ba1316b4176eb39849f3b84d88d6b3a85874d954ed45773c132bdea
masks/tb_lesion_annot2/512/shenzhen/0516.png,d1b584acc404e9953291a37907eca2b3514cd23aa616d842659a5f0af36fc09d
masks/lung_field/512/shenzhen/0516.png,8a9e07d5a5267fbc70f3cb45ed1abcde816a1f0aade4ffb902005696a7333389
images/512/shenzhen/0517.png,5e5070cc4e3084f561221e795118a84349695b79f8e83432bb7ed5e032b84674
masks/tb_lesion/512/shenzhen/0517.png,e6821144b497b2ca81c0a868b681050928b632d855aabb85ccea51ae39727ef8
masks/tb_lesion_annot2/512/shenzhen/0517.png,7ecd006818d8c8e335fae78667a0d8136594216e3de736b56a561644439cc6b6
masks/lung_field/512/shenzhen/0517.png,4d1128c35d854177961b1d7f65028235b861b536578e6e3e06a4127d6fe500af
images/512/shenzhen/0518.png,a17d8eb25f4604683a447c08557a9ab02e6722d645a7a3b0ccc74eb5941b5e12
masks/tb_lesion/512/shenzhen/0518.png,50d28c150d831d812e681c60cf47ced3bc36bc87da447d3b18eca58a9f5f28b6
masks/tb_lesion_annot2/512/shenzhen/0518.png,df0e4bbe5ea7058dc9adc4380dd29d3e550af27774f5fa03550442f0db39f135
masks/lung_field/512/shenzhen/0518.png,b0e3a942b05e4d239ed9a19880bc98862fb8992124a64d8d095fcff1f72cdebd
images/512/shenzhen/0519.png,bd3f1d0065d0a60730c1c4f59e5787c77801f6343ceb4172e247fa8e96c79788
masks/tb_lesion/512/shenzhen/0519.png,38e51616678b7df99a23148df735d3b546a6a3423d7d402ed84de8fdb3e593da
masks/tb_lesion_annot2/512/shenzhen/0519.png,5a555717ec516d1d2afb2509d252e5b06f8144f0890046ebac3372db1aac223f
masks/lung_field/512/shenzhen/0519.png,59fda1e84f1de28558d9bd62333ca7c09e527d1dc8e9a6983f0f62b936339680
images/512/shenzhen/0520.png,7df6497728f176ce124c5337e3957c45230ad1e823d3ed67adbf3c681fcb1ec8
masks/tb_lesion/512/shenzhen/0520.png,4878be6c25cb16607a3de8f8d9f0313f832336e496666b70d94e72853278f5a3
masks/tb_lesion_annot2/512/shenzhen/0520.png,9634271b0405ca9fbb8babf8709079d4c277e48ac841ebb92cec39c5c7150cbe
masks/lung_field/512/shenzhen/0520.png,e7513f1e7e63cba1693c04762489bb79e5d7af6e7ce7a64a8700cefbe04986ed
images/512/shenzhen/0521.png,7008b4799d2c651f35350cf64759b0ae114f54f7435f5d8b7cd5f596afddba08
masks/tb_lesion/512/shenzhen/0521.png,3c06ba3fd445404e9605b3291ba7905f4b92533c8ef6ffbd973a71749adccf6e
masks/tb_lesion_annot2/512/shenzhen/0521.png,433c349a9714a08d69778fc91f84f94b3750a74cac3084319f46d58592d5276b
masks/lung_field/512/shenzhen/0521.png,fe1b2796e1e6a5f4c6857f30e05f6c8c2a8a2f1353cfbeca0fd6ff2a5e81d5af
images/512/shenzhen/0522.png,ca50314d7a6f5bfda4a5f239a7e6668564038f1f38a26dc4f72cc375543b4901
masks/tb_lesion/512/shenzhen/0522.png,8a141a1a13cd9532f71bef2b09e93b0b04dac6d308c9818153b14a8f9156f011
masks/tb_lesion_annot2/512/shenzhen/0522.png,30c0e3c0030b13e59899831454b0090c27aea42bf58e63818009a1aa08599466
masks/lung_field/512/shenzhen/0522.png,06fcb6f807c0e2f549ca393b01fca015338757fc1cd039021daff45370783062
images/512/shenzhen/0523.png,910c8cbad9ece54c15b7559d71b7d49cb80acd62715649d30f0875b36ec3dd1f
masks/tb_lesion/512/shenzhen/0523.png,912972596758e6bd33cd66041d7d773f63c5018da3bf822bcaee0ed4b1dc5c4b
masks/tb_lesion_annot2/512/shenzhen/0523.png,7a28f0bf776cf56bae96be9cabe1601e4a2392330fc2a074385ee4400455ae0c
masks/lung_field/512/shenzhen/0523.png,53e85f459551089bb0c5e96ac812afbdd7cae5d451705fa9675908b38101f9bc
images/512/shenzhen/0524.png,a10b8af9f9011f35c4dabadbe9d185d7ac210a3bd8535378c984c3345204b6ec
masks/tb_lesion/512/shenzhen/0524.png,d780a73ede7f64a057e513704daa17652c7278c3dfb322021be6e827fdd6cc5b
masks/tb_lesion_annot2/512/shenzhen/0524.png,00cb18756db89d4632da39ad165b8f2c3727b1a7c0b7139d02f9aff921ae9db7
masks/lung_field/512/shenzhen/0524.png,a524e6028effba843c83517953470b85d21765ced8bd8e98b02517f94359dc3e
images/512/shenzhen/0525.png,06e32dad659a26dbeef06d04aab5ad398546d88fd76f77cf46fdb3556d269e3a
masks/tb_lesion/512/shenzhen/0525.png,9e7c72e15ab33cbbc131c9e2b83e747bb9d604e5b59fcfbec1c886fc961383b4
masks/tb_lesion_annot2/512/shenzhen/0525.png,a783bed49abd8c9c75a75893823af00a30b5e076bab42f27d541d538c9851110
masks/lung_field/512/shenzhen/0525.png,8852a3f278d95085aaa404e54db5e8cf56927804602ac1e0a6785d37e824716e
images/512/shenzhen/0526.png,8c1892fa30fffb13f70f04fd50a6a93ef595f6caf76963128e7896430719c3d1
masks/tb_lesion/512/shenzhen/0526.png,07e8f3a3bee43f079abed31bac3f6ded3a678a0dfdbf3e7cac60a7599baf1de7
masks/tb_lesion_annot2/512/shenzhen/0526.png,be18ca4d7d673703b71fa565466538264e862de63ddac70440178494c598d419
masks/lung_field/512/shenzhen/0526.png,b846d7c4fb6539b38ed22e533d6c2b0b8935011c6916e46cfccb00967ccefeef
images/512/shenzhen/0527.png,81df733153a5273318c30148f2709d81af0a4a89443ad05e99e227dd93150684
masks/tb_lesion/512/shenzhen/0527.png,c82a033804a2641fde35d7e811ab9fee0e8f60eeed1f87cae64fa99ee8bbbd0d
masks/tb_lesion_annot2/512/shenzhen/0527.png,bfd1c678495ba68539b8b13743c08f3c6a55abb385d4eb978c187e9954d71e1d
masks/lung_field/512/shenzhen/0527.png,342c61d752c7ddc786803375e78a3a9cd424aefb668ff81468790da4d1277bc8
images/512/shenzhen/0528.png,f315d39f287821557a32c90d28b5fdfdaa43cb832fefcea1933582aed6aff8bb
masks/tb_lesion/512/shenzhen/0528.png,dd2ee110e11cae4be4030a9c6c55fd7b060a977b10492073427516bf5d6edfbe
masks/tb_lesion_annot2/512/shenzhen/0528.png,218f9dadfb39109468f36d94dfd9e879feeb591dca7840fdeae6dafb6447fd14
masks/lung_field/512/shenzhen/0528.png,d41842bf53395a4ef2f0c32492a571ec5ac52d00c5474271816611b64b43eeca
images/512/shenzhen/0529.png,c8b3260e0a851b2f984600ad60970e1ca92f37ce98efc3a60d435dd6b453a512
masks/tb_lesion/512/shenzhen/0529.png,d8fc403b68047ac5bd505552a24c100f91459cabdae821eb52ece1b70cabea3c
masks/tb_lesion_annot2/512/shenzhen/0529.png,11e63a41a888b79cad3b03158c2b1dc740a9db4fd54060e7b76a2efe72b400a7
masks/lung_field/512/shenzhen/0529.png,f77ee4968a5edfd9ca80f92cb257eec481636c59428fdc694e1ab27d172728e0
images/512/shenzhen/0530.png,e2acccb94a7f15dab792b518b11c53ed01359d6b9b139422387e6004ec17c6a8
masks/tb_lesion/512/shenzhen/0530.png,e171257fa73d20900cf78feeba002a7d142e549254beb73bee746c7556dd65d7
masks/tb_lesion_annot2/512/shenzhen/0530.png,00f61c0b0c057fd222f24a82bc4af338071f1b6491d867bfa697c494efc73f93
masks/lung_field/512/shenzhen/0530.png,b3cb49378437ed8789eb471abe02f35a3ea500a0aebb2cab5475dc6f1af23a51
images/512/shenzhen/0531.png,f254f9d43181573d2ce5a85e772d97e78b0cc4cd067c6a546c9874869d9248b4
masks/tb_lesion/512/shenzhen/0531.png,26367346be62023bbb549b27a58e2cfd2b71af6ac22b8e52aabd1aebd8ab0931
masks/tb_lesion_annot2/512/shenzhen/0531.png,accdee0b865e99ecced9935fd5ac656ace6f49f1173b8fbd1417e89a07fdf534
masks/lung_field/512/shenzhen/0531.png,ca21d9ad69be9e3ddd0cf08039341569acfd6df3dd29853d1f3fc6f8ebda127c
images/512/shenzhen/0532.png,c959af03d10e6a342a9f8dd6bb858c5b2a27715ab2fe432682da14b96838e66f
masks/tb_lesion/512/shenzhen/0532.png,05657057a53b6fbc9771426cc0c1b38e5a6c5a188ce8f4382b3dbdead7839b32
masks/tb_lesion_annot2/512/shenzhen/0532.png,2945f20636c36cac23a208f36df21b854b2cadf6df0dc09d090c80c8e53c7e09
masks/lung_field/512/shenzhen/0532.png,79115a0b896871d34844d819564b7cc2a069ec2a02b920fa98587770ac1fd21d
images/512/shenzhen/0533.png,26efde39e6fd02e35be69d24b04de798695de1e64c934ea8daea4b46dcf6f3ef
masks/tb_lesion/512/shenzhen/0533.png,5fc1711885f80eb7fa458ab5e3209558c865b7c1b0eb65a48f1375c99f39014e
masks/tb_lesion_annot2/512/shenzhen/0533.png,499c4b2b9d491e351d0fe196dd9f68f868774571c8c7816237368acff0a0693b
masks/lung_field/512/shenzhen/0533.png,c653de69d713117bde740d3849f7c73e1997c279163d8cb179aa3277c2688087
images/512/shenzhen/0534.png,61abf09d61515cfdb706a2ea1cfa3c2ee06855dbe649523fcc32b36415966cdc
masks/tb_lesion/512/shenzhen/0534.png,b9f1419b0813afff7660f44c95a3ffb9551c2584f305d961da24ded44f4f0920
masks/tb_lesion_annot2/512/shenzhen/0534.png,a16d69d0853bd15a2676824031c4b8a97043c094826fff3427f7c9b6d81b2164
masks/lung_field/512/shenzhen/0534.png,d769e3615d3617e108c48eda543738c098d60d8a18a3456abe34bd28ebcea59e
images/512/shenzhen/0535.png,f81a349ea89c7c9d349db5c586559077e352affcdd9d0f3bf8a609d8b5cf1169
masks/tb_lesion/512/shenzhen/0535.png,7424ae66eeec4bd1591c3e28acf5e7f092d10ea275c679c8f2d211b999e37611
masks/tb_lesion_annot2/512/shenzhen/0535.png,37515d530db57278bf0252378675a820f754b1ed5d66dedee7e5bca2c3f9494e
masks/lung_field/512/shenzhen/0535.png,1b0a2c7e7503057e9207b6d4d944ffaec814d8b6a0cf780944c57d994e5b9edd
images/512/shenzhen/0536.png,0d477b078c8e048d22e8ae1e32fbfc10f3c97e772053fa1d5253fa6d5f4ac29d
masks/tb_lesion/512/shenzhen/0536.png,0a05f6ed033111216c450f1dfde5152a9c208e5396c4d65d919e11745e8c334c
masks/tb_lesion_annot2/512/shenzhen/0536.png,dbe6fe9d2665a3cbcf42ab8653b8709b185c18cc9c71cef12e7c0fa104c06cf5
masks/lung_field/512/shenzhen/0536.png,6d2c6bc3fe1ed4572e4c55abd0b5bf6556c65f94a7ba3a473ee7879f523c93d5
images/512/shenzhen/0537.png,91d16709bc2be4f49caee180f5da567aedd9033dd80d6a438fa7f08eaa80fce1
masks/tb_lesion/512/shenzhen/0537.png,2bb8932fca97ccf74532a940ac57bf4c18a5341f429be84b78a0a8dab49083e1
masks/tb_lesion_annot2/512/shenzhen/0537.png,b869d4d8b14d49673fe1473f3ad57915f47b7f629730b5d5014ec786d7ed3d63
masks/lung_field/512/shenzhen/0537.png,531cb72a354779c3286a60cf094f108b7032b436ea7ee5f26d94135af44e23a3
images/512/shenzhen/0538.png,1efcf84736e71616b6b479cdf2833dd6faf687d090b96f077fe961f2919e2b0e
masks/tb_lesion/512/shenzhen/0538.png,f9486d57aef43727ee923e9d6b5a9800d03bb477afda59572e3cc59f7d946cf9
masks/tb_lesion_annot2/512/shenzhen/0538.png,0e600815d0575ca4bc925c1dc4c26384228020cf038758b9426fe195d988bf15
masks/lung_field/512/shenzhen/0538.png,3ef0756edd2fa8db9bae484faabf33382b9e27375967287080a7a4329d21ddc2
images/512/shenzhen/0539.png,121e014b8c80b76a169a8bdc941c9f0b7cc5e65e06e2221b305fb65c72c940e7
masks/tb_lesion/512/shenzhen/0539.png,45f7af486547568d13dc5e99c0548c5425499c3b7475cf04c2b05e0f516bb210
masks/tb_lesion_annot2/512/shenzhen/0539.png,000fba24bd022b6116d9aacebbc71af9fe3659a15f1061321624471d8ea31333
masks/lung_field/512/shenzhen/0539.png,145f97d4a03e900dea119920e1e05ed0d0dbf67eaef3f77c11eb4c2a7d8814d7
images/512/shenzhen/0540.png,6aa34548b81410a554a5fcef61af457696edf0cb66057518f08ed36ff2fffd71
masks/tb_lesion/512/shenzhen/0540.png,6733d34690d46f9972bda39a27163d79e30a57db9d6fd7c36916466106eb848c
masks/tb_lesion_annot2/512/shenzhen/0540.png,132b4df6225b38e0a7fd00259803b05da8b206eaae3bab80fa663212ef67c6e3
masks/lung_field/512/shenzhen/0540.png,d153fe5c67afcad344d1e2df69a457824760a57b610ea3cc88d78c5254b8e118
images/512/shenzhen/0541.png,e1c756c279ba68f81cb9ef88cf28769c10a41b1c061d0c7cc2a9615206c3699e
masks/tb_lesion/512/shenzhen/0541.png,ced4a349c04d10002552421c02d2cef319d966b179e40d43cae7bba44740917a
masks/tb_lesion_annot2/512/shenzhen/0541.png,4d4e551f77c7962b08ebf16204559ddcf77ef356cec4596a4cf8842b52b5e2f6
masks/lung_field/512/shenzhen/0541.png,916e25f516b69442e6e29c042df4d4fb1663d1bac6eb10ca7ff1314e467ad8ea
images/512/shenzhen/0542.png,b29375cb99d454e23d11ede4925ee867182a72cf5495933ebf11f372b57f4c68
masks/tb_lesion/512/shenzhen/0542.png,ebd43d896ec64de00c612e69ee0e34be2d671a0911d9c0037468fa0c5695acfe
masks/tb_lesion_annot2/512/shenzhen/0542.png,2b800b66d5abdef5dc698e1ce87a270df14303aaee22741f9bad596a971eb9d6
masks/lung_field/512/shenzhen/0542.png,412e8a6ece38cd433df8cc62c53a5a6dd90dd9c07f2890c3bc26b014a2d3368a
images/512/shenzhen/0543.png,ecbea59fd9964e862f625bb95974cefb222e4f115114b27e2ee91c417467ff46
masks/tb_lesion/512/shenzhen/0543.png,30fba5984e5eff5d37886c6aa4c21c7936d42b2361a4105d1f51d3358f4309fe
masks/tb_lesion_annot2/512/shenzhen/0543.png,fb85e45e763edff789ccad7f68783e359a560a22c38df7d7f4865a6c9546c83c
masks/lung_field/512/shenzhen/0543.png,0c7d94ab5d40bfc305f2dff3e252a8a366d95fc1946d393e2179c8880d163b68
images/512/shenzhen/0544.png,bc3911d7c76ba11be1f965447b62ee8514d3dd1fb4d01e96f92cdb84b29e4a2f
masks/tb_lesion/512/shenzhen/0544.png,bb7ed43d1b0574d435d69ed086831dec86e3c7e748aa8ab6833df63719ef08a2
masks/tb_lesion_annot2/512/shenzhen/0544.png,4ff1dd9586f123bf768c465ffbc67082b68f53facaf904c12a77f10d2a19d3ea
masks/lung_field/512/shenzhen/0544.png,89e2c639f8ea76063379fe0ccd5da7f8370511be7fc7a4f8244f6a1050f4a34c
images/512/shenzhen/0545.png,e6d76ba0acb817d03ffe83d0d5413cc1c79f5b08e54fa852d206ec146268bcef
masks/tb_lesion/512/shenzhen/0545.png,1da3f975c9c0e74d9659de54802202c4c1ee121138a9ef2c044dd233517b889a
masks/tb_lesion_annot2/512/shenzhen/0545.png,9bfe28a2e6ab4b8c753acf43dea4a4898c1598321328618ad7b4b7ed917a14bd
masks/lung_field/512/shenzhen/0545.png,93b56be70a92786d86e866a18b86cd770daa2e7cefb04d6b0d8030577bc88c2d
images/512/shenzhen/0546.png,018c21e34b01c0e441b9dfb226adacecf12d3866787e4664f71e18cc5a6347be
masks/tb_lesion/512/shenzhen/0546.png,647d33742a1b2b38274f8cc588826fc412319f207d7e5d3492bf3e9c6171df5c
masks/tb_lesion_annot2/512/shenzhen/0546.png,73cef20a41fee4ee4196e65010cf5c46646af7305ccc4debeb090a64ca5e134c
masks/lung_field/512/shenzhen/0546.png,9477ebb8d3686870853cbdce9a3d3068cc9a502e55df454ee765af6ad3e1c1a2
images/512/shenzhen/0547.png,a3e1892c60fb97c774661ddb3e3e2759b3057900c15fd8d3865e9419efd37270
masks/tb_lesion/512/shenzhen/0547.png,34d85607f6cf407a53ff499a2962ce378127c171b6cdf078495693c77f93e09e
masks/tb_lesion_annot2/512/shenzhen/0547.png,e64d1231c9a027eacf42223658802af5a93e9daad8e94cd5493be2e6979aaba2
masks/lung_field/512/shenzhen/0547.png,e4ff739a81bd2a545009b32a2c86af720667ea1d48e424d710603fed07c99ffa
images/512/shenzhen/0548.png,76e9277bfa668420f032c0b71f8c9384008d9e08594f8cf639e63e9665673d73
masks/tb_lesion/512/shenzhen/0548.png,a167d0a62f8f7c44a053d35ba05938f2b3c30650531bb008687fc3e1669ddac3
masks/tb_lesion_annot2/512/shenzhen/0548.png,84893dee0222e08b5b5ba289f6bacf78dd2a8718b09f016e7de7dbd0e2d1afe4
masks/lung_field/512/shenzhen/0548.png,efc28a5c5ab1189cdee3e22a186538782ac1f0da99a13b50c380c57516fa748a
images/512/shenzhen/0549.png,4a25f27108c95291ed79ec195c42da7a58f009d59e1f60e8c2f19abba251b971
masks/tb_lesion/512/shenzhen/0549.png,22995c2aa4bae1c92e5692e63879d28d7a053a5f0a368144fe7a589327a67a7b
masks/tb_lesion_annot2/512/shenzhen/0549.png,cd8eabaaf7af8cf74468b2cc65b68345502abe12c8e0292f9a6e44007641d69b
masks/lung_field/512/shenzhen/0549.png,203aa2cc1f796942fc6cd7ad1358d7d25287885a3eaa6c755d0026c9260e96e6
images/512/shenzhen/0550.png,2bea8cf4e4551789ca86626bb01274621d6ac2fa2bd47d515af6bff06a009e91
masks/tb_lesion/512/shenzhen/0550.png,598df74c86877cd3f7ffe53d184e53375dbf758083a8c1d99a741ee2f889760b
masks/tb_lesion_annot2/512/shenzhen/0550.png,65795a5b91030a2a433dae510d1edf494082a9cfa1153cd94f3797759f68f257
masks/lung_field/512/shenzhen/0550.png,15802fd0cce4e5facc2c5cee7ea5c6f6880d7c833c2bda76e592471647d6ab6c
images/512/shenzhen/0551.png,0cb38730c59a8a4cdb2fce4a3526a7a5160bb596ac68355ffb135ff870c8aaa5
masks/tb_lesion/512/shenzhen/0551.png,92f7fd9eaaffb1f747fa1668f721c6ef4dc8b635adc2f5db06e2f7b2940172b7
masks/tb_lesion_annot2/512/shenzhen/0551.png,757f07ad26148186a79bb10bf2629e63bacaa95465a6c8e31f2b2b3000032d55
masks/lung_field/512/shenzhen/0551.png,989d7b3a7d67bb4412131453f80efdfb3561c4ed5c8f2684d4fe9889dfbf3e34
images/512/shenzhen/0552.png,01109c9fabcc3e2143c93e92e04e074313214d7960872b32ef9016bfa240f02b
masks/tb_lesion/512/shenzhen/0552.png,7262da6ad60e60a77d0e97643bac40d1499e29dfae00c86db336074a0f3d8208
masks/tb_lesion_annot2/512/shenzhen/0552.png,ff2503a0e390960c4269977894b78edcc5439e4c60dc1e70192525faac723142
masks/lung_field/512/shenzhen/0552.png,07fdf1e500dac3beab55ad029be527e63451891024b4009d20aa81ad68c7d510
images/512/shenzhen/0553.png,8c600d4b5ed3379d23328a962b7e36e930efca491f6fa6c2b51c60f996b519a9
masks/tb_lesion/512/shenzhen/0553.png,72dcf255bbe9f97d866a9a62c88a9d3b5c5c942c7901f27ffbfee15386f70255
masks/tb_lesion_annot2/512/shenzhen/0553.png,38dc63b59d4552807fa3e181bc2ade9ba1d67fa1d89df7cc39f60bc6df707cd0
masks/lung_field/512/shenzhen/0553.png,edb6779c77495c830a4b2eadcd4a8eb23aa8a0a7bd27f2d6bb6425ebb803828a
images/512/shenzhen/0554.png,32be7e1f85ce98dd8727311e2d33df0929c6fe55f4c003aa42a229b52e7d7fb8
masks/tb_lesion/512/shenzhen/0554.png,85386bbc117f16f0bb221c157ac03182910f2eb860e47a1a5b55ce48fb2eedb0
masks/tb_lesion_annot2/512/shenzhen/0554.png,e0208880b464b3d609dd592a513ad86ac39f82c48a1f9e26741013a6f5498cc2
masks/lung_field/512/shenzhen/0554.png,86e28354577298b2dc4096828fe955723b461c8eda959a922e996521d9e782d4
images/512/shenzhen/0555.png,5ef69383675500c2f63cf05026a1a90728336b409e279842808c0f714e3c1de0
masks/tb_lesion/512/shenzhen/0555.png,5b0c984b6dc633104631b8c41bcadc7cf75d86dc157e0b5d8c2eebfb9523a548
masks/tb_lesion_annot2/512/shenzhen/0555.png,9dc567b3fa0c4cede568df9adb5ca7434465ba6e2297c998ae7491eed8d1446c
masks/lung_field/512/shenzhen/0555.png,5b98a886f22e5f5cf059a83d90fed9194266f1b9a4def61a9253df81765b228f
images/512/shenzhen/0556.png,15ee02169d6d07b4ca5fa140dd5440ee47a098aa2b975a809d2707d60591d030
masks/tb_lesion/512/shenzhen/0556.png,f4f411dabb8228c5316faa1266e86bab35bfbfa484d0cc9ccc13d38b7a5ea922
masks/tb_lesion_annot2/512/shenzhen/0556.png,5250a76b7671cac46149fd906c22fdb00dbfa78bea097bdfc0a894281f5c504f
masks/lung_field/512/shenzhen/0556.png,80b510f0bf3b0c16c71aef87690405e791dbe096167ffd754a4ee4062a0580fe
images/512/shenzhen/0557.png,8b1500cd26f41cb7231b2f4168717e0fdadf1699418d52eb6ff16d4ab9593fb3
masks/tb_lesion/512/shenzhen/0557.png,1fe5c0ba5c2370f6a2555134675515e194833a9fe5d1dbaaff204d43e42c6bc8
masks/tb_lesion_annot2/512/shenzhen/0557.png,343ca0fb90d34b4dcb9e898984349bc9ccd6348e05df2f1f9b1794fe1816f937
masks/lung_field/512/shenzhen/0557.png,545e687e0d011d958f4acf906720242cacaba76067b8ca3232f79ecf5d7cd1d3
images/512/shenzhen/0558.png,279b9bbaf61185460a949fc2ab42fc743590ec780d2915fd081244e7f229be10
masks/tb_lesion/512/shenzhen/0558.png,5bc565a38d5a1898fd5b3964855fce5135d7e7e03249c0aabe683f93c98a0574
masks/tb_lesion_annot2/512/shenzhen/0558.png,266e2bdaca3c409876e8bcd3c19f1c17e45f3c3d131048b0bd3897084c55fc58
masks/lung_field/512/shenzhen/0558.png,8ce7aa9efc286e735f307d5dd3bb464347c7e71efe375a0ae3d696d588466bd0
images/512/shenzhen/0559.png,ed372df461fe8c468e0fd59c1ff3add92cf08d00272d1fc055c91d7b84a85b20
masks/tb_lesion/512/shenzhen/0559.png,beb69749bad4ef5c235794c6c3048177b6976b9d266aace4e6e2f7959ddae9f0
masks/tb_lesion_annot2/512/shenzhen/0559.png,54211ca2febb60b4059cb1c50bd18567e70659ac3766fd80a148202c4d628786
masks/lung_field/512/shenzhen/0559.png,57d00cb944639a966b526b32fe617c13d75cf6d9cdd281f2f544012b50d811af
images/512/shenzhen/0560.png,13d4c0d13d7130ee3e03323c2dd730766f685ab7e6231b7e31a59e2a4abd6247
masks/tb_lesion/512/shenzhen/0560.png,f29111a581e177a003c4e510deac380f762e89d92616f2f1e63d8ab4a9a595d0
masks/tb_lesion_annot2/512/shenzhen/0560.png,659ac040d28332a93d55e3b347b2e1de286fa820c699a6aa049ad65afba24dd4
images/512/shenzhen/0561.png,28c09f993fa87ea6f8a62c61243184e1623cc83fc18ec8ddbfb859a384565680
masks/tb_lesion/512/shenzhen/0561.png,4c7449b3efd54d64027239a6a84238aa278d4b96b9fc8e2851cfdbc325fdd877
masks/tb_lesion_annot2/512/shenzhen/0561.png,c7cebf3418e083a3153b5cb144a6d1fe7485fbb1d205e02fe73966aa8668148c
images/512/shenzhen/0562.png,752037a1d9a5b5237f01357dbf23174b62be6fc4cf3d57e4d620d0a8e610292d
masks/tb_lesion/512/shenzhen/0562.png,85aa9a833d48cec881d9e9bff8af0dee9934df875b3efdd4a8279e816890097a
masks/tb_lesion_annot2/512/shenzhen/0562.png,eec930dca13a69e2772130b0144abd21462946ba70e311f64f61f193d53650b1
images/512/shenzhen/0563.png,b61526c5b7b9e5ee526eed9bcfe8c5af549d078f7f306380f868b88654d48ac3
masks/tb_lesion/512/shenzhen/0563.png,80f8152f27a17d3237faf5a2ab09683d16124f3bb004df43ca40ada3b451cb25
masks/tb_lesion_annot2/512/shenzhen/0563.png,1e4e0afc118433911f798a32f84ceb8f64febc8bc338f84f10b4fc23bf8ca789
images/512/shenzhen/0564.png,555f8c64779bf3cb0b14e93d0d2cb448f248875d1205145e574ce0d3b6372c66
masks/tb_lesion/512/shenzhen/0564.png,ca13d32ae8d55e0817e455c3e9a818ca44cd3663918d1869acec8b8a583dd555
masks/tb_lesion_annot2/512/shenzhen/0564.png,7001fdf356219ff8d9b662d242bfb755a981dab9b970486caf35c1e738ee9511
images/512/shenzhen/0565.png,cca8f27c9f2ff17f564455d1ea980d3fd530772af05fe8e894467c459e235e91
masks/tb_lesion/512/shenzhen/0565.png,7267034d31f2de4bf5fad89bcd81420b7d0ad00d4156a564d582d35ca0e4fe81
masks/tb_lesion_annot2/512/shenzhen/0565.png,8f7f9b11e2e46342fd4b9132c99b24d9b20dd00908fb15260f6bb87fe5db8a14
images/512/shenzhen/0566.png,c580aad74ce32292af471ee76a3cc36a7801b7322b25876dd38f5f9fbfe559db
masks/tb_lesion/512/shenzhen/0566.png,3532b8834fd176bb5c5efcaa1882e1744f23ceeb8194f5eb8510679d12393b78
masks/tb_lesion_annot2/512/shenzhen/0566.png,04a886e2d85395967c6b3e33197381b0774d7338fa92dab0fc1fa0dd22d12ba7
masks/lung_field/512/shenzhen/0566.png,5f03fd4ae816a9b54144b760e8cbd8fb413b6d8b196e231a4c0c2f861418fd43
images/512/shenzhen/0567.png,960cfbf87360cb30c8a5ce15327a6df6291d640b557eab757b0180d4fdaceba3
masks/tb_lesion/512/shenzhen/0567.png,592e96b7b9e6cd201c0f4730f9a230bbeec17819354097ad2558a68023b6975a
masks/tb_lesion_annot2/512/shenzhen/0567.png,37271e5e39215cba808afefb9adc484204e57322ac1cd53bfac043845fb8afdf
masks/lung_field/512/shenzhen/0567.png,1445fe9689346b66c69597f025f6ed73897ea439d94ddb671498799f6f1debe4
images/512/shenzhen/0568.png,1e5c00b9c0511ed63a88f51efb942325f81362855deaa162bbba7e6b15cf8eb4
masks/tb_lesion/512/shenzhen/0568.png,3d29fe091e67b2b7d39bb0339f4d0c0661991a969b19dab24fa7ffca0ccb5945
masks/tb_lesion_annot2/512/shenzhen/0568.png,cdac936a4b5e4792e84b53af7f6664d6d08e7b286c77d797fed8b888ac55ed93
masks/lung_field/512/shenzhen/0568.png,9ae69b9a2c046b3f217d5583ad7d93a33f66d84794bdcef30e2bd7af6f48628b
images/512/shenzhen/0569.png,21760bc7c8e51e944c8dda04001325dc877bd9497319fb31c83dc8e4d21b25d7
masks/tb_lesion/512/shenzhen/0569.png,c217398a39ebd40b724ce859df6c353ee33e456234dd43ce29768e0919632b3b
masks/tb_lesion_annot2/512/shenzhen/0569.png,4bc715edea60b9ab344123fef923bd4c3fae26de50462e185fd618fae7172994
masks/lung_field/512/shenzhen/0569.png,0566548516fc1b5d501f6cc8e2ac8d8e1b17fe228505cbcd60ec7c6a56b06783
images/512/shenzhen/0570.png,686a191d93bf6572094a1243a8411cf07cfb2736aa33847f32f010fe65029693
masks/tb_lesion/512/shenzhen/0570.png,6b0109f57e94756f73d629a92ffb27def890d36e1e4352b8b69064461da9d1a2
masks/tb_lesion_annot2/512/shenzhen/0570.png,65795a5b91030a2a433dae510d1edf494082a9cfa1153cd94f3797759f68f257
masks/lung_field/512/shenzhen/0570.png,a46ad47158b6121dcec4dfb2589f1790982e440e4c64270629ada79c4dd76b09
images/512/shenzhen/0571.png,9a8885aff2fe93adc244a8ae42bc67636f595578665aa8b594c0cb7f61cd2d44
masks/tb_lesion/512/shenzhen/0571.png,91732b9d2407ed1a8dd0642bb92d6fd9e22244135314f632e7ff8d6c078c7368
masks/tb_lesion_annot2/512/shenzhen/0571.png,c8533be01a076b3c38eab3cdcafe35fa2c7e3859bbc95d89987e7432e48c4e82
masks/lung_field/512/shenzhen/0571.png,a724ba3e07a2bfb531eb488e8e392cc984c48607b32a5618b5933631c94b5de0
images/512/shenzhen/0572.png,9f04049f1266a3bbff57e7d5de57b9e336699b63f527819c76f9b4c75b97551f
masks/tb_lesion/512/shenzhen/0572.png,bc18050f15ab79fa7a3fc4aaf02e177fb80e5d051dbc60b6785bd3c125686f6f
masks/tb_lesion_annot2/512/shenzhen/0572.png,55b6cc42820ce4279e75a0dc5c1ed50275fafc56542b2c2e4b9fd9314c3c4f6f
masks/lung_field/512/shenzhen/0572.png,e01e60954d126dbb57b92698a23da82053bc90670fb454bc95a5d585068ca625
images/512/shenzhen/0573.png,2c11b506bf78394a0d3277d76f8462ca76c3b3817ef99a266c22914b2d795471
masks/tb_lesion/512/shenzhen/0573.png,3b748956ac33880d16d07c42e66806062a72b1571bbefa0034967eb6652b7b81
masks/tb_lesion_annot2/512/shenzhen/0573.png,525793bbbc5e39d920b4c5f7c5d56ea1a2d0a038d66d7ef10fc7d8e4deb39d80
masks/lung_field/512/shenzhen/0573.png,325ea067e6f223fb2cdf3b750ce6d7a2938a61cb9791f20d51f3736601c90fbc
images/512/shenzhen/0574.png,c38771ec1dbf2cacc601be3f6fba13867b0085734fcb8cec51e5f3b0f3b95ab4
masks/tb_lesion/512/shenzhen/0574.png,717375965900383d6f44c5537b5aeaa4b88891af0a3b67c5334b52e1ee1b9550
masks/tb_lesion_annot2/512/shenzhen/0574.png,5aa5e96cf518d0666f7bd7cfcb438ca0c73f5a1e200242282aa5bb8170222393
masks/lung_field/512/shenzhen/0574.png,58fbcd03dce32246c043f7435639c9a48ff1f257b6d56068bdc41912bb772825
images/512/shenzhen/0575.png,3e5d3996d2a0c7adb8dcc742ee92ed36bd8e1b2defd791b52f982dd17f2b35b4
masks/tb_lesion/512/shenzhen/0575.png,6ae2d77e2c21acdabc38d299d290262afc6c8247fd931d1000739ed2fe77f511
masks/tb_lesion_annot2/512/shenzhen/0575.png,00105ee6c459c9be118c19320c61ab5fda5e939bb540c617482125b52da55cdb
masks/lung_field/512/shenzhen/0575.png,c2dd74c50e92159a2f6148ee1df3e4216296b9c946dd00e0e1f58669f4ab0bcb
images/512/shenzhen/0576.png,6972548b529e6fc0bfbb82b84991e476d3d9a555f5696a2732a9af29c9c30dde
masks/tb_lesion/512/shenzhen/0576.png,c0f54ec67af54365bca7361e09a6b62a5376f06618d76e2a0c07c9f9a0eae4bf
masks/tb_lesion_annot2/512/shenzhen/0576.png,a073f64c1b5dd4e2e953c7712a9aad0ef0544f58115849c70010ff794b8a9d55
masks/lung_field/512/shenzhen/0576.png,e9fc68142874f4155d4b71d8754f853c64363c358d313037849fffb9c776dcb8
images/512/shenzhen/0577.png,ceab067509efaa43ffd803787b910d78dfe21597cc311465472ad3362a7ee1ad
masks/tb_lesion/512/shenzhen/0577.png,7ab1c94a252b0ff4e31ad24489bca9c5061693c6fe5b3b979d4442dcb65ea7f8
masks/tb_lesion_annot2/512/shenzhen/0577.png,65795a5b91030a2a433dae510d1edf494082a9cfa1153cd94f3797759f68f257
masks/lung_field/512/shenzhen/0577.png,05ed9db91fd7ed7d5d4facfd2f0519c667fa20f3a5dc2735b43af090165be222
images/512/shenzhen/0578.png,ef45ce0cc98c669754a08e10127c5335b71533834105c0ee64b54d3c7fafb50c
masks/tb_lesion/512/shenzhen/0578.png,dd970d2ef8b59ea7d0cfd1778c657277dac3e7a289526a389c72e19240c2b6e0
masks/tb_lesion_annot2/512/shenzhen/0578.png,d3aaafaab16d8b4bd5b5b0563e1d4760a54cf3752634fdba2e627e715becf3dc
masks/lung_field/512/shenzhen/0578.png,8d17541bfecc7db169d0f2a786861176ddb6c30b92a4f5f974fcc08cfe420eb5
images/512/shenzhen/0579.png,bd54a16161b9885294ea4a1fec76158cbcb541b7656625c499870b2d134894a0
masks/tb_lesion/512/shenzhen/0579.png,2fb434c00d57bca04728794c6edc68343943691cbc1d2137e306e5bb3320af11
masks/tb_lesion_annot2/512/shenzhen/0579.png,b845e4bbea42dc0f5c7b13ffa36e4eb5ab9c15e6500438e9afaf2f6842994d48
masks/lung_field/512/shenzhen/0579.png,a3ff0e1cbc2d33bff8c6f5710d8efa8a80f3920fce08fe118d6c8b023ad400ec
images/512/shenzhen/0580.png,7a5b75f8511dc105953d8c6c3a6806f6683fe5550f6b1e814661d5cf907cfa84
masks/tb_lesion/512/shenzhen/0580.png,20e6e098ef0c3bda907a8e5c22098153256f80029d7f1253f51e3ddea1327749
masks/tb_lesion_annot2/512/shenzhen/0580.png,964b0a365ba9ac928209d1db4a92c5ecff407472128c0eab326518c4f279a335
masks/lung_field/512/shenzhen/0580.png,b76a5da4f3b226f01c3b489ad3a7f2737ebf79209778b5f1ae4e9ef65e771c3c
images/512/shenzhen/0581.png,ff022a4173410af4afed3851e4e0b791509b7970bb2f34e5bb8946a9c9e99b36
masks/tb_lesion/512/shenzhen/0581.png,120671eb784b89c6985d719472d566cbaba47fe41f24ec9a6347edc842c2a7fc
masks/tb_lesion_annot2/512/shenzhen/0581.png,9f013d80b9772842f06b88f064504f3842a362f68618dbf5f51cc1f970850bd0
masks/lung_field/512/shenzhen/0581.png,62904dcc6068be649f0314aad8f66b3d2a66ea5767c6ed87f30cf31571ad96d9
images/512/shenzhen/0582.png,8c61fd0ac48e618d2415614b2280cf0937c1d614b20b578d1b3a7e0b8ad4ad84
masks/tb_lesion/512/shenzhen/0582.png,3eeeaa1fc1d4eebb4867483cae2b2fd02658aceadff7d8b221d7dd69159db94f
masks/tb_lesion_annot2/512/shenzhen/0582.png,29775ef6237cc06d7b76d353652801f601894e6fa8fa2d961a7a973aeb3cbd87
masks/lung_field/512/shenzhen/0582.png,6f18195241f813d35adcf4454e981a805c12d33a178165b8730f0e4a9215d842
images/512/shenzhen/0583.png,4bf27ef1ca7a18f9f852043e4010119b2b9911b2a70c6f88f51269b3fcb99893
masks/tb_lesion/512/shenzhen/0583.png,8c3c203edaf91bd2baab1aef4175e3b2e6e497ff4a89e3a6638751743b6e6bd2
masks/tb_lesion_annot2/512/shenzhen/0583.png,d48e2cf9e1634b47f72dd57b64c6e5e0151eb8a828dbccff4d264373bcf136b9
masks/lung_field/512/shenzhen/0583.png,d44b47fa36e885cd7ff0bd056cae529843faeb2a549624ede2bf797648c920b5
images/512/shenzhen/0584.png,c2b936c903cc820b0107bf51cccce02b20f9885048a05407de0b2009332ac734
masks/tb_lesion/512/shenzhen/0584.png,4441223e978d904c9be47940c197e26c3863bd531d63baf0ea4c57d8a46f4f0e
masks/tb_lesion_annot2/512/shenzhen/0584.png,ac9ed71ea4aa6d8bf274650aae5ed8d718de9c38d25a6af6a9da4a71e25c3a06
masks/lung_field/512/shenzhen/0584.png,fabceeefa9031fa361a64e2edc85099e0591dc0d2d8e275d36a13429cf4def2d
images/512/shenzhen/0585.png,58bad658823d21a76d6736a9837fa9bf861484eec6623008eaa2eef0db6c502f
masks/tb_lesion/512/shenzhen/0585.png,31224f2dc43ea1f7276b5fca82429795285d546e52618b025e26346f9174ee7d
masks/tb_lesion_annot2/512/shenzhen/0585.png,0c3977e0f35fa21fda3a439b1e4c935c2388f02c36ad0dc40126c80b9495bef5
masks/lung_field/512/shenzhen/0585.png,dd4ac1dad7c49c1c49032891d8f78c4294dfd8b44b0592355452cb32151aec3c
images/512/shenzhen/0586.png,1bc3fc7f48743cbfc1f1deec37d000b582c54bd2903e099d62d632db15a3f425
masks/tb_lesion/512/shenzhen/0586.png,db3a1f285803231b4bb2294c8636f33461e5ae616e82d5135020725a367661ab
masks/tb_lesion_annot2/512/shenzhen/0586.png,bdc800eece95ff0cacfa50e1844e955c482b5fc821ac30212a6a4d0d1b6d5981
masks/lung_field/512/shenzhen/0586.png,fcb2696927a8f20aefbf62e81ad6645842b98c65d86f0d4f2991670b13990cc9
images/512/shenzhen/0587.png,d52a9eb3f9be512661d1c971be70b683f3e5ec158c19cffeee96ba15a92e50bc
masks/tb_lesion/512/shenzhen/0587.png,f3975d5a2140f92e1a952cee1cc4132372aa7af24d10e43ea7e469c5612dcd69
masks/tb_lesion_annot2/512/shenzhen/0587.png,f2b993b9dc74fcabd01dead2aff187852932837627dd93ed7aced654614247cf
masks/lung_field/512/shenzhen/0587.png,4262520d97b51bab858e43588f7386280dc5408c4f46d28e59f9b113919a5676
images/512/shenzhen/0588.png,ac8910ad6bc564f95224df8c765681f2c3e107b421e3f47cf57a8bb32dab904b
masks/tb_lesion/512/shenzhen/0588.png,ebe7977914e3016a6d8dbca0eb1dde41fc868785c41e5825119dd05657ab52a5
masks/tb_lesion_annot2/512/shenzhen/0588.png,e85b495a453955976fab9ad8adfa921fa7c25a76a083e6f97a2860607cac4b39
masks/lung_field/512/shenzhen/0588.png,e49c1ae4f6421fda9f3d131bc408d1a82acf76bce59dbf28b3c922eb193ae24b
images/512/shenzhen/0589.png,57ca777e482258f67545482f9c0e7ff26406bc4d11b8bb3a797d835189a78fda
masks/tb_lesion/512/shenzhen/0589.png,1e7c9cecb0fcadff39bdbabf3faf5589ba54930529df781a5de4e5d385e4c93e
masks/tb_lesion_annot2/512/shenzhen/0589.png,65795a5b91030a2a433dae510d1edf494082a9cfa1153cd94f3797759f68f257
masks/lung_field/512/shenzhen/0589.png,ef3ecb527cf634cac78469a40db926a3d9c84a4aa878fd3ed3b643e1b08abe55
images/512/shenzhen/0590.png,a4b5de8f4b30d13dbae8fa2117e3c3ea87937dbe5807278847b9e60e825a1df8
masks/tb_lesion/512/shenzhen/0590.png,8b33b6366f31aee3c56d15c783ed06f254fa5c49b98517dacfbdc8a4f8aed746
masks/tb_lesion_annot2/512/shenzhen/0590.png,4b435b1492e85e33f7461a5826c859584a0e45ab6f71623520ad69489bd7d287
masks/lung_field/512/shenzhen/0590.png,60b19716308b330db22679de385da6ed27c75a54ed92b4c96e0a91c6010544c4
images/512/shenzhen/0591.png,ae50337a427b1ac3d3d8aa4b5e5dc72e3404c2a0c5b53e64789b5ed11f3e65d2
masks/tb_lesion/512/shenzhen/0591.png,979338c19948d7c397c932b4c075ae106145dc0aeb5755ad0c87f96053643080
masks/tb_lesion_annot2/512/shenzhen/0591.png,65795a5b91030a2a433dae510d1edf494082a9cfa1153cd94f3797759f68f257
masks/lung_field/512/shenzhen/0591.png,44ecdd826cdf2b3a7bcd4e9b2a8d2e8297396981dc8f6f13892b9758b59f7e2a
images/512/shenzhen/0592.png,9d49157b21f4f7992d2267cc91f3e18527038666453cc32415f56c0d8d5ad995
masks/tb_lesion/512/shenzhen/0592.png,6c813bd107bd49a9c8d4d69f8de0776bf81e0c7f103cb5487bae031f4fc3ba0b
masks/tb_lesion_annot2/512/shenzhen/0592.png,17e77095ae5a6f760a781943123c9cb5134476445500afe190bd91eb2a88ac5d
masks/lung_field/512/shenzhen/0592.png,c0d595ab480261410a2a603c3033c32e2da9d5f0fe6a9b24b75cb04324ffb5e4
images/512/shenzhen/0593.png,595caf8a3f4252bd9d6eec57ae26da73edc45ac4b6d3345eff0de262d6643eb8
masks/tb_lesion/512/shenzhen/0593.png,78985b1854a20f69fbce0c6d1b1a7ae8f58b81fdc4e70ab634eaa10de7d4f68d
masks/tb_lesion_annot2/512/shenzhen/0593.png,65795a5b91030a2a433dae510d1edf494082a9cfa1153cd94f3797759f68f257
masks/lung_field/512/shenzhen/0593.png,45debb37b95c3f3d444a6e773bd981291114ffa45f40df45460b344fa42c67c7
images/512/shenzhen/0594.png,47b3cbfd2cf56cedada356fb5297b29061400f079a1a52a6c7071fa382260a1e
masks/tb_lesion/512/shenzhen/0594.png,b23c14071e5162c456a7e54ced75f8baea1da471e21a12bf386abc81b7cdc59b
masks/tb_lesion_annot2/512/shenzhen/0594.png,cfe0f0835a354a54811892492d80417114610ec5aa6207162a7cba7a379cb179
masks/lung_field/512/shenzhen/0594.png,ac8667c485895965dd67f1c3331e356b1de6a0595d1cee8106bee26c1ac7e299
images/512/shenzhen/0595.png,2e43c5da0a379a4d92a8e469487a2ba7acc7a8457367634a6244672014e5439d
masks/tb_lesion/512/shenzhen/0595.png,cf51adbe49b4a4eec873aa5eab35ac5e896daad70b8ec6e18e5f942367dae401
masks/tb_lesion_annot2/512/shenzhen/0595.png,28eb21b48792fd5722d7f691780f7401985e7d94dbda6243fc9f307c53e5cf2d
masks/lung_field/512/shenzhen/0595.png,ea6a839971e344d30b3b7967f8f7775eb6520a5083a6bcc30ed80dada3ccb4b9
images/512/shenzhen/0596.png,90a2d67dead650a4575d2febdf9839d2077ea0694901f2fd435c97c61d51b6c6
masks/tb_lesion/512/shenzhen/0596.png,01adb3a783b99e25c11ff6129288cf221e409720b3eda4d611891b2e5497b575
masks/tb_lesion_annot2/512/shenzhen/0596.png,c1cd7da4a705ebe5c588cf2e38693e8329eae46b6f182fa9a05d448e5da83d49
masks/lung_field/512/shenzhen/0596.png,fdc9611ecd6243b9a6889575e0ab587c3da697b362de91661e92d9dca03aec89
images/512/shenzhen/0597.png,3aa4a7f64f3ea6fa2053459927327ce94878900009298cfe34dd65c8d9e98c76
masks/tb_lesion/512/shenzhen/0597.png,ef3e2033e18cb40a0b7fc177898e1ce3e43b5f98d697cb4cbf4f83c4c5aedca4
masks/tb_lesion_annot2/512/shenzhen/0597.png,331ee3c1733d633e02bddedba8d9df595ae47ccdaed85f89fe389a67d46b39f1
masks/lung_field/512/shenzhen/0597.png,7c06af7468146b190a909326680cf22687bf9175d22ccb856d2c6d35cbc33a6a
images/512/shenzhen/0598.png,58653d3ef779150d789ba3f59ec012c32176d0569192e4b8448bff14cf893773
masks/tb_lesion/512/shenzhen/0598.png,e00f364ae46ee185c210843a4fa5566903d613e28c612329ea006b198345e266
masks/tb_lesion_annot2/512/shenzhen/0598.png,a7b5f3af591ea3a8ffa76b608a5441b80c8d1bd7bf52b606f7608ce9413107aa
masks/lung_field/512/shenzhen/0598.png,afcf58b5d5e9e8729a6de3ffb49b1d94b8c55bc766a202968762897216d7abed
images/512/shenzhen/0599.png,2d7e2007f0cadec5e222ca751fc088841b7c5185975f85bd76b1582af528aca2
masks/tb_lesion/512/shenzhen/0599.png,02cb13351f2e0c4fe9a12c55d43e9f2126c9a94971cad161e33d5c75677611bb
masks/tb_lesion_annot2/512/shenzhen/0599.png,a7d4ee70efede3cba2a24801c10e4562b92f3b12145d9f234236d104320df745
masks/lung_field/512/shenzhen/0599.png,2f5ca4af5b8464ebb25060c71fcd0bad6a5f500505459f9404b8003ef9b8177a
images/512/shenzhen/0600.png,181c3a43ad745d257752a1324556cd6176557e14ca33092aee4f4bd507437f16
masks/tb_lesion/512/shenzhen/0600.png,7437a524e2693e24848c12c04fc61b1a6f69303dc8d948998de7325d0959b817
masks/tb_lesion_annot2/512/shenzhen/0600.png,e83350cf9224728e03959a79253b199ac01960ff45411e31014e209ca6a6c4fe
masks/lung_field/512/shenzhen/0600.png,780daf47ddbf802f7a266184066710a4dbb09669946855473cd4fcaa21a4f8ea
images/512/shenzhen/0601.png,6e4be1a3c3ff89d01bc6b9d6d6d2ecdf2c565130632912f549fac4194787fd4f
masks/tb_lesion/512/shenzhen/0601.png,0c4c04474eae99bf5730d0598399ea31c957e9ea54c1301250395cb10f6f078a
masks/tb_lesion_annot2/512/shenzhen/0601.png,bdd104747a4759afef6678ad2f077236a0ed3e78aceb7356056b2cc47273caa1
masks/lung_field/512/shenzhen/0601.png,ae594c2e77ee2ae39b753c1db01a34f86c84ea953a68f0b53f6aa54ceea93b10
images/512/shenzhen/0602.png,28fa362312cc3f8984a57da5a3c819f5dd5c4cbf7a095835ca2ba97a77fb824a
masks/tb_lesion/512/shenzhen/0602.png,ed9862c14c4f445e655df8e9b87c342c64c030df4b4a8e02660c8f70acedcdd0
masks/tb_lesion_annot2/512/shenzhen/0602.png,3e10019ef1d2a37c399131d0cc70d3f9a4e0b63f98d9786e0e47461c8e2a5670
masks/lung_field/512/shenzhen/0602.png,fcf8f5b58a29e01f83b2175cae9d304696e4139637eec74a82235638b15bece4
images/512/shenzhen/0603.png,e6ec3223454703151b802f816bb9daed618c097b88ed86f6fff86c0e6090debc
masks/tb_lesion/512/shenzhen/0603.png,65349ba5c35a507efd7f9516d1a3798df7cd97bb08f3ebb30e653c887e8b883e
masks/tb_lesion_annot2/512/shenzhen/0603.png,bbefcefc44cbb574fe92d8d2a9e4b51a92e431be5e10262cb813e1595effbfaf
masks/lung_field/512/shenzhen/0603.png,36e7c8d188800d932399a4e839bbb8edbfcc9f29f98a4193bc789b595b60ca8e
images/512/shenzhen/0604.png,cb5ecac3e88666a7f37b5a3fa2e8bd6fa6b35d7c31641e339b6012f76c09d2fc
masks/tb_lesion/512/shenzhen/0604.png,2cdd0a0ad828fad98a6acd75fceff52cfe344ab10efaf1fbfec353f9a1898e7c
masks/tb_lesion_annot2/512/shenzhen/0604.png,9e0ab6044cc2116114ae7bc632df1cb77a9e659df0d2cccac23d69bfef08622a
masks/lung_field/512/shenzhen/0604.png,2d5741544cab1ea1eff7f122e0143db762c6ed4e5cdb4f6c9982e53458c9642c
images/512/shenzhen/0605.png,da0f85856d369c5435acd9200ffc9ba579265eab204074bbcacd44bb3e19d064
masks/tb_lesion/512/shenzhen/0605.png,890d3ab5c839fc6fa3438790c29d0df62d2efb3a605cef6a681c31f043992669
masks/tb_lesion_annot2/512/shenzhen/0605.png,371f69a306c47739545fc1a4936d3a4083a1eb7f255c2df1268eadee0be9263b
masks/lung_field/512/shenzhen/0605.png,b3911f5fb9bb8ec20c35098c92b26baf697f380b243fb4e2e872cd6d47e2412e
images/512/shenzhen/0606.png,de3bcb0bc31c0ac47f09ae1cdf2daf8d9111792581753c221d91e3aabfd04a89
masks/tb_lesion/512/shenzhen/0606.png,65795a5b91030a2a433dae510d1edf494082a9cfa1153cd94f3797759f68f257
masks/tb_lesion_annot2/512/shenzhen/0606.png,5918b1b2f64002b29ed607d5665aab6a6781bf66b101a10fb55f63f38ebe5a87
masks/lung_field/512/shenzhen/0606.png,36f3abcdf5ab834df76d38ec8de0a3073ce0b44f0ee76b88e19634711ad9083b
images/512/shenzhen/0607.png,e3cf3f088ee440f40a332955817b1b514d2b9e6842bdf1514b40cbb75de18c64
masks/tb_lesion/512/shenzhen/0607.png,24414fe438d7886065062045c74012771b6eafe7e6db968aeec1ab23ca4490ed
masks/tb_lesion_annot2/512/shenzhen/0607.png,880d4c91bc892aaba49221505748a3bcef17da768b2fff61d056952656652ca2
masks/lung_field/512/shenzhen/0607.png,0421f953d93c78385d675091a643293ffc2661a53aefaaabd38b00ae0d810da7
images/512/shenzhen/0608.png,cd2f52cf3451b73f992040af5650e84434c4c50201b6c7e91a786589c9a3a4ca
masks/tb_lesion/512/shenzhen/0608.png,db2ecdf8c8ca124e9719a41e6159431cca9f5fcae573faa52a8fe58538791170
masks/tb_lesion_annot2/512/shenzhen/0608.png,8fff4d1200c747fe10adc55f405bb3fb0fbe97039439ef408b22d815f6f2d55b
masks/lung_field/512/shenzhen/0608.png,f24d5b707d80dd58ab04b12074b2b8a4639a0b1eed01e1a11a302a79c2c73789
images/512/shenzhen/0609.png,52aafb700ac2725d4292d88c57da4aee1b5a15eaff380d40afe48f0d6a94a02d
masks/tb_lesion/512/shenzhen/0609.png,65795a5b91030a2a433dae510d1edf494082a9cfa1153cd94f3797759f68f257
masks/tb_lesion_annot2/512/shenzhen/0609.png,de7b6d1356444bc1f9d11e0859dabdc103f2e780c9d76501153ba89a7e28c01a
masks/lung_field/512/shenzhen/0609.png,7a3725056cf3ed431555ad08dafe7aa38f218189f5f146cedfa9de579232bd30
images/512/shenzhen/0610.png,4c5572bf958b2fc0703c7baadfb45a9ad6db6bdb2a472bcc583254cda226f309
masks/tb_lesion/512/shenzhen/0610.png,721b5be409c8d3b2cf963bdbffa70ee56cd26adeb1a52835ba2155e9fc26716e
masks/tb_lesion_annot2/512/shenzhen/0610.png,9c095daccef70b4d402c2995cd51678a70ebd596f090ec88d4827fceba791c77
masks/lung_field/512/shenzhen/0610.png,41ee892998da7940963f55dc7ca6b428a89c55cf377e485ec0b76142940f1ee3
images/512/shenzhen/0611.png,9f7abc066ced1786d310522c901a39eb011a2748fb65893024ced3231ec5e0a1
masks/tb_lesion/512/shenzhen/0611.png,cedbd36321710262c0cf54ba62be03c9eaa4516b38435c7ef7ebf8681ccb1eeb
masks/tb_lesion_annot2/512/shenzhen/0611.png,0e0fc900834d4038e7c0e2181e6331c15f6ad7c6ce5166ed24e97fb2ae99b7c0
masks/lung_field/512/shenzhen/0611.png,54af10a6157620fe2708ae146ed14de013fadc863d6a930b99a59b197d9c2088
images/512/shenzhen/0612.png,17a808d9446710540ec69c21f11ca1015df3772c9eee2d6a683ecc90a007b1cc
masks/tb_lesion/512/shenzhen/0612.png,65795a5b91030a2a433dae510d1edf494082a9cfa1153cd94f3797759f68f257
masks/tb_lesion_annot2/512/shenzhen/0612.png,e4adc9135e2d20828db51bdd9192c675cfe915e245254b72c1c9bb5f3ff0fa40
masks/lung_field/512/shenzhen/0612.png,1dd96d5b1643d3f4a42723803844cca8f02bda75962da265adc7c519b9e4517a
images/512/shenzhen/0613.png,83385e917a5f261085ba88cfb763ba30a6a8acf6128aa68fcda70ee8e6b84f8f
masks/tb_lesion/512/shenzhen/0613.png,3b8f057b0f272b507ec3015eb557f423717dc921971b25c934b408eac6b35017
masks/tb_lesion_annot2/512/shenzhen/0613.png,8703dd7ee6855ce9af08eb1700d36d24c50ce3dd9ca0b72f2c20b042a262fa6f
masks/lung_field/512/shenzhen/0613.png,a34fda684208e20be9a3eee3dcf99dea2c41692ed0ed09274633a21e2930d0eb
images/512/shenzhen/0614.png,7b59b7a541c7d08c1df55568663db4448be87dfa9f74a1e0911e4f5a446cb01b
masks/tb_lesion/512/shenzhen/0614.png,11d3bef5e20df87d93d0dc948a8de4d60caa6b3bc66ddfcc4b2afd8191e3b16b
masks/tb_lesion_annot2/512/shenzhen/0614.png,d0be864a1e76ae0b7ae0c0b6f9303658b7d0d1671929b808a4f63955428410c1
masks/lung_field/512/shenzhen/0614.png,bc6cc1d99eb58a5d5ccf90cf2258a09e931ae8f829c8cb3b53ab4945d0d150f6
images/512/shenzhen/0615.png,0fbbba9a4ca5c056f066bfaf0d8bc095bceedd9fa5c8d3ce221b5199203e7c89
masks/tb_lesion/512/shenzhen/0615.png,7cf63980510e11beae04ee92f3b3b1b2fd692582ce3adbc3a641dfa68ed8902d
masks/tb_lesion_annot2/512/shenzhen/0615.png,2c890a3093ea8fec5f0054afae679b7912a030021f7f899190c4b8ce87831dae
masks/lung_field/512/shenzhen/0615.png,ead622543cebe67fcb955584352d2973e6b4e4627719124042018187bbf15766
images/512/shenzhen/0616.png,377441f0a6d105a27d7557e046825201302311743de019479a745fddbedce9f6
masks/tb_lesion/512/shenzhen/0616.png,da176edb2400deda0ab56b5e7c117b6557865fafcc2eee1b215bd901ccd69396
masks/tb_lesion_annot2/512/shenzhen/0616.png,8384a729aaca3c17c103468a74d0701900a2a1c9b5e0f26ef751bddf9fbb0b0a
masks/lung_field/512/shenzhen/0616.png,04507f33c0fbd8d974522331701060fe94ea4778eaec7441545b22cee28da2d8
images/512/shenzhen/0617.png,53e31b7fdbc21f19caadaaa703fd10a0306e08f61793e19b4e2bbd16644636ab
masks/tb_lesion/512/shenzhen/0617.png,a040aba4f6e164df0e2e01484f44e34bf83a3817d3fd7fe621256ecce45038bd
masks/tb_lesion_annot2/512/shenzhen/0617.png,1e11fde3ef2a528ce53838d6de9af36607b5d2fc38d6b44247c64e9e06da274c
masks/lung_field/512/shenzhen/0617.png,82f9aadf61146b180c9f1b4a242436d5b665039e99d64b69b78a772cda0afb31
images/512/shenzhen/0618.png,bf627b97912f16befcfd590ea8d4a1c970d5e400d80787e5b66098e6f1c81467
masks/tb_lesion/512/shenzhen/0618.png,fd4577025721afdf77dc5e03911b90285fbdb791ff25d0b31ecfe255fbf1515f
masks/tb_lesion_annot2/512/shenzhen/0618.png,14c05becfd5ce51134a0812adf20c562c3519022d61e1ecccd0b4297ce1bfc8b
masks/lung_field/512/shenzhen/0618.png,300f7a0894fabfca30224db7acf73b0d5f7ae08528ddbaa462673d840a8d4a39
images/512/shenzhen/0619.png,c0fa0494baf9238c11c5a52f34cc8a912acf1169c1d9344744d90a1d308edb15
masks/tb_lesion/512/shenzhen/0619.png,fd7056c876cabf26f1c2d2866b5e951800055566a4d4a2f53ecdefa95fab083b
masks/tb_lesion_annot2/512/shenzhen/0619.png,85970e6a2a55d4e0f20b1f55218163d182d9827519292a15c5fd0b40f22ff771
masks/lung_field/512/shenzhen/0619.png,b3406b2f52ffce63a4a1dd36423dbec75a536ae643770ef8abfac05b3ae018a5
images/512/shenzhen/0620.png,b2178a9eefebf3c76824694ba9c064e4dec4a1dcb9bb1c19788e21afacfbb5ed
masks/tb_lesion/512/shenzhen/0620.png,5b797e73ec8c9dd5977041b5be97c7ddf1019a2e856ce4e31e7e281468e02b7d
masks/tb_lesion_annot2/512/shenzhen/0620.png,6375d90913fe23b35959dd1615f77e2ed66eed0731cc00c880be7699562f1e85
masks/lung_field/512/shenzhen/0620.png,d9d04b8133e292341e2194e5869b8064c7f15ed8b5d5379427d643f11bb77edf
images/512/shenzhen/0621.png,e71d7c6dccbdd0329fc2a5ae106cb7f5c4f8e72789fc52b021cdd417bb670401
masks/tb_lesion/512/shenzhen/0621.png,c112bccdb7d554c190b16d1558302eb829f9cfd368baa71376f32c5c2369f977
masks/tb_lesion_annot2/512/shenzhen/0621.png,58d213df3998309d5984ae830cefb78ae2eae17fd6dbe3b7e0267e0de8dbba30
masks/lung_field/512/shenzhen/0621.png,25241a445ef7bcd99b8ab61cc3657c7596670256cb3559358edd8fd333498637
images/512/shenzhen/0622.png,6c6058e5a05f398bf5da4f5c32c1b4e2884d636da6d58da8c6a2b755f8313210
masks/tb_lesion/512/shenzhen/0622.png,b54d4dcded63142c614574bd4bfe745f3684eac6f8ddf3e8e1a9998bb3bc5aa4
masks/tb_lesion_annot2/512/shenzhen/0622.png,9ae0b15fe5c6e3517fa861b3981b85fc2f9b1b83e7894a5db835f03bc23dcb1f
masks/lung_field/512/shenzhen/0622.png,179ccb7df27f764e4d4ffa4900e31ef2a6d397c1946184d1b97136e0f88fdfbb
images/512/shenzhen/0623.png,661f338ca4fa1991475650f0f25299a5dfd30aa6417f505b126d93dac6f414c3
masks/tb_lesion/512/shenzhen/0623.png,4b5e398ad88eb9aeebbfc6a1eb9cc00e92624ec09256343b4e2c7665826015d3
masks/tb_lesion_annot2/512/shenzhen/0623.png,8e65a97e5ab56e744546b55a049cbd10274a125528c3f9eef383f60eec6e9a8e
masks/lung_field/512/shenzhen/0623.png,81c3d99526a8b70cacdf473d984e4e550ba1aac0f257248b4c4a0b53b15414ee
images/512/shenzhen/0624.png,119e67de1b1582822b6836a9245e32a29b834ec636c2df496f0aea528e6e5b37
masks/tb_lesion/512/shenzhen/0624.png,65795a5b91030a2a433dae510d1edf494082a9cfa1153cd94f3797759f68f257
masks/tb_lesion_annot2/512/shenzhen/0624.png,484d3ae0999179b02767f8f738c3c3d83a3910800e2183495377ad250d32bdf4
masks/lung_field/512/shenzhen/0624.png,9395b9b39a34549c33b3e43068af26017d93646f2bfa74f0c5e913b597e9b29c
images/512/shenzhen/0625.png,4f1c937de6aba299cf82545400823513d2dd067c15d0dad71033195d23c5fe7b
masks/tb_lesion/512/shenzhen/0625.png,05fd59c9cc9a7945a96b822befde1beceba5dd9a1f51d78b5d205fd8c080576e
masks/tb_lesion_annot2/512/shenzhen/0625.png,270c4dfb43f9631d99dbcbc66784e215caa0bfdee654862076fed67b8801bba2
masks/lung_field/512/shenzhen/0625.png,5d75960feeb6f07ca53f05b92e2f8b095533744341301193a16edc03e64da7fd
images/512/shenzhen/0626.png,d9a61c769c18d79f49541e01e794af641672bc237094b5ee6883f1fd05c64215
masks/tb_lesion/512/shenzhen/0626.png,f6ac376f23572811315b669d6cf97458d7803102b5afca93f8790fc3c354cec4
masks/tb_lesion_annot2/512/shenzhen/0626.png,7835d4b17569d5b19366c188b59824e44938aa7af1e10cd9ecaeac5b45dde5c0
masks/lung_field/512/shenzhen/0626.png,7b822c4e70f1d6002befcd75d8a836a1aa3fbdc827da472274b2efeb0b1ddc20
images/512/shenzhen/0627.png,320e05c64abf0f63408f8a731e046462ec83bfc8553eff1220fed4a8c1e6e4e3
masks/tb_lesion/512/shenzhen/0627.png,40eab5c293fa4023ea18f936f31e3ba314c6b975959a71a0f5880322ff26083a
masks/tb_lesion_annot2/512/shenzhen/0627.png,c65fbb2d1657cc84a1d20bbd9bf5e986be16fb0d8366726e872e28fec9bbe79a
masks/lung_field/512/shenzhen/0627.png,4218959cc2892f4e94a8a91f41b517382d690c39dcad28b89f9aef75d7325f5e
images/512/shenzhen/0628.png,05a03e1481b007dedcabdc7972e148de6f654fa7d73b27a5bf125d1e2a4201a8
masks/tb_lesion/512/shenzhen/0628.png,7b7acf608e6bbc7cb8baafa9fbbb460eb3e9579cefa714c2f8562ea58362e1ca
masks/tb_lesion_annot2/512/shenzhen/0628.png,39c6c4400437f7b251a8e9d420fd8efc48c9e800c142f971804509509e06cf82
masks/lung_field/512/shenzhen/0628.png,a952a53a06c47f6fa22b49933c1e040eaac10100a0d94415da8ae10861587c81
images/512/shenzhen/0629.png,643b70bb7b63ed808808fde7cb5b01c173ff86acc8c5b6f705d2a635fdc0ee8d
masks/tb_lesion/512/shenzhen/0629.png,5446707843f7d1f7fe10f9c6eaac3d99d5053c181d7ea1d5ac3f9668b9cad966
masks/tb_lesion_annot2/512/shenzhen/0629.png,a937ad2d9160fd57a3d47f81ccceac97e4df99317be7ca395032eb02e407a03a
masks/lung_field/512/shenzhen/0629.png,050a2d950e257d9b99e160b31d658a7df1a87fe317128dbcab55481447a480e4
images/512/shenzhen/0630.png,36d4c665b9a20d73ee9c670eb350039a9b00cdc97755d6cbe48cf77c936d6124
masks/tb_lesion/512/shenzhen/0630.png,019d36a59de2b062e6285c92c093df7bd1c8e75a01f0bea9a724f7563d1e5666
masks/tb_lesion_annot2/512/shenzhen/0630.png,7d072072997be4426e74ff2829fb244b3b48419a62fe717126e6e2781e9c9c89
masks/lung_field/512/shenzhen/0630.png,9438163bdc2b2f6eece72673ef07d15df75b5025b5a5a15753d8e6c52548cc48
images/512/shenzhen/0631.png,5173b664ad26233b03241b522b0926488b4d5984ff3e1d8b8c43d7d229c8a7d7
masks/tb_lesion/512/shenzhen/0631.png,6104c631aa8b7b47d9fa2b2444f04e87a4117eacfb0c7a3474755f9b0d48df62
masks/tb_lesion_annot2/512/shenzhen/0631.png,c15460d899c6150b7c8b7485e7d0ffcbd84898fb74f08c3236cddb52617bd47f
masks/lung_field/512/shenzhen/0631.png,d924c97c5d7ded15ee3dcf8e8eb985fe439215823214d620f7b68ee6380aec42
images/512/shenzhen/0632.png,9aac1fd9833c6ab8cca3b60150ed2a528fd857af6bb66ce80630d3ec957851f4
masks/tb_lesion/512/shenzhen/0632.png,08aeae0fb7bee849585c4e0e1b1fa50e78fa9eb602c72ed692482c7079292bfa
masks/tb_lesion_annot2/512/shenzhen/0632.png,5f16b1a89378b333338ad101e89adac5ff149877949aedb507330f4085e5a2b9
masks/lung_field/512/shenzhen/0632.png,b3fbc82b7ef908bb4a03096a4ae1cbae309f9d2012b40ae34c52e16b3d36257e
images/512/shenzhen/0633.png,643bb4087245a45faf12ebb5a625bd72ac93ddbe291f0a8515cefa83a484fe89
masks/tb_lesion/512/shenzhen/0633.png,d7cccfba1cf099b2e83e96b1c3384f815feca762a52a1339b64674ad53c00848
masks/tb_lesion_annot2/512/shenzhen/0633.png,940552980d26e2767c4bc96ad23cd9de3bd5f1eb80f52d68408eaea132e06c51
masks/lung_field/512/shenzhen/0633.png,0c5fcc4a818c50c3bb048cade3f6867e4496432d9ef7071bf20e6371edd2b22b
images/512/shenzhen/0634.png,3df6a2294584638440c156fd9c41b20854b1c0236db1157acb0ae53095877649
masks/tb_lesion/512/shenzhen/0634.png,f59102849358651b3722379eb259ea35218a5fa1a2da5303c72875facb96b953
masks/tb_lesion_annot2/512/shenzhen/0634.png,02f12bb7d3552414e9846ca5b11c00f18aa5c7163fd56ccafc76962978e4ab19
masks/lung_field/512/shenzhen/0634.png,08e8b795fecdee2550c8cd2a365b2b2fa79fe24c730e3a16d61ee7597d30e1a4
images/512/shenzhen/0635.png,dcb29bd4cbb9955d9babf56fa529435a8758c7aee834da24cdb3bc9645ac923d
masks/tb_lesion/512/shenzhen/0635.png,378f95d3472fd4b87bb701d280e6503b69cf385c51983099df16be82a6ed2fdc
masks/tb_lesion_annot2/512/shenzhen/0635.png,4efb51b38ea0f39465ef544b4aa98a5e4b463a75652ba445348a3446b804d5f8
masks/lung_field/512/shenzhen/0635.png,024acff93c79d4aefca03156447817ce26918e555bf3d398233e849ec5e5ab8c
images/512/shenzhen/0636.png,eac31c4d2bd1b2d7465403979d96c0ae34307679bc71f48b31d30fbe2f873524
masks/tb_lesion/512/shenzhen/0636.png,d6198a6f1bf5449cee82775327b9b0336dde143a23fff4b6a6982bbf286c875d
masks/tb_lesion_annot2/512/shenzhen/0636.png,11434afb4624895431c66b8468aa276933bf3097492a8897ca5501684478d327
masks/lung_field/512/shenzhen/0636.png,63e8809139964edf647c73a312982581ee00419bda5bbdad5a5d4bd0f91f6b2f
images/512/shenzhen/0637.png,a879300947ebf329ac18a6568e9a6516378c40d08a5067511518b258ad5a4df9
masks/tb_lesion/512/shenzhen/0637.png,c6ea26e27139af37e5dfbd5091f941d04c57ddc2d72f760f086c0ec95f3b0b59
masks/tb_lesion_annot2/512/shenzhen/0637.png,ba8d0bb006e637f6283f6abcca0b0b46724fc087d7cf4955b4c49a9c7494bae7
masks/lung_field/512/shenzhen/0637.png,05268fa1b3fc0cd5fd350fd2e2ea0c064cb956be4e03ca58f23229a075d50b1d
images/512/shenzhen/0638.png,e10f5d84e4f89271f3a360f6144be228054f651b61a6f0d31a3648fb4f8f61d7
masks/tb_lesion/512/shenzhen/0638.png,ccd14c03875dc81dd2dcf5b1760bff769a6df66ffea65fc0c0fbb6eae3b71aa0
masks/tb_lesion_annot2/512/shenzhen/0638.png,b3f454100f4c3ed443a267deeaa98d995cf5044a225f28651268c0f43251014c
masks/lung_field/512/shenzhen/0638.png,23df05d396ac8184fc6e14cdac6750a9fc92a1ce3bcb71e9da654eba7f0583ff
images/512/shenzhen/0639.png,1776368c27f1d71cce0b1259b2428b1607a7b8f05f8d31c719d5b20041d78711
masks/tb_lesion/512/shenzhen/0639.png,1f02bcd53a7455f15d5f9d5aee1782ef042e2ec15d7e97d643435e815d5d9dc7
masks/tb_lesion_annot2/512/shenzhen/0639.png,ba349e1882e2bc70bda63acd056aa588f8b43139fdd3c2529ff28105e8053b89
masks/lung_field/512/shenzhen/0639.png,6da409c3c7aee4bdc653dcd488c7e8782a0756b0624a358044b97712de5e3bb4
images/512/shenzhen/0640.png,c8e4b55b9e5170ac2572ae152c630c0a2bde36d12a64867bc247329f8308c97d
masks/tb_lesion/512/shenzhen/0640.png,4ab7d3396b834badda8fbdaf3ac92d95d16d2f32c07779e919fff467b5e0b05d
masks/tb_lesion_annot2/512/shenzhen/0640.png,e086c2347adbc63cc766ffe130dd3eab54f966e156120d102b1e292adfd84f8b
masks/lung_field/512/shenzhen/0640.png,2e73bf68bbec97095cf9992e0a3f140eed39602822ce69e26b50bca6175a97ce
images/512/shenzhen/0641.png,76114a96936c3ef3d2c20a3931e15b88e5b1c76d727fa87ee009348dc19a1720
masks/tb_lesion/512/shenzhen/0641.png,703512bbe504ec4447d7a1338409b1f7fe239e052e2ba215608213960b9fa710
masks/tb_lesion_annot2/512/shenzhen/0641.png,91179d0f6e0fa892bd0c032587b80196015e91f7ca087c88aed79519bcd7ee76
masks/lung_field/512/shenzhen/0641.png,febb028e86f92bceccb927b082555c4e74f84d0a15d32624023699193d4bbd26
images/512/shenzhen/0642.png,98478f2861116cd4a1cb1d46cb3147d6a7e8cd642e12b4e948fec85673af8e72
masks/tb_lesion/512/shenzhen/0642.png,05663e69248c8937128f749145e4a7a3b126ddf0ca73a7a862848f9a80949e2d
masks/tb_lesion_annot2/512/shenzhen/0642.png,497b77cc25c73267164cd824fcb0c31a31e9a22b1450ad993747498123ac3bbf
masks/lung_field/512/shenzhen/0642.png,f4151206f9edbfacda9d6cc443c0541dedf4abbb34029f5160b9e57d15d64c76
images/512/shenzhen/0643.png,0d33360b89c9ec5246b702675c6ab3c3572230295e100413ce06dac649cfe193
masks/tb_lesion/512/shenzhen/0643.png,70cb297e837daa4e14d6a4b01714e86dc4b7db73a087d3b3abd2f346a0b30c48
masks/tb_lesion_annot2/512/shenzhen/0643.png,2b4ca5e41975e425606b1ace8783c99d8fdefeeb7f1f8f8f28ca38ddabe810e4
masks/lung_field/512/shenzhen/0643.png,cd7158fd1e80739c0f41370ea19c1db4b8d076af14ee4df91f44317cd1aa1b3a
images/512/shenzhen/0644.png,c1f7974dc7ae3ce35a2c80fd20e0918bd903388a529ab8716d86f3e5e90cba72
masks/tb_lesion/512/shenzhen/0644.png,c5626c9c76ab6cc58476505762d120a43b3cd3f6ba792c384ecce36138538a94
masks/tb_lesion_annot2/512/shenzhen/0644.png,dd20c2e75bc4e25a17a010bacfdde184eac0754dcb8118a04c6ccb45fc9cee43
masks/lung_field/512/shenzhen/0644.png,96aeef18c0ac84613f3b5e397dac62aa6bd5e6a1563ec137a5401369aa60f3c3
images/512/shenzhen/0645.png,d17fea4e4e25255b511543fc36d79142d8f2ef7dc91e87a589089c295d863a75
masks/tb_lesion/512/shenzhen/0645.png,2207f271ae9c7fb02b4829d997275983c5765d42e836fd32909a6b0a50cf0cc4
masks/tb_lesion_annot2/512/shenzhen/0645.png,01cf1ce04da0aebce819fda8318c4424c0d01caf5da3f76f660a74735228fd8d
masks/lung_field/512/shenzhen/0645.png,5dee4e967e9aa16345056205d169330679bd449f31799a61098384daf3d25877
images/512/shenzhen/0646.png,c7482d19df9ecb077e43e38dc4e09ec986848619255fcd88588ee2d5171989a5
masks/tb_lesion/512/shenzhen/0646.png,321a30cc1a81959c68c4a438422969c0f0c95524611942f3ffa14b1dfdbce5d7
masks/tb_lesion_annot2/512/shenzhen/0646.png,9e62f737ee0c5757e1214cae30604937719c8b003e10380efeeec861fba5a42d
masks/lung_field/512/shenzhen/0646.png,b6be132ee21eb0ef22aaed21838028199a6bdf67dd7616acbe5a87ce28719956
images/512/shenzhen/0647.png,2682aee80c8fad9641d997f75b3547d3c5d234f293c3a050a3b3bc5c14180291
masks/tb_lesion/512/shenzhen/0647.png,da77cc15862acd99b68e7ac15c5e651d8c693ab9f2f453620414aa50539b5f03
masks/tb_lesion_annot2/512/shenzhen/0647.png,758f667a7b153b4b3af1c779b85353c4d97285ec3b120d11891112eb315fa8b0
masks/lung_field/512/shenzhen/0647.png,3487f9a6b53fb5698bcd094d3ebfbf23fc1294987d18cc4217d19a5ba629958d
images/512/shenzhen/0648.png,a6c4153e89f9b34e04a57fafaf787bcdd15a9852e44c5d0f6c2d5bb02ce13bd1
masks/tb_lesion/512/shenzhen/0648.png,98c725557a39b357a2e02f90a385c8f862e91164983cf8e7379f4dae85b516fd
masks/tb_lesion_annot2/512/shenzhen/0648.png,f111940f86002e12c8f8aa8a119917df93b1e3d1f8ca7b122c06430b3ab5c17d
masks/lung_field/512/shenzhen/0648.png,6b95f849b08784d14814cbe70f10f2ce13dcd4262880d0f7fd349e6f83a5ce93
images/512/shenzhen/0649.png,f08b566b2a4bf8c4bdd74df618b1a9187ab6fd3d9f47e83e19260dd6758963e3
masks/tb_lesion/512/shenzhen/0649.png,39069d1aba4eff49c88d7601c34aeb219ff10ebf0ddd4233b6ac951ead01fedf
masks/tb_lesion_annot2/512/shenzhen/0649.png,243d50c15aa4756a2950a493457e9031c2e39aacc5619d0c2bf30f63bed58f58
masks/lung_field/512/shenzhen/0649.png,9fbb3de75564806c061dcd4125395e1b8e7fdd64a21c6fab75df5d7b4a6a6c5a
images/512/shenzhen/0650.png,271ec590c09a61d2d8cfaa57db21b2182a615df36fb4bad5abf91ce4bf82a77d
masks/tb_lesion/512/shenzhen/0650.png,75b5ade2b439554a47b5999f177dab06fc0832f9aeba90ec7167b264cb151e9c
masks/tb_lesion_annot2/512/shenzhen/0650.png,5cddd59ecc78a856ac7092229d03553f4fa10f930b5725b35fce3efa7ea7c154
masks/lung_field/512/shenzhen/0650.png,259d38079d3ce566ac33921b622f55ef4265c48d2d6ef6bf85ae0a3c70686602
images/512/shenzhen/0651.png,a84abef79380a3a5ba57bc9a0e9a66242b506d279bab6af7c85802dc700c142b
masks/tb_lesion/512/shenzhen/0651.png,109c03aaf607e37c0467b6203d43cd465231102b64a729fc62a7c3f397177e7e
masks/tb_lesion_annot2/512/shenzhen/0651.png,0d01dba906cc43c408c6ce785600335ba1136a33f0f2cc9da09070ed21025ea1
masks/lung_field/512/shenzhen/0651.png,007cf9f7dd776393b70fe1b01a1a51159be4a664d2283b95993b71bdea31ad59
images/512/shenzhen/0652.png,6852b1d23a6094fbcadd1d0775874fcb407a94d6a349738d1f58d123f0349a04
masks/tb_lesion/512/shenzhen/0652.png,b5c4aa04b39836333151d1cabea9f7c6d968ba3fb9ee589c0c04d66f32ec3e8a
masks/tb_lesion_annot2/512/shenzhen/0652.png,3990a1b4e03f0481e65c19df6c1c25f261535fe9f8a1fb6a3bffb59ebcac6fb4
masks/lung_field/512/shenzhen/0652.png,73bcdf2988072cc76ce8d0b20775821470b437c059680c10881b5dc5d01ee513
images/512/shenzhen/0653.png,248b0984e58d585fe70434de6d65639921e480875fb41498fe0265674daab557
masks/tb_lesion/512/shenzhen/0653.png,ebbbb885717dc950ac8abb87d6f92f42812da251c20822bc3c4febf3aa426b64
masks/tb_lesion_annot2/512/shenzhen/0653.png,7391e1e0b1e23999f7671aece961dd816e2dc139d0572d5de6e1f9068021ca52
masks/lung_field/512/shenzhen/0653.png,7570fef9270fcd6912da89db423392114e60691eb09deb18bf85047e3f29ae57
images/512/shenzhen/0654.png,fe45853bd921208faf44ce06d452949a52e2dc452c21472a6b0354a4b5184d12
masks/tb_lesion/512/shenzhen/0654.png,67af9f1af48fdd8fe1a9f6b8d7f4370c4045b8d342acc7c3a12c3513ac63600d
masks/tb_lesion_annot2/512/shenzhen/0654.png,94fd5c679e302c3593ef6ce98504d944aea80941f7d8767a7b8c481beb0aad92
masks/lung_field/512/shenzhen/0654.png,47d1a3a25f19ea159131f7622e324501da60171bde17f241b68fbaffa2c5e05d
images/512/shenzhen/0655.png,5d28204be2ad0371d344fc2f219ea5a0e1c2e3561e2152997adea350974f9f67
masks/tb_lesion/512/shenzhen/0655.png,88b16d389c78639f3c5311cc716ba1c185de3511fc1950b33c1915f54a5d9d03
masks/tb_lesion_annot2/512/shenzhen/0655.png,3050d90ba1aa1a5fbd951b9647aa6e64b6a18db223585d1d18196437d43f9e8c
masks/lung_field/512/shenzhen/0655.png,860d153d5409ef11ff4f5c78011a6a020af128ac1094110a01abce40f4fb2d1b
images/512/shenzhen/0656.png,ae628d73926c33476940359fa8378132b516caa22d7d44be540590a49d631179
masks/tb_lesion/512/shenzhen/0656.png,15e471a787988f7b2a3f5f5dcd00a779d9ebcdd4e8cb0fcf035b96c5216d9812
masks/tb_lesion_annot2/512/shenzhen/0656.png,d2a1896d0151552ac0cf917a745f6426abf32c85d4fdb387be9b6d2f11f1f0fe
masks/lung_field/512/shenzhen/0656.png,c33bbe6a406fb75073ed58872a4268f505f3bc5c142ed560928de3f9a47e9024
images/512/shenzhen/0657.png,3a3c09c296aa4cd6515ab9306dba261f7f160017373a84922b227a9485a2bbfe
masks/tb_lesion/512/shenzhen/0657.png,9ee31aecefa812ab43228e366088fd304036a7df4a0e692969a27d352c576aab
masks/tb_lesion_annot2/512/shenzhen/0657.png,1d7bb078ca92df280de1138ec9447e7311789820c4902bbbf9651db2a12190e2
masks/lung_field/512/shenzhen/0657.png,f5b20a5ded0d2e8783f70e3188183dfaef399894492cb78997e0e2893c83fafc
images/512/shenzhen/0658.png,11c3a94eb38c2e1e99ab5d30d91818af484cbf99a00f78431745029af796ef2d
masks/tb_lesion/512/shenzhen/0658.png,341febba7f6b545a7a173eb71662871cecd17ef4d288ce228a51fd6a523ebe04
masks/tb_lesion_annot2/512/shenzhen/0658.png,8100ded6e0eaae6e7cda832c151c0aa6496b250b0aeadb9c38b3a74ef66f5b43
masks/lung_field/512/shenzhen/0658.png,76721a701ebc76274b29f87ca7b8575ffd2c4b2cd4ace0f43183e06aab73cd14
images/512/shenzhen/0659.png,34ef1bb8a02b963d3139844f6fced0c8be8e4175a93cc59c9d0383b368a2f27a
masks/tb_lesion/512/shenzhen/0659.png,4f5b82c7e6a4d6a2e79a0f44d1f3c17c6b982ccb6f905557039a163f70e6ff36
masks/tb_lesion_annot2/512/shenzhen/0659.png,521ff833c32eaad6c1f2ae01bc983983d22436475ab87543abda4c0abc44782b
masks/lung_field/512/shenzhen/0659.png,dd736e4f6ab383ad26794e9431b875192d9f6ebe9051e7ae4de1b78c21d6038b
images/512/shenzhen/0660.png,e509debb21f7dd6d35a60723444f39992fd699bbb55552d146415ce22d44fa30
masks/tb_lesion/512/shenzhen/0660.png,13942b5d31b641d8d5fc59e54296edfd307b185c920e71a1cff0aa572b2d64c7
masks/tb_lesion_annot2/512/shenzhen/0660.png,7180104fc3817f48278910eacfb46f7b69f614f1d93c40d43425f4c98c2a5804
masks/lung_field/512/shenzhen/0660.png,ad0d7a048b02b88844480817d55176a5d3f8392ca629f90547e2de82b2ec6a03
images/512/shenzhen/0661.png,bf0a6151007ce8ebdd70706529912db63401582513a8d88604e40aea7073d062
masks/tb_lesion/512/shenzhen/0661.png,6ede15d4ddf530c9a4f91f001575c2ebb67fdfdab3e45fa9aca451445982be81
masks/tb_lesion_annot2/512/shenzhen/0661.png,78e62af3ce9ae12f537f3e793d1891ad25aaaeb6653f61057f6631937a0252a7
masks/lung_field/512/shenzhen/0661.png,1b9b604187c456f5931e2d340e25db3928214795d8499e4d90ac6d58879471dd
images/512/shenzhen/0662.png,b37e8f65ad64619d0e2d35c63340fa8628258c399c2a7f0beac0f4ac9a0e2b2d
masks/tb_lesion/512/shenzhen/0662.png,890d6fc2ae3c4627b404ca009b4db05e6f1f09e96aecfc121b0d4c5191d43e6b
masks/tb_lesion_annot2/512/shenzhen/0662.png,adc6f83f9f1bed743538d8ca8f90c4e2bb7dbfb354673afca2127dda4ed01db8
masks/lung_field/512/shenzhen/0662.png,38b69896b5e0878dadd8a807cfbd1e3711c69a33c02ffded46c1acd8a046bb66
