source,patient_id,filename,label,image_path,width,height,mode,rgb_channels_equal,has_clinical_reading,clinical_text,n_lesion_masks_primary,has_lesion_mask_primary,n_lesion_masks_secondary,has_lesion_mask_secondary,has_lung_mask,lung_mask_path
shenzhen,0001,CHNCXR_0001_0.png,normal,C:\Users\abdul\OneDrive\Desktop\Data Preprocessing\Shenzhen-Hospital-CXR-Set\CXR_png\CHNCXR_0001_0.png,3000,2919,P,,True,"male 45yrs
normal",0,False,0,False,True,C:\Users\abdul\OneDrive\Desktop\Data Preprocessing\Shenzhen-Hospital-CXR-Set\mask\mask\CHNCXR_0001_0_mask.png
shenzhen,0002,CHNCXR_0002_0.png,normal,C:\Users\abdul\OneDrive\Desktop\Data Preprocessing\Shenzhen-Hospital-CXR-Set\CXR_png\CHNCXR_0002_0.png,3000,2951,P,,True,"male 63yrs
normal",0,False,0,False,True,C:\Users\abdul\OneDrive\Desktop\Data Preprocessing\Shenzhen-Hospital-CXR-Set\mask\mask\CHNCXR_0002_0_mask.png
shenzhen,0003,CHNCXR_0003_0.png,normal,C:\Users\abdul\OneDrive\Desktop\Data Preprocessing\Shenzhen-Hospital-CXR-Set\CXR_png\CHNCXR_0003_0.png,2987,2945,P,,True,"female 48yrs
normal",0,False,0,False,True,C:\Users\abdul\OneDrive\Desktop\Data Preprocessing\Shenzhen-Hospital-CXR-Set\mask\mask\CHNCXR_0003_0_mask.png
shenzhen,0004,CHNCXR_0004_0.png,normal,C:\Users\abdul\OneDrive\Desktop\Data Preprocessing\Shenzhen-Hospital-CXR-Set\CXR_png\CHNCXR_0004_0.png,3000,2933,P,,True,"male 58yrs 
normal",0,False,0,False,True,C:\Users\abdul\OneDrive\Desktop\Data Preprocessing\Shenzhen-Hospital-CXR-Set\mask\mask\CHNCXR_0004_0_mask.png
shenzhen,0005,CHNCXR_0005_0.png,normal,C:\Users\abdul\OneDrive\Desktop\Data Preprocessing\Shenzhen-Hospital-CXR-Set\CXR_png\CHNCXR_0005_0.png,3000,2933,P,,True,"male 28yrs
normal",0,False,0,False,True,C:\Users\abdul\OneDrive\Desktop\Data Preprocessing\Shenzhen-Hospital-CXR-Set\mask\mask\CHNCXR_0005_0_mask.png
shenzhen,0006,CHNCXR_0006_0.png,normal,C:\Users\abdul\OneDrive\Desktop\Data Preprocessing\Shenzhen-Hospital-CXR-Set\CXR_png\CHNCXR_0006_0.png,2775,2948,P,,True,"male 60yrs
normal",0,False,0,False,True,C:\Users\abdul\OneDrive\Desktop\Data Preprocessing\Shenzhen-Hospital-CXR-Set\mask\mask\CHNCXR_0006_0_mask.png
shenzhen,0007,CHNCXR_0007_0.png,normal,C:\Users\abdul\OneDrive\Desktop\Data Preprocessing\Shenzhen-Hospital-CXR-Set\CXR_png\CHNCXR_0007_0.png,2306,2320,P,,True,"female 53yrs
normal",0,False,0,False,True,C:\Users\abdul\OneDrive\Desktop\Data Preprocessing\Shenzhen-Hospital-CXR-Set\mask\mask\CHNCXR_0007_0_mask.png
shenzhen,0008,CHNCXR_0008_0.png,normal,C:\Users\abdul\OneDrive\Desktop\Data Preprocessing\Shenzhen-Hospital-CXR-Set\CXR_png\CHNCXR_0008_0.png,3000,2937,P,,True,"male 48yrs
normal",0,False,0,False,True,C:\Users\abdul\OneDrive\Desktop\Data Preprocessing\Shenzhen-Hospital-CXR-Set\mask\mask\CHNCXR_0008_0_mask.png
shenzhen,0009,CHNCXR_0009_0.png,normal,C:\Users\abdul\OneDrive\Desktop\Data Preprocessing\Shenzhen-Hospital-CXR-Set\CXR_png\CHNCXR_0009_0.png,2516,2942,P,,True,"female 71yrs
normal",0,False,0,False,True,C:\Users\abdul\OneDrive\Desktop\Data Preprocessing\Shenzhen-Hospital-CXR-Set\mask\mask\CHNCXR_0009_0_mask.png
shenzhen,0010,CHNCXR_0010_0.png,normal,C:\Users\abdul\OneDrive\Desktop\Data Preprocessing\Shenzhen-Hospital-CXR-Set\CXR_png\CHNCXR_0010_0.png,3000,2947,P,,True,"female 59yrs
normal",0,False,0,False,True,C:\Users\abdul\OneDrive\Desktop\Data Preprocessing\Shenzhen-Hospital-CXR-Set\mask\mask\CHNCXR_0010_0_mask.png
shenzhen,0011,CHNCXR_0011_0.png,normal,C:\Users\abdul\OneDrive\Desktop\Data Preprocessing\Shenzhen-Hospital-CXR-Set\CXR_png\CHNCXR_0011_0.png,3000,2921,P,,True,"male 43yrs
normal",0,False,0,False,True,C:\Users\abdul\OneDrive\Desktop\Data Preprocessing\Shenzhen-Hospital-CXR-Set\mask\mask\CHNCXR_0011_0_mask.png
shenzhen,0012,CHNCXR_0012_0.png,normal,C:\Users\abdul\OneDrive\Desktop\Data Preprocessing\Shenzhen-Hospital-CXR-Set\CXR_png\CHNCXR_0012_0.png,3000,2959,P,,True,"male 39yrs
normal",0,False,0,False,True,C:\Users\abdul\OneDrive\Desktop\Data Preprocessing\Shenzhen-Hospital-CXR-Set\mask\mask\CHNCXR_0012_0_mask.png
shenzhen,0013,CHNCXR_0013_0.png,normal,C:\Users\abdul\OneDrive\Desktop\Data Preprocessing\Shenzhen-Hospital-CXR-Set\CXR_png\CHNCXR_0013_0.png,3000,2937,P,,True,"male 41yrs
normal",0,False,0,False,True,C:\Users\abdul\OneDrive\Desktop\Data Preprocessing\Shenzhen-Hospital-CXR-Set\mask\mask\CHNCXR_0013_0_mask.png
shenzhen,0014,CHNCXR_0014_0.png,normal,C:\Users\abdul\OneDrive\Desktop\Data Preprocessing\Shenzhen-Hospital-CXR-Set\CXR_png\CHNCXR_0014_0.png,3000,2919,P,,True,"male 39yrs
normal",0,False,0,False,True,C:\Users\abdul\OneDrive\Desktop\Data Preprocessing\Shenzhen-Hospital-CXR-Set\mask\mask\CHNCXR_0014_0_mask.png
shenzhen,0015,CHNCXR_0015_0.png,normal,C:\Users\abdul\OneDrive\Desktop\Data Preprocessing\Shenzhen-Hospital-CXR-Set\CXR_png\CHNCXR_0015_0.png,3000,2941,P,,True,"female 28yrs
normal",0,False,0,False,True,C:\Users\abdul\OneDrive\Desktop\Data Preprocessing\Shenzhen-Hospital-CXR-Set\mask\mask\CHNCXR_0015_0_mask.png
shenzhen,0016,CHNCXR_0016_0.png,normal,C:\Users\abdul\OneDrive\Desktop\Data Preprocessing\Shenzhen-Hospital-CXR-Set\CXR_png\CHNCXR_0016_0.png,3000,2943,P,,True,"female 57yrs
normal",0,False,0,False,True,C:\Users\abdul\OneDrive\Desktop\Data Preprocessing\Shenzhen-Hospital-CXR-Set\mask\mask\CHNCXR_0016_0_mask.png
shenzhen,0017,CHNCXR_0017_0.png,normal,C:\Users\abdul\OneDrive\Desktop\Data Preprocessing\Shenzhen-Hospital-CXR-Set\CXR_png\CHNCXR_0017_0.png,2789,2908,P,,True,"male 35yrs
normal",0,False,0,False,True,C:\Users\abdul\OneDrive\Desktop\Data Preprocessing\Shenzhen-Hospital-CXR-Set\mask\mask\CHNCXR_0017_0_mask.png
shenzhen,0018,CHNCXR_0018_0.png,normal,C:\Users\abdul\OneDrive\Desktop\Data Preprocessing\Shenzhen-Hospital-CXR-Set\CXR_png\CHNCXR_0018_0.png,2991,2907,P,,True,"male 42
normal",0,False,0,False,True,C:\Users\abdul\OneDrive\Desktop\Data Preprocessing\Shenzhen-Hospital-CXR-Set\mask\mask\CHNCXR_0018_0_mask.png
shenzhen,0019,CHNCXR_0019_0.png,normal,C:\Users\abdul\OneDrive\Desktop\Data Preprocessing\Shenzhen-Hospital-CXR-Set\CXR_png\CHNCXR_0019_0.png,3000,2941,P,,True,"male 27yrs
normal",0,False,0,False,True,C:\Users\abdul\OneDrive\Desktop\Data Preprocessing\Shenzhen-Hospital-CXR-Set\mask\mask\CHNCXR_0019_0_mask.png
shenzhen,0020,CHNCXR_0020_0.png,normal,C:\Users\abdul\OneDrive\Desktop\Data Preprocessing\Shenzhen-Hospital-CXR-Set\CXR_png\CHNCXR_0020_0.png,2760,2555,P,,True,"male 32yrs
normal",0,False,0,False,True,C:\Users\abdul\OneDrive\Desktop\Data Preprocessing\Shenzhen-Hospital-CXR-Set\mask\mask\CHNCXR_0020_0_mask.png
shenzhen,0021,CHNCXR_0021_0.png,normal,C:\Users\abdul\OneDrive\Desktop\Data Preprocessing\Shenzhen-Hospital-CXR-Set\CXR_png\CHNCXR_0021_0.png,2868,2953,P,,True,"female 38yrs
normal",0,False,0,False,True,C:\Users\abdul\OneDrive\Desktop\Data Preprocessing\Shenzhen-Hospital-CXR-Set\mask\mask\CHNCXR_0021_0_mask.png
shenzhen,0022,CHNCXR_0022_0.png,normal,C:\Users\abdul\OneDrive\Desktop\Data Preprocessing\Shenzhen-Hospital-CXR-Set\CXR_png\CHNCXR_0022_0.png,3000,2951,P,,True,"male 56yrs
normal",0,False,0,False,True,C:\Users\abdul\OneDrive\Desktop\Data Preprocessing\Shenzhen-Hospital-CXR-Set\mask\mask\CHNCXR_0022_0_mask.png
shenzhen,0023,CHNCXR_0023_0.png,normal,C:\Users\abdul\OneDrive\Desktop\Data Preprocessing\Shenzhen-Hospital-CXR-Set\CXR_png\CHNCXR_0023_0.png,3000,2937,P,,True,"male 32yrs
normal",0,False,0,False,True,C:\Users\abdul\OneDrive\Desktop\Data Preprocessing\Shenzhen-Hospital-CXR-Set\mask\mask\CHNCXR_0023_0_mask.png
shenzhen,0024,CHNCXR_0024_0.png,normal,C:\Users\abdul\OneDrive\Desktop\Data Preprocessing\Shenzhen-Hospital-CXR-Set\CXR_png\CHNCXR_0024_0.png,3000,2951,P,,True,"male 22yrs
normal",0,False,0,False,True,C:\Users\abdul\OneDrive\Desktop\Data Preprocessing\Shenzhen-Hospital-CXR-Set\mask\mask\CHNCXR_0024_0_mask.png
shenzhen,0025,CHNCXR_0025_0.png,normal,C:\Users\abdul\OneDrive\Desktop\Data Preprocessing\Shenzhen-Hospital-CXR-Set\CXR_png\CHNCXR_0025_0.png,3000,2937,P,,True,"male 29yrs
normal",0,False,0,False,False,
shenzhen,0026,CHNCXR_0026_0.png,normal,C:\Users\abdul\OneDrive\Desktop\Data Preprocessing\Shenzhen-Hospital-CXR-Set\CXR_png\CHNCXR_0026_0.png,3000,2933,P,,True,"male 29yrs
normal",0,False,0,False,True,C:\Users\abdul\OneDrive\Desktop\Data Preprocessing\Shenzhen-Hospital-CXR-Set\mask\mask\CHNCXR_0026_0_mask.png
shenzhen,0027,CHNCXR_0027_0.png,normal,C:\Users\abdul\OneDrive\Desktop\Data Preprocessing\Shenzhen-Hospital-CXR-Set\CXR_png\CHNCXR_0027_0.png,2997,2925,P,,True,"female 57yrs
normal",0,False,0,False,True,C:\Users\abdul\OneDrive\Desktop\Data Preprocessing\Shenzhen-Hospital-CXR-Set\mask\mask\CHNCXR_0027_0_mask.png
shenzhen,0028,CHNCXR_0028_0.png,normal,C:\Users\abdul\OneDrive\Desktop\Data Preprocessing\Shenzhen-Hospital-CXR-Set\CXR_png\CHNCXR_0028_0.png,3000,2941,P,,True,"male 39yrs
normal",0,False,0,False,True,C:\Users\abdul\OneDrive\Desktop\Data Preprocessing\Shenzhen-Hospital-CXR-Set\mask\mask\CHNCXR_0028_0_mask.png
shenzhen,0029,CHNCXR_0029_0.png,normal,C:\Users\abdul\OneDrive\Desktop\Data Preprocessing\Shenzhen-Hospital-CXR-Set\CXR_png\CHNCXR_0029_0.png,3000,2935,P,,True,"male 43yrs
normal",0,False,0,False,True,C:\Users\abdul\OneDrive\Desktop\Data Preprocessing\Shenzhen-Hospital-CXR-Set\mask\mask\CHNCXR_0029_0_mask.png
shenzhen,0030,CHNCXR_0030_0.png,normal,C:\Users\abdul\OneDrive\Desktop\Data Preprocessing\Shenzhen-Hospital-CXR-Set\CXR_png\CHNCXR_0030_0.png,2357,2461,P,,True,"Female 38yrs
normal",0,False,0,False,True,C:\Users\abdul\OneDrive\Desktop\Data Preprocessing\Shenzhen-Hospital-CXR-Set\mask\mask\CHNCXR_0030_0_mask.png
shenzhen,0031,CHNCXR_0031_0.png,normal,C:\Users\abdul\OneDrive\Desktop\Data Preprocessing\Shenzhen-Hospital-CXR-Set\CXR_png\CHNCXR_0031_0.png,2989,2939,P,,True,"female 27yrs
normal",0,False,0,False,True,C:\Users\abdul\OneDrive\Desktop\Data Preprocessing\Shenzhen-Hospital-CXR-Set\mask\mask\CHNCXR_0031_0_mask.png
shenzhen,0032,CHNCXR_0032_0.png,normal,C:\Users\abdul\OneDrive\Desktop\Data Preprocessing\Shenzhen-Hospital-CXR-Set\CXR_png\CHNCXR_0032_0.png,3000,2927,P,,True,"female 53yrs
normal",0,False,0,False,True,C:\Users\abdul\OneDrive\Desktop\Data Preprocessing\Shenzhen-Hospital-CXR-Set\mask\mask\CHNCXR_0032_0_mask.png
shenzhen,0033,CHNCXR_0033_0.png,normal,C:\Users\abdul\OneDrive\Desktop\Data Preprocessing\Shenzhen-Hospital-CXR-Set\CXR_png\CHNCXR_0033_0.png,3000,2957,P,,True,"male 34yrs
normal",0,False,0,False,True,C:\Users\abdul\OneDrive\Desktop\Data Preprocessing\Shenzhen-Hospital-CXR-Set\mask\mask\CHNCXR_0033_0_mask.png
shenzhen,0034,CHNCXR_0034_0.png,normal,C:\Users\abdul\OneDrive\Desktop\Data Preprocessing\Shenzhen-Hospital-CXR-Set\CXR_png\CHNCXR_0034_0.png,2395,2600,P,,True,"female 60yrs
normal",0,False,0,False,True,C:\Users\abdul\OneDrive\Desktop\Data Preprocessing\Shenzhen-Hospital-CXR-Set\mask\mask\CHNCXR_0034_0_mask.png
shenzhen,0035,CHNCXR_0035_0.png,normal,C:\Users\abdul\OneDrive\Desktop\Data Preprocessing\Shenzhen-Hospital-CXR-Set\CXR_png\CHNCXR_0035_0.png,3000,2933,P,,True,"female 59yrs
normal",0,False,0,False,True,C:\Users\abdul\OneDrive\Desktop\Data Preprocessing\Shenzhen-Hospital-CXR-Set\mask\mask\CHNCXR_0035_0_mask.png
shenzhen,0036,CHNCXR_0036_0.png,normal,C:\Users\abdul\OneDrive\Desktop\Data Preprocessing\Shenzhen-Hospital-CXR-Set\CXR_png\CHNCXR_0036_0.png,3000,2951,P,,True,"male 26yrs
normal",0,False,0,False,False,
shenzhen,0037,CHNCXR_0037_0.png,normal,C:\Users\abdul\OneDrive\Desktop\Data Preprocessing\Shenzhen-Hospital-CXR-Set\CXR_png\CHNCXR_0037_0.png,3000,2963,P,,True,"male 24yrs
normal",0,False,0,False,False,
shenzhen,0038,CHNCXR_0038_0.png,normal,C:\Users\abdul\OneDrive\Desktop\Data Preprocessing\Shenzhen-Hospital-CXR-Set\CXR_png\CHNCXR_0038_0.png,2744,3000,P,,True,"male 27yrs
normal",0,False,0,False,False,
shenzhen,0039,CHNCXR_0039_0.png,normal,C:\Users\abdul\OneDrive\Desktop\Data Preprocessing\Shenzhen-Hospital-CXR-Set\CXR_png\CHNCXR_0039_0.png,2844,3001,P,,True,"male 23yrs
normal",0,False,0,False,False,
shenzhen,0040,CHNCXR_0040_0.png,normal,C:\Users\abdul\OneDrive\Desktop\Data Preprocessing\Shenzhen-Hospital-CXR-Set\CXR_png\CHNCXR_0040_0.png,3000,2941,P,,True,"female 55yrs
normal",0,False,0,False,False,
shenzhen,0041,CHNCXR_0041_0.png,normal,C:\Users\abdul\OneDrive\Desktop\Data Preprocessing\Shenzhen-Hospital-CXR-Set\CXR_png\CHNCXR_0041_0.png,2498,2481,P,,True,"male 32yrs
normal",0,False,0,False,True,C:\Users\abdul\OneDrive\Desktop\Data Preprocessing\Shenzhen-Hospital-CXR-Set\mask\mask\CHNCXR_0041_0_mask.png
shenzhen,0042,CHNCXR_0042_0.png,normal,C:\Users\abdul\OneDrive\Desktop\Data Preprocessing\Shenzhen-Hospital-CXR-Set\CXR_png\CHNCXR_0042_0.png,3000,2943,P,,True,"male 58yrs
normal",0,False,0,False,True,C:\Users\abdul\OneDrive\Desktop\Data Preprocessing\Shenzhen-Hospital-CXR-Set\mask\mask\CHNCXR_0042_0_mask.png
shenzhen,0043,CHNCXR_0043_0.png,normal,C:\Users\abdul\OneDrive\Desktop\Data Preprocessing\Shenzhen-Hospital-CXR-Set\CXR_png\CHNCXR_0043_0.png,3000,2939,P,,True,"male 38yrs
normal",0,False,0,False,True,C:\Users\abdul\OneDrive\Desktop\Data Preprocessing\Shenzhen-Hospital-CXR-Set\mask\mask\CHNCXR_0043_0_mask.png
shenzhen,0044,CHNCXR_0044_0.png,normal,C:\Users\abdul\OneDrive\Desktop\Data Preprocessing\Shenzhen-Hospital-CXR-Set\CXR_png\CHNCXR_0044_0.png,2308,2308,P,,True,"femal 32yrs
normal",0,False,0,False,True,C:\Users\abdul\OneDrive\Desktop\Data Preprocessing\Shenzhen-Hospital-CXR-Set\mask\mask\CHNCXR_0044_0_mask.png
shenzhen,0045,CHNCXR_0045_0.png,normal,C:\Users\abdul\OneDrive\Desktop\Data Preprocessing\Shenzhen-Hospital-CXR-Set\CXR_png\CHNCXR_0045_0.png,3000,2941,P,,True,"femal 60yrs

normal",0,False,0,False,True,C:\Users\abdul\OneDrive\Desktop\Data Preprocessing\Shenzhen-Hospital-CXR-Set\mask\mask\CHNCXR_0045_0_mask.png
shenzhen,0046,CHNCXR_0046_0.png,normal,C:\Users\abdul\OneDrive\Desktop\Data Preprocessing\Shenzhen-Hospital-CXR-Set\CXR_png\CHNCXR_0046_0.png,3000,2931,P,,True,"male 44yrs

normal",0,False,0,False,True,C:\Users\abdul\OneDrive\Desktop\Data Preprocessing\Shenzhen-Hospital-CXR-Set\mask\mask\CHNCXR_0046_0_mask.png
shenzhen,0047,CHNCXR_0047_0.png,normal,C:\Users\abdul\OneDrive\Desktop\Data Preprocessing\Shenzhen-Hospital-CXR-Set\CXR_png\CHNCXR_0047_0.png,2699,2927,P,,True,"male 34yrs

normal",0,False,0,False,True,C:\Users\abdul\OneDrive\Desktop\Data Preprocessing\Shenzhen-Hospital-CXR-Set\mask\mask\CHNCXR_0047_0_mask.png
shenzhen,0048,CHNCXR_0048_0.png,normal,C:\Users\abdul\OneDrive\Desktop\Data Preprocessing\Shenzhen-Hospital-CXR-Set\CXR_png\CHNCXR_0048_0.png,3000,2949,P,,True,"male 23yrs

normal",0,False,0,False,True,C:\Users\abdul\OneDrive\Desktop\Data Preprocessing\Shenzhen-Hospital-CXR-Set\mask\mask\CHNCXR_0048_0_mask.png
shenzhen,0049,CHNCXR_0049_0.png,normal,C:\Users\abdul\OneDrive\Desktop\Data Preprocessing\Shenzhen-Hospital-CXR-Set\CXR_png\CHNCXR_0049_0.png,2996,2931,P,,True,"female 35yrs

normal",0,False,0,False,True,C:\Users\abdul\OneDrive\Desktop\Data Preprocessing\Shenzhen-Hospital-CXR-Set\mask\mask\CHNCXR_0049_0_mask.png
shenzhen,0050,CHNCXR_0050_0.png,normal,C:\Users\abdul\OneDrive\Desktop\Data Preprocessing\Shenzhen-Hospital-CXR-Set\CXR_png\CHNCXR_0050_0.png,3000,2947,P,,True,"female 38yrs

normal",0,False,0,False,True,C:\Users\abdul\OneDrive\Desktop\Data Preprocessing\Shenzhen-Hospital-CXR-Set\mask\mask\CHNCXR_0050_0_mask.png
shenzhen,0051,CHNCXR_0051_0.png,normal,C:\Users\abdul\OneDrive\Desktop\Data Preprocessing\Shenzhen-Hospital-CXR-Set\CXR_png\CHNCXR_0051_0.png,2985,2935,P,,True,"female 63yrs

normal",0,False,0,False,True,C:\Users\abdul\OneDrive\Desktop\Data Preprocessing\Shenzhen-Hospital-CXR-Set\mask\mask\CHNCXR_0051_0_mask.png
shenzhen,0052,CHNCXR_0052_0.png,normal,C:\Users\abdul\OneDrive\Desktop\Data Preprocessing\Shenzhen-Hospital-CXR-Set\CXR_png\CHNCXR_0052_0.png,2419,2548,P,,True,"female 35yrs

normal",0,False,0,False,True,C:\Users\abdul\OneDrive\Desktop\Data Preprocessing\Shenzhen-Hospital-CXR-Set\mask\mask\CHNCXR_0052_0_mask.png
shenzhen,0053,CHNCXR_0053_0.png,normal,C:\Users\abdul\OneDrive\Desktop\Data Preprocessing\Shenzhen-Hospital-CXR-Set\CXR_png\CHNCXR_0053_0.png,2531,2890,P,,True,"male 52yrs

normal",0,False,0,False,True,C:\Users\abdul\OneDrive\Desktop\Data Preprocessing\Shenzhen-Hospital-CXR-Set\mask\mask\CHNCXR_0053_0_mask.png
shenzhen,0054,CHNCXR_0054_0.png,normal,C:\Users\abdul\OneDrive\Desktop\Data Preprocessing\Shenzhen-Hospital-CXR-Set\CXR_png\CHNCXR_0054_0.png,3000,2933,P,,True,"female 25yrs

normal",0,False,0,False,True,C:\Users\abdul\OneDrive\Desktop\Data Preprocessing\Shenzhen-Hospital-CXR-Set\mask\mask\CHNCXR_0054_0_mask.png
shenzhen,0055,CHNCXR_0055_0.png,normal,C:\Users\abdul\OneDrive\Desktop\Data Preprocessing\Shenzhen-Hospital-CXR-Set\CXR_png\CHNCXR_0055_0.png,2739,2941,P,,True,"male 41yrs

normal",0,False,0,False,True,C:\Users\abdul\OneDrive\Desktop\Data Preprocessing\Shenzhen-Hospital-CXR-Set\mask\mask\CHNCXR_0055_0_mask.png
shenzhen,0056,CHNCXR_0056_0.png,normal,C:\Users\abdul\OneDrive\Desktop\Data Preprocessing\Shenzhen-Hospital-CXR-Set\CXR_png\CHNCXR_0056_0.png,3000,2947,P,,True,"male 48yrs

normal",0,False,0,False,True,C:\Users\abdul\OneDrive\Desktop\Data Preprocessing\Shenzhen-Hospital-CXR-Set\mask\mask\CHNCXR_0056_0_mask.png
shenzhen,0057,CHNCXR_0057_0.png,normal,C:\Users\abdul\OneDrive\Desktop\Data Preprocessing\Shenzhen-Hospital-CXR-Set\CXR_png\CHNCXR_0057_0.png,3000,2941,P,,True,"female 54yrs

normal",0,False,0,False,True,C:\Users\abdul\OneDrive\Desktop\Data Preprocessing\Shenzhen-Hospital-CXR-Set\mask\mask\CHNCXR_0057_0_mask.png
shenzhen,0058,CHNCXR_0058_0.png,normal,C:\Users\abdul\OneDrive\Desktop\Data Preprocessing\Shenzhen-Hospital-CXR-Set\CXR_png\CHNCXR_0058_0.png,3000,2937,P,,True,"female 56yrs

normal",0,False,0,False,True,C:\Users\abdul\OneDrive\Desktop\Data Preprocessing\Shenzhen-Hospital-CXR-Set\mask\mask\CHNCXR_0058_0_mask.png
shenzhen,0059,CHNCXR_0059_0.png,normal,C:\Users\abdul\OneDrive\Desktop\Data Preprocessing\Shenzhen-Hospital-CXR-Set\CXR_png\CHNCXR_0059_0.png,3000,2947,P,,True,"male 68yrs 

normale",0,False,0,False,True,C:\Users\abdul\OneDrive\Desktop\Data Preprocessing\Shenzhen-Hospital-CXR-Set\mask\mask\CHNCXR_0059_0_mask.png
shenzhen,0060,CHNCXR_0060_0.png,normal,C:\Users\abdul\OneDrive\Desktop\Data Preprocessing\Shenzhen-Hospital-CXR-Set\CXR_png\CHNCXR_0060_0.png,3000,2931,P,,True,"female 33yrs

normal",0,False,0,False,True,C:\Users\abdul\OneDrive\Desktop\Data Preprocessing\Shenzhen-Hospital-CXR-Set\mask\mask\CHNCXR_0060_0_mask.png
shenzhen,0061,CHNCXR_0061_0.png,normal,C:\Users\abdul\OneDrive\Desktop\Data Preprocessing\Shenzhen-Hospital-CXR-Set\CXR_png\CHNCXR_0061_0.png,3000,2955,P,,True,"male 23yrs

normal",0,False,0,False,True,C:\Users\abdul\OneDrive\Desktop\Data Preprocessing\Shenzhen-Hospital-CXR-Set\mask\mask\CHNCXR_0061_0_mask.png
shenzhen,0062,CHNCXR_0062_0.png,normal,C:\Users\abdul\OneDrive\Desktop\Data Preprocessing\Shenzhen-Hospital-CXR-Set\CXR_png\CHNCXR_0062_0.png,3000,2943,P,,True,"female 28yrs

normal",0,False,0,False,True,C:\Users\abdul\OneDrive\Desktop\Data Preprocessing\Shenzhen-Hospital-CXR-Set\mask\mask\CHNCXR_0062_0_mask.png
shenzhen,0063,CHNCXR_0063_0.png,normal,C:\Users\abdul\OneDrive\Desktop\Data Preprocessing\Shenzhen-Hospital-CXR-Set\CXR_png\CHNCXR_0063_0.png,3000,2939,P,,True,"female 29yrs

normal",0,False,0,False,True,C:\Users\abdul\OneDrive\Desktop\Data Preprocessing\Shenzhen-Hospital-CXR-Set\mask\mask\CHNCXR_0063_0_mask.png
shenzhen,0064,CHNCXR_0064_0.png,normal,C:\Users\abdul\OneDrive\Desktop\Data Preprocessing\Shenzhen-Hospital-CXR-Set\CXR_png\CHNCXR_0064_0.png,3000,2943,P,,True,"male 36yrs

normal",0,False,0,False,True,C:\Users\abdul\OneDrive\Desktop\Data Preprocessing\Shenzhen-Hospital-CXR-Set\mask\mask\CHNCXR_0064_0_mask.png
shenzhen,0065,CHNCXR_0065_0.png,normal,C:\Users\abdul\OneDrive\Desktop\Data Preprocessing\Shenzhen-Hospital-CXR-Set\CXR_png\CHNCXR_0065_0.png,2996,2945,P,,True,"female 22yrs

normal",0,False,0,False,False,
shenzhen,0066,CHNCXR_0066_0.png,normal,C:\Users\abdul\OneDrive\Desktop\Data Preprocessing\Shenzhen-Hospital-CXR-Set\CXR_png\CHNCXR_0066_0.png,3000,2941,P,,True,"male 36yrs

normal",0,False,0,False,True,C:\Users\abdul\OneDrive\Desktop\Data Preprocessing\Shenzhen-Hospital-CXR-Set\mask\mask\CHNCXR_0066_0_mask.png
shenzhen,0067,CHNCXR_0067_0.png,normal,C:\Users\abdul\OneDrive\Desktop\Data Preprocessing\Shenzhen-Hospital-CXR-Set\CXR_png\CHNCXR_0067_0.png,2996,2941,P,,True,"male 32yrs

normal",0,False,0,False,True,C:\Users\abdul\OneDrive\Desktop\Data Preprocessing\Shenzhen-Hospital-CXR-Set\mask\mask\CHNCXR_0067_0_mask.png
shenzhen,0068,CHNCXR_0068_0.png,normal,C:\Users\abdul\OneDrive\Desktop\Data Preprocessing\Shenzhen-Hospital-CXR-Set\CXR_png\CHNCXR_0068_0.png,3000,2939,P,,True,"male 31yrs

normal",0,False,0,False,True,C:\Users\abdul\OneDrive\Desktop\Data Preprocessing\Shenzhen-Hospital-CXR-Set\mask\mask\CHNCXR_0068_0_mask.png
shenzhen,0069,CHNCXR_0069_0.png,normal,C:\Users\abdul\OneDrive\Desktop\Data Preprocessing\Shenzhen-Hospital-CXR-Set\CXR_png\CHNCXR_0069_0.png,2631,2406,P,,True,"female 46yrs

normal",0,False,0,False,True,C:\Users\abdul\OneDrive\Desktop\Data Preprocessing\Shenzhen-Hospital-CXR-Set\mask\mask\CHNCXR_0069_0_mask.png
shenzhen,0070,CHNCXR_0070_0.png,normal,C:\Users\abdul\OneDrive\Desktop\Data Preprocessing\Shenzhen-Hospital-CXR-Set\CXR_png\CHNCXR_0070_0.png,2486,2617,P,,True,"female 20yrs

normal",0,False,0,False,True,C:\Users\abdul\OneDrive\Desktop\Data Preprocessing\Shenzhen-Hospital-CXR-Set\mask\mask\CHNCXR_0070_0_mask.png
shenzhen,0071,CHNCXR_0071_0.png,normal,C:\Users\abdul\OneDrive\Desktop\Data Preprocessing\Shenzhen-Hospital-CXR-Set\CXR_png\CHNCXR_0071_0.png,2384,2452,P,,True,"female 39yrs

normal",0,False,0,False,True,C:\Users\abdul\OneDrive\Desktop\Data Preprocessing\Shenzhen-Hospital-CXR-Set\mask\mask\CHNCXR_0071_0_mask.png
shenzhen,0072,CHNCXR_0072_0.png,normal,C:\Users\abdul\OneDrive\Desktop\Data Preprocessing\Shenzhen-Hospital-CXR-Set\CXR_png\CHNCXR_0072_0.png,2733,2731,P,,True,"male 25yrs

normal",0,False,0,False,True,C:\Users\abdul\OneDrive\Desktop\Data Preprocessing\Shenzhen-Hospital-CXR-Set\mask\mask\CHNCXR_0072_0_mask.png
shenzhen,0073,CHNCXR_0073_0.png,normal,C:\Users\abdul\OneDrive\Desktop\Data Preprocessing\Shenzhen-Hospital-CXR-Set\CXR_png\CHNCXR_0073_0.png,3000,2949,P,,True,"female 34yrs

normal",0,False,0,False,True,C:\Users\abdul\OneDrive\Desktop\Data Preprocessing\Shenzhen-Hospital-CXR-Set\mask\mask\CHNCXR_0073_0_mask.png
shenzhen,0074,CHNCXR_0074_0.png,normal,C:\Users\abdul\OneDrive\Desktop\Data Preprocessing\Shenzhen-Hospital-CXR-Set\CXR_png\CHNCXR_0074_0.png,1255,989,P,,True,"male 3yrs

normal",0,False,0,False,True,C:\Users\abdul\OneDrive\Desktop\Data Preprocessing\Shenzhen-Hospital-CXR-Set\mask\mask\CHNCXR_0074_0_mask.png
shenzhen,0075,CHNCXR_0075_0.png,normal,C:\Users\abdul\OneDrive\Desktop\Data Preprocessing\Shenzhen-Hospital-CXR-Set\CXR_png\CHNCXR_0075_0.png,1233,1110,P,,True,"female 1 yrs

normal",0,False,0,False,True,C:\Users\abdul\OneDrive\Desktop\Data Preprocessing\Shenzhen-Hospital-CXR-Set\mask\mask\CHNCXR_0075_0_mask.png
shenzhen,0076,CHNCXR_0076_0.png,normal,C:\Users\abdul\OneDrive\Desktop\Data Preprocessing\Shenzhen-Hospital-CXR-Set\CXR_png\CHNCXR_0076_0.png,1250,1136,P,,True,"male 1yrs

normal",0,False,0,False,True,C:\Users\abdul\OneDrive\Desktop\Data Preprocessing\Shenzhen-Hospital-CXR-Set\mask\mask\CHNCXR_0076_0_mask.png
shenzhen,0077,CHNCXR_0077_0.png,normal,C:\Users\abdul\OneDrive\Desktop\Data Preprocessing\Shenzhen-Hospital-CXR-Set\CXR_png\CHNCXR_0077_0.png,3000,2939,P,,True,"male 28yrs

normal",0,False,0,False,True,C:\Users\abdul\OneDrive\Desktop\Data Preprocessing\Shenzhen-Hospital-CXR-Set\mask\mask\CHNCXR_0077_0_mask.png
shenzhen,0078,CHNCXR_0078_0.png,normal,C:\Users\abdul\OneDrive\Desktop\Data Preprocessing\Shenzhen-Hospital-CXR-Set\CXR_png\CHNCXR_0078_0.png,3000,2967,P,,True,"male 31yrs

normal",0,False,0,False,True,C:\Users\abdul\OneDrive\Desktop\Data Preprocessing\Shenzhen-Hospital-CXR-Set\mask\mask\CHNCXR_0078_0_mask.png
shenzhen,0079,CHNCXR_0079_0.png,normal,C:\Users\abdul\OneDrive\Desktop\Data Preprocessing\Shenzhen-Hospital-CXR-Set\CXR_png\CHNCXR_0079_0.png,3000,2943,P,,True,"male 30yrs

normal",0,False,0,False,True,C:\Users\abdul\OneDrive\Desktop\Data Preprocessing\Shenzhen-Hospital-CXR-Set\mask\mask\CHNCXR_0079_0_mask.png
shenzhen,0080,CHNCXR_0080_0.png,normal,C:\Users\abdul\OneDrive\Desktop\Data Preprocessing\Shenzhen-Hospital-CXR-Set\CXR_png\CHNCXR_0080_0.png,3000,2955,P,,True,"male 39yrs

normal",0,False,0,False,True,C:\Users\abdul\OneDrive\Desktop\Data Preprocessing\Shenzhen-Hospital-CXR-Set\mask\mask\CHNCXR_0080_0_mask.png
shenzhen,0081,CHNCXR_0081_0.png,normal,C:\Users\abdul\OneDrive\Desktop\Data Preprocessing\Shenzhen-Hospital-CXR-Set\CXR_png\CHNCXR_0081_0.png,3000,2947,P,,True,"male 37yrs

normal",0,False,0,False,True,C:\Users\abdul\OneDrive\Desktop\Data Preprocessing\Shenzhen-Hospital-CXR-Set\mask\mask\CHNCXR_0081_0_mask.png
shenzhen,0082,CHNCXR_0082_0.png,normal,C:\Users\abdul\OneDrive\Desktop\Data Preprocessing\Shenzhen-Hospital-CXR-Set\CXR_png\CHNCXR_0082_0.png,3000,2945,P,,True,"male 45yrs

normal",0,False,0,False,True,C:\Users\abdul\OneDrive\Desktop\Data Preprocessing\Shenzhen-Hospital-CXR-Set\mask\mask\CHNCXR_0082_0_mask.png
shenzhen,0083,CHNCXR_0083_0.png,normal,C:\Users\abdul\OneDrive\Desktop\Data Preprocessing\Shenzhen-Hospital-CXR-Set\CXR_png\CHNCXR_0083_0.png,3000,2947,P,,True,"male 37yrs

normal",0,False,0,False,True,C:\Users\abdul\OneDrive\Desktop\Data Preprocessing\Shenzhen-Hospital-CXR-Set\mask\mask\CHNCXR_0083_0_mask.png
shenzhen,0084,CHNCXR_0084_0.png,normal,C:\Users\abdul\OneDrive\Desktop\Data Preprocessing\Shenzhen-Hospital-CXR-Set\CXR_png\CHNCXR_0084_0.png,2739,2944,P,,True,"female 27yrs

normal",0,False,0,False,True,C:\Users\abdul\OneDrive\Desktop\Data Preprocessing\Shenzhen-Hospital-CXR-Set\mask\mask\CHNCXR_0084_0_mask.png
shenzhen,0085,CHNCXR_0085_0.png,normal,C:\Users\abdul\OneDrive\Desktop\Data Preprocessing\Shenzhen-Hospital-CXR-Set\CXR_png\CHNCXR_0085_0.png,3000,2949,P,,True,"male 42yrs

normal",0,False,0,False,True,C:\Users\abdul\OneDrive\Desktop\Data Preprocessing\Shenzhen-Hospital-CXR-Set\mask\mask\CHNCXR_0085_0_mask.png
shenzhen,0086,CHNCXR_0086_0.png,normal,C:\Users\abdul\OneDrive\Desktop\Data Preprocessing\Shenzhen-Hospital-CXR-Set\CXR_png\CHNCXR_0086_0.png,3000,2951,P,,True,"female 53yrs

normal",0,False,0,False,True,C:\Users\abdul\OneDrive\Desktop\Data Preprocessing\Shenzhen-Hospital-CXR-Set\mask\mask\CHNCXR_0086_0_mask.png
shenzhen,0087,CHNCXR_0087_0.png,normal,C:\Users\abdul\OneDrive\Desktop\Data Preprocessing\Shenzhen-Hospital-CXR-Set\CXR_png\CHNCXR_0087_0.png,2679,3001,P,,True,"male 28yrs

normal",0,False,0,False,True,C:\Users\abdul\OneDrive\Desktop\Data Preprocessing\Shenzhen-Hospital-CXR-Set\mask\mask\CHNCXR_0087_0_mask.png
shenzhen,0088,CHNCXR_0088_0.png,normal,C:\Users\abdul\OneDrive\Desktop\Data Preprocessing\Shenzhen-Hospital-CXR-Set\CXR_png\CHNCXR_0088_0.png,2788,2954,P,,True,"male 30yrs

normal",0,False,0,False,True,C:\Users\abdul\OneDrive\Desktop\Data Preprocessing\Shenzhen-Hospital-CXR-Set\mask\mask\CHNCXR_0088_0_mask.png
shenzhen,0089,CHNCXR_0089_0.png,normal,C:\Users\abdul\OneDrive\Desktop\Data Preprocessing\Shenzhen-Hospital-CXR-Set\CXR_png\CHNCXR_0089_0.png,2674,2685,P,,True,"male 39yrs

normal",0,False,0,False,True,C:\Users\abdul\OneDrive\Desktop\Data Preprocessing\Shenzhen-Hospital-CXR-Set\mask\mask\CHNCXR_0089_0_mask.png
shenzhen,0090,CHNCXR_0090_0.png,normal,C:\Users\abdul\OneDrive\Desktop\Data Preprocessing\Shenzhen-Hospital-CXR-Set\CXR_png\CHNCXR_0090_0.png,2786,2931,P,,True,"male 39yrs

normal",0,False,0,False,True,C:\Users\abdul\OneDrive\Desktop\Data Preprocessing\Shenzhen-Hospital-CXR-Set\mask\mask\CHNCXR_0090_0_mask.png
shenzhen,0091,CHNCXR_0091_0.png,normal,C:\Users\abdul\OneDrive\Desktop\Data Preprocessing\Shenzhen-Hospital-CXR-Set\CXR_png\CHNCXR_0091_0.png,2587,2968,P,,True,"male 37yrs

normal",0,False,0,False,True,C:\Users\abdul\OneDrive\Desktop\Data Preprocessing\Shenzhen-Hospital-CXR-Set\mask\mask\CHNCXR_0091_0_mask.png
shenzhen,0092,CHNCXR_0092_0.png,normal,C:\Users\abdul\OneDrive\Desktop\Data Preprocessing\Shenzhen-Hospital-CXR-Set\CXR_png\CHNCXR_0092_0.png,2796,2652,P,,True,"male 37yrs

normal",0,False,0,False,True,C:\Users\abdul\OneDrive\Desktop\Data Preprocessing\Shenzhen-Hospital-CXR-Set\mask\mask\CHNCXR_0092_0_mask.png
shenzhen,0093,CHNCXR_0093_0.png,normal,C:\Users\abdul\OneDrive\Desktop\Data Preprocessing\Shenzhen-Hospital-CXR-Set\CXR_png\CHNCXR_0093_0.png,2776,2960,P,,True,"male 27yrs

normal",0,False,0,False,True,C:\Users\abdul\OneDrive\Desktop\Data Preprocessing\Shenzhen-Hospital-CXR-Set\mask\mask\CHNCXR_0093_0_mask.png
shenzhen,0094,CHNCXR_0094_0.png,normal,C:\Users\abdul\OneDrive\Desktop\Data Preprocessing\Shenzhen-Hospital-CXR-Set\CXR_png\CHNCXR_0094_0.png,3000,2945,P,,True,"female 24yrs
normal",0,False,0,False,True,C:\Users\abdul\OneDrive\Desktop\Data Preprocessing\Shenzhen-Hospital-CXR-Set\mask\mask\CHNCXR_0094_0_mask.png
shenzhen,0095,CHNCXR_0095_0.png,normal,C:\Users\abdul\OneDrive\Desktop\Data Preprocessing\Shenzhen-Hospital-CXR-Set\CXR_png\CHNCXR_0095_0.png,3000,2949,P,,True,"male 18yrs
normal",0,False,0,False,True,C:\Users\abdul\OneDrive\Desktop\Data Preprocessing\Shenzhen-Hospital-CXR-Set\mask\mask\CHNCXR_0095_0_mask.png
shenzhen,0096,CHNCXR_0096_0.png,normal,C:\Users\abdul\OneDrive\Desktop\Data Preprocessing\Shenzhen-Hospital-CXR-Set\CXR_png\CHNCXR_0096_0.png,2119,2080,P,,True,"femal 69yrs
normal",0,False,0,False,True,C:\Users\abdul\OneDrive\Desktop\Data Preprocessing\Shenzhen-Hospital-CXR-Set\mask\mask\CHNCXR_0096_0_mask.png
shenzhen,0097,CHNCXR_0097_0.png,normal,C:\Users\abdul\OneDrive\Desktop\Data Preprocessing\Shenzhen-Hospital-CXR-Set\CXR_png\CHNCXR_0097_0.png,2260,2203,P,,True,"female 30yrs
normal",0,False,0,False,True,C:\Users\abdul\OneDrive\Desktop\Data Preprocessing\Shenzhen-Hospital-CXR-Set\mask\mask\CHNCXR_0097_0_mask.png
shenzhen,0098,CHNCXR_0098_0.png,normal,C:\Users\abdul\OneDrive\Desktop\Data Preprocessing\Shenzhen-Hospital-CXR-Set\CXR_png\CHNCXR_0098_0.png,3000,2951,P,,True,"male 54yrs
normal",0,False,0,False,True,C:\Users\abdul\OneDrive\Desktop\Data Preprocessing\Shenzhen-Hospital-CXR-Set\mask\mask\CHNCXR_0098_0_mask.png
shenzhen,0099,CHNCXR_0099_0.png,normal,C:\Users\abdul\OneDrive\Desktop\Data Preprocessing\Shenzhen-Hospital-CXR-Set\CXR_png\CHNCXR_0099_0.png,2415,2804,P,,True,"female 26yrs
normal",0,False,0,False,True,C:\Users\abdul\OneDrive\Desktop\Data Preprocessing\Shenzhen-Hospital-CXR-Set\mask\mask\CHNCXR_0099_0_mask.png
shenzhen,0100,CHNCXR_0100_0.png,normal,C:\Users\abdul\OneDrive\Desktop\Data Preprocessing\Shenzhen-Hospital-CXR-Set\CXR_png\CHNCXR_0100_0.png,2419,2562,P,,True,"male 25yrs
normal",0,False,0,False,True,C:\Users\abdul\OneDrive\Desktop\Data Preprocessing\Shenzhen-Hospital-CXR-Set\mask\mask\CHNCXR_0100_0_mask.png
shenzhen,0101,CHNCXR_0101_0.png,normal,C:\Users\abdul\OneDrive\Desktop\Data Preprocessing\Shenzhen-Hospital-CXR-Set\CXR_png\CHNCXR_0101_0.png,3000,3001,P,,True,"male 23yrs
normal",0,False,0,False,True,C:\Users\abdul\OneDrive\Desktop\Data Preprocessing\Shenzhen-Hospital-CXR-Set\mask\mask\CHNCXR_0101_0_mask.png
shenzhen,0102,CHNCXR_0102_0.png,normal,C:\Users\abdul\OneDrive\Desktop\Data Preprocessing\Shenzhen-Hospital-CXR-Set\CXR_png\CHNCXR_0102_0.png,2128,2405,P,,True,"female 25yrs
normal",0,False,0,False,True,C:\Users\abdul\OneDrive\Desktop\Data Preprocessing\Shenzhen-Hospital-CXR-Set\mask\mask\CHNCXR_0102_0_mask.png
shenzhen,0103,CHNCXR_0103_0.png,normal,C:\Users\abdul\OneDrive\Desktop\Data Preprocessing\Shenzhen-Hospital-CXR-Set\CXR_png\CHNCXR_0103_0.png,2238,2946,P,,True,"female 25yrs
normal",0,False,0,False,True,C:\Users\abdul\OneDrive\Desktop\Data Preprocessing\Shenzhen-Hospital-CXR-Set\mask\mask\CHNCXR_0103_0_mask.png
shenzhen,0104,CHNCXR_0104_0.png,normal,C:\Users\abdul\OneDrive\Desktop\Data Preprocessing\Shenzhen-Hospital-CXR-Set\CXR_png\CHNCXR_0104_0.png,2990,2989,P,,True,"male 43yrs
normal",0,False,0,False,True,C:\Users\abdul\OneDrive\Desktop\Data Preprocessing\Shenzhen-Hospital-CXR-Set\mask\mask\CHNCXR_0104_0_mask.png
shenzhen,0105,CHNCXR_0105_0.png,normal,C:\Users\abdul\OneDrive\Desktop\Data Preprocessing\Shenzhen-Hospital-CXR-Set\CXR_png\CHNCXR_0105_0.png,2602,2988,P,,True,"male 22yrs
normal",0,False,0,False,True,C:\Users\abdul\OneDrive\Desktop\Data Preprocessing\Shenzhen-Hospital-CXR-Set\mask\mask\CHNCXR_0105_0_mask.png
shenzhen,0106,CHNCXR_0106_0.png,normal,C:\Users\abdul\OneDrive\Desktop\Data Preprocessing\Shenzhen-Hospital-CXR-Set\CXR_png\CHNCXR_0106_0.png,3000,2943,P,,True,"male 26yrs
normal",0,False,0,False,True,C:\Users\abdul\OneDrive\Desktop\Data Preprocessing\Shenzhen-Hospital-CXR-Set\mask\mask\CHNCXR_0106_0_mask.png
shenzhen,0107,CHNCXR_0107_0.png,normal,C:\Users\abdul\OneDrive\Desktop\Data Preprocessing\Shenzhen-Hospital-CXR-Set\CXR_png\CHNCXR_0107_0.png,2464,2317,P,,True,"female 36yrs
normal",0,False,0,False,True,C:\Users\abdul\OneDrive\Desktop\Data Preprocessing\Shenzhen-Hospital-CXR-Set\mask\mask\CHNCXR_0107_0_mask.png
shenzhen,0108,CHNCXR_0108_0.png,normal,C:\Users\abdul\OneDrive\Desktop\Data Preprocessing\Shenzhen-Hospital-CXR-Set\CXR_png\CHNCXR_0108_0.png,2897,2953,P,,True,"male 22yrs
normal",0,False,0,False,True,C:\Users\abdul\OneDrive\Desktop\Data Preprocessing\Shenzhen-Hospital-CXR-Set\mask\mask\CHNCXR_0108_0_mask.png
shenzhen,0109,CHNCXR_0109_0.png,normal,C:\Users\abdul\OneDrive\Desktop\Data Preprocessing\Shenzhen-Hospital-CXR-Set\CXR_png\CHNCXR_0109_0.png,2369,2942,P,,True,"female 21yrs
normal",0,False,0,False,True,C:\Users\abdul\OneDrive\Desktop\Data Preprocessing\Shenzhen-Hospital-CXR-Set\mask\mask\CHNCXR_0109_0_mask.png
shenzhen,0110,CHNCXR_0110_0.png,normal,C:\Users\abdul\OneDrive\Desktop\Data Preprocessing\Shenzhen-Hospital-CXR-Set\CXR_png\CHNCXR_0110_0.png,2715,2946,P,,True,"male 42yrs
normal",0,False,0,False,True,C:\Users\abdul\OneDrive\Desktop\Data Preprocessing\Shenzhen-Hospital-CXR-Set\mask\mask\CHNCXR_0110_0_mask.png
shenzhen,0111,CHNCXR_0111_0.png,normal,C:\Users\abdul\OneDrive\Desktop\Data Preprocessing\Shenzhen-Hospital-CXR-Set\CXR_png\CHNCXR_0111_0.png,2609,2489,P,,True,"male 44yrs
normal",0,False,0,False,True,C:\Users\abdul\OneDrive\Desktop\Data Preprocessing\Shenzhen-Hospital-CXR-Set\mask\mask\CHNCXR_0111_0_mask.png
shenzhen,0112,CHNCXR_0112_0.png,normal,C:\Users\abdul\OneDrive\Desktop\Data Preprocessing\Shenzhen-Hospital-CXR-Set\CXR_png\CHNCXR_0112_0.png,2589,2667,P,,True,"male 33yrs 
normal",0,False,0,False,True,C:\Users\abdul\OneDrive\Desktop\Data Preprocessing\Shenzhen-Hospital-CXR-Set\mask\mask\CHNCXR_0112_0_mask.png
shenzhen,0113,CHNCXR_0113_0.png,normal,C:\Users\abdul\OneDrive\Desktop\Data Preprocessing\Shenzhen-Hospital-CXR-Set\CXR_png\CHNCXR_0113_0.png,2724,2876,P,,True,"male 30yrs
normal",0,False,0,False,True,C:\Users\abdul\OneDrive\Desktop\Data Preprocessing\Shenzhen-Hospital-CXR-Set\mask\mask\CHNCXR_0113_0_mask.png
shenzhen,0114,CHNCXR_0114_0.png,normal,C:\Users\abdul\OneDrive\Desktop\Data Preprocessing\Shenzhen-Hospital-CXR-Set\CXR_png\CHNCXR_0114_0.png,3000,2933,P,,True,"male 20yrs
normal",0,False,0,False,True,C:\Users\abdul\OneDrive\Desktop\Data Preprocessing\Shenzhen-Hospital-CXR-Set\mask\mask\CHNCXR_0114_0_mask.png
shenzhen,0115,CHNCXR_0115_0.png,normal,C:\Users\abdul\OneDrive\Desktop\Data Preprocessing\Shenzhen-Hospital-CXR-Set\CXR_png\CHNCXR_0115_0.png,1225,1149,P,,True,"male 16month
normal",0,False,0,False,True,C:\Users\abdul\OneDrive\Desktop\Data Preprocessing\Shenzhen-Hospital-CXR-Set\mask\mask\CHNCXR_0115_0_mask.png
shenzhen,0116,CHNCXR_0116_0.png,normal,C:\Users\abdul\OneDrive\Desktop\Data Preprocessing\Shenzhen-Hospital-CXR-Set\CXR_png\CHNCXR_0116_0.png,3000,2931,P,,True,"male 49yrs
normal",0,False,0,False,True,C:\Users\abdul\OneDrive\Desktop\Data Preprocessing\Shenzhen-Hospital-CXR-Set\mask\mask\CHNCXR_0116_0_mask.png
shenzhen,0117,CHNCXR_0117_0.png,normal,C:\Users\abdul\OneDrive\Desktop\Data Preprocessing\Shenzhen-Hospital-CXR-Set\CXR_png\CHNCXR_0117_0.png,2521,2959,P,,True,"male 48yrs
normal",0,False,0,False,True,C:\Users\abdul\OneDrive\Desktop\Data Preprocessing\Shenzhen-Hospital-CXR-Set\mask\mask\CHNCXR_0117_0_mask.png
shenzhen,0118,CHNCXR_0118_0.png,normal,C:\Users\abdul\OneDrive\Desktop\Data Preprocessing\Shenzhen-Hospital-CXR-Set\CXR_png\CHNCXR_0118_0.png,2990,2996,P,,True,"female 26yrs
normal",0,False,0,False,True,C:\Users\abdul\OneDrive\Desktop\Data Preprocessing\Shenzhen-Hospital-CXR-Set\mask\mask\CHNCXR_0118_0_mask.png
shenzhen,0119,CHNCXR_0119_0.png,normal,C:\Users\abdul\OneDrive\Desktop\Data Preprocessing\Shenzhen-Hospital-CXR-Set\CXR_png\CHNCXR_0119_0.png,2682,2869,P,,True,"male 20yrs
normal",0,False,0,False,True,C:\Users\abdul\OneDrive\Desktop\Data Preprocessing\Shenzhen-Hospital-CXR-Set\mask\mask\CHNCXR_0119_0_mask.png
shenzhen,0120,CHNCXR_0120_0.png,normal,C:\Users\abdul\OneDrive\Desktop\Data Preprocessing\Shenzhen-Hospital-CXR-Set\CXR_png\CHNCXR_0120_0.png,3000,2945,P,,True,"male 19yrs
normal",0,False,0,False,True,C:\Users\abdul\OneDrive\Desktop\Data Preprocessing\Shenzhen-Hospital-CXR-Set\mask\mask\CHNCXR_0120_0_mask.png
shenzhen,0121,CHNCXR_0121_0.png,normal,C:\Users\abdul\OneDrive\Desktop\Data Preprocessing\Shenzhen-Hospital-CXR-Set\CXR_png\CHNCXR_0121_0.png,2751,2990,P,,True,"male 21yrs
normal",0,False,0,False,True,C:\Users\abdul\OneDrive\Desktop\Data Preprocessing\Shenzhen-Hospital-CXR-Set\mask\mask\CHNCXR_0121_0_mask.png
shenzhen,0122,CHNCXR_0122_0.png,normal,C:\Users\abdul\OneDrive\Desktop\Data Preprocessing\Shenzhen-Hospital-CXR-Set\CXR_png\CHNCXR_0122_0.png,2536,2843,P,,True,"female 20yrs
normal",0,False,0,False,True,C:\Users\abdul\OneDrive\Desktop\Data Preprocessing\Shenzhen-Hospital-CXR-Set\mask\mask\CHNCXR_0122_0_mask.png
shenzhen,0123,CHNCXR_0123_0.png,normal,C:\Users\abdul\OneDrive\Desktop\Data Preprocessing\Shenzhen-Hospital-CXR-Set\CXR_png\CHNCXR_0123_0.png,3000,2945,P,,True,"female 64yrs
normal",0,False,0,False,True,C:\Users\abdul\OneDrive\Desktop\Data Preprocessing\Shenzhen-Hospital-CXR-Set\mask\mask\CHNCXR_0123_0_mask.png
shenzhen,0124,CHNCXR_0124_0.png,normal,C:\Users\abdul\OneDrive\Desktop\Data Preprocessing\Shenzhen-Hospital-CXR-Set\CXR_png\CHNCXR_0124_0.png,2365,2889,P,,True,"male 34yrs
normal",0,False,0,False,True,C:\Users\abdul\OneDrive\Desktop\Data Preprocessing\Shenzhen-Hospital-CXR-Set\mask\mask\CHNCXR_0124_0_mask.png
shenzhen,0125,CHNCXR_0125_0.png,normal,C:\Users\abdul\OneDrive\Desktop\Data Preprocessing\Shenzhen-Hospital-CXR-Set\CXR_png\CHNCXR_0125_0.png,2991,2993,P,,True,"male 30yrs
normal",0,False,0,False,True,C:\Users\abdul\OneDrive\Desktop\Data Preprocessing\Shenzhen-Hospital-CXR-Set\mask\mask\CHNCXR_0125_0_mask.png
shenzhen,0126,CHNCXR_0126_0.png,normal,C:\Users\abdul\OneDrive\Desktop\Data Preprocessing\Shenzhen-Hospital-CXR-Set\CXR_png\CHNCXR_0126_0.png,2997,2933,P,,True,"female 65yrs
normal",0,False,0,False,True,C:\Users\abdul\OneDrive\Desktop\Data Preprocessing\Shenzhen-Hospital-CXR-Set\mask\mask\CHNCXR_0126_0_mask.png
shenzhen,0127,CHNCXR_0127_0.png,normal,C:\Users\abdul\OneDrive\Desktop\Data Preprocessing\Shenzhen-Hospital-CXR-Set\CXR_png\CHNCXR_0127_0.png,2478,2382,P,,True,"female 24yrs
normal",0,False,0,False,True,C:\Users\abdul\OneDrive\Desktop\Data Preprocessing\Shenzhen-Hospital-CXR-Set\mask\mask\CHNCXR_0127_0_mask.png
shenzhen,0128,CHNCXR_0128_0.png,normal,C:\Users\abdul\OneDrive\Desktop\Data Preprocessing\Shenzhen-Hospital-CXR-Set\CXR_png\CHNCXR_0128_0.png,2991,2992,P,,True,"male 28yrs
normal",0,False,0,False,True,C:\Users\abdul\OneDrive\Desktop\Data Preprocessing\Shenzhen-Hospital-CXR-Set\mask\mask\CHNCXR_0128_0_mask.png
shenzhen,0129,CHNCXR_0129_0.png,normal,C:\Users\abdul\OneDrive\Desktop\Data Preprocessing\Shenzhen-Hospital-CXR-Set\CXR_png\CHNCXR_0129_0.png,2452,2947,P,,True,"female 43yrs
normal",0,False,0,False,True,C:\Users\abdul\OneDrive\Desktop\Data Preprocessing\Shenzhen-Hospital-CXR-Set\mask\mask\CHNCXR_0129_0_mask.png
shenzhen,0130,CHNCXR_0130_0.png,normal,C:\Users\abdul\OneDrive\Desktop\Data Preprocessing\Shenzhen-Hospital-CXR-Set\CXR_png\CHNCXR_0130_0.png,2991,2994,P,,True,"male 26yrs
normal",0,False,0,False,True,C:\Users\abdul\OneDrive\Desktop\Data Preprocessing\Shenzhen-Hospital-CXR-Set\mask\mask\CHNCXR_0130_0_mask.png
shenzhen,0131,CHNCXR_0131_0.png,normal,C:\Users\abdul\OneDrive\Desktop\Data Preprocessing\Shenzhen-Hospital-CXR-Set\CXR_png\CHNCXR_0131_0.png,2600,2994,P,,True,"male 19yrs
normal",0,False,0,False,True,C:\Users\abdul\OneDrive\Desktop\Data Preprocessing\Shenzhen-Hospital-CXR-Set\mask\mask\CHNCXR_0131_0_mask.png
shenzhen,0132,CHNCXR_0132_0.png,normal,C:\Users\abdul\OneDrive\Desktop\Data Preprocessing\Shenzhen-Hospital-CXR-Set\CXR_png\CHNCXR_0132_0.png,2997,2943,P,,True,"female 50yrs
normal",0,False,0,False,True,C:\Users\abdul\OneDrive\Desktop\Data Preprocessing\Shenzhen-Hospital-CXR-Set\mask\mask\CHNCXR_0132_0_mask.png
shenzhen,0133,CHNCXR_0133_0.png,normal,C:\Users\abdul\OneDrive\Desktop\Data Preprocessing\Shenzhen-Hospital-CXR-Set\CXR_png\CHNCXR_0133_0.png,3000,2953,P,,True,"male 28yrs
normal",0,False,0,False,True,C:\Users\abdul\OneDrive\Desktop\Data Preprocessing\Shenzhen-Hospital-CXR-Set\mask\mask\CHNCXR_0133_0_mask.png
shenzhen,0134,CHNCXR_0134_0.png,normal,C:\Users\abdul\OneDrive\Desktop\Data Preprocessing\Shenzhen-Hospital-CXR-Set\CXR_png\CHNCXR_0134_0.png,2493,2957,P,,True,"male 29yrs 
normal",0,False,0,False,True,C:\Users\abdul\OneDrive\Desktop\Data Preprocessing\Shenzhen-Hospital-CXR-Set\mask\mask\CHNCXR_0134_0_mask.png
shenzhen,0135,CHNCXR_0135_0.png,normal,C:\Users\abdul\OneDrive\Desktop\Data Preprocessing\Shenzhen-Hospital-CXR-Set\CXR_png\CHNCXR_0135_0.png,3000,2949,P,,True,"male 20yrs
normal",0,False,0,False,True,C:\Users\abdul\OneDrive\Desktop\Data Preprocessing\Shenzhen-Hospital-CXR-Set\mask\mask\CHNCXR_0135_0_mask.png
shenzhen,0136,CHNCXR_0136_0.png,normal,C:\Users\abdul\OneDrive\Desktop\Data Preprocessing\Shenzhen-Hospital-CXR-Set\CXR_png\CHNCXR_0136_0.png,2997,2937,P,,True,"male 30yrs
normal",0,False,0,False,True,C:\Users\abdul\OneDrive\Desktop\Data Preprocessing\Shenzhen-Hospital-CXR-Set\mask\mask\CHNCXR_0136_0_mask.png
shenzhen,0137,CHNCXR_0137_0.png,normal,C:\Users\abdul\OneDrive\Desktop\Data Preprocessing\Shenzhen-Hospital-CXR-Set\CXR_png\CHNCXR_0137_0.png,3000,2939,P,,True,"male 24yrs
normal",0,False,0,False,True,C:\Users\abdul\OneDrive\Desktop\Data Preprocessing\Shenzhen-Hospital-CXR-Set\mask\mask\CHNCXR_0137_0_mask.png
shenzhen,0138,CHNCXR_0138_0.png,normal,C:\Users\abdul\OneDrive\Desktop\Data Preprocessing\Shenzhen-Hospital-CXR-Set\CXR_png\CHNCXR_0138_0.png,3000,2943,P,,True,"female  30yrs
normal",0,False,0,False,True,C:\Users\abdul\OneDrive\Desktop\Data Preprocessing\Shenzhen-Hospital-CXR-Set\mask\mask\CHNCXR_0138_0_mask.png
shenzhen,0139,CHNCXR_0139_0.png,normal,C:\Users\abdul\OneDrive\Desktop\Data Preprocessing\Shenzhen-Hospital-CXR-Set\CXR_png\CHNCXR_0139_0.png,3000,2931,P,,True,"female  27yrs
normal",0,False,0,False,True,C:\Users\abdul\OneDrive\Desktop\Data Preprocessing\Shenzhen-Hospital-CXR-Set\mask\mask\CHNCXR_0139_0_mask.png
shenzhen,0140,CHNCXR_0140_0.png,normal,C:\Users\abdul\OneDrive\Desktop\Data Preprocessing\Shenzhen-Hospital-CXR-Set\CXR_png\CHNCXR_0140_0.png,2227,2066,P,,True,"female  39yrs
normal",0,False,0,False,True,C:\Users\abdul\OneDrive\Desktop\Data Preprocessing\Shenzhen-Hospital-CXR-Set\mask\mask\CHNCXR_0140_0_mask.png
shenzhen,0141,CHNCXR_0141_0.png,normal,C:\Users\abdul\OneDrive\Desktop\Data Preprocessing\Shenzhen-Hospital-CXR-Set\CXR_png\CHNCXR_0141_0.png,3000,2927,P,,True,"female 36yrs
normal",0,False,0,False,True,C:\Users\abdul\OneDrive\Desktop\Data Preprocessing\Shenzhen-Hospital-CXR-Set\mask\mask\CHNCXR_0141_0_mask.png
shenzhen,0142,CHNCXR_0142_0.png,normal,C:\Users\abdul\OneDrive\Desktop\Data Preprocessing\Shenzhen-Hospital-CXR-Set\CXR_png\CHNCXR_0142_0.png,2407,2388,P,,True,"male 22yrs
normal",0,False,0,False,True,C:\Users\abdul\OneDrive\Desktop\Data Preprocessing\Shenzhen-Hospital-CXR-Set\mask\mask\CHNCXR_0142_0_mask.png
shenzhen,0143,CHNCXR_0143_0.png,normal,C:\Users\abdul\OneDrive\Desktop\Data Preprocessing\Shenzhen-Hospital-CXR-Set\CXR_png\CHNCXR_0143_0.png,2791,2854,P,,True,"female 47yrs
normal",0,False,0,False,True,C:\Users\abdul\OneDrive\Desktop\Data Preprocessing\Shenzhen-Hospital-CXR-Set\mask\mask\CHNCXR_0143_0_mask.png
shenzhen,0144,CHNCXR_0144_0.png,normal,C:\Users\abdul\OneDrive\Desktop\Data Preprocessing\Shenzhen-Hospital-CXR-Set\CXR_png\CHNCXR_0144_0.png,2271,2768,P,,True,"male 31yrs
normal",0,False,0,False,True,C:\Users\abdul\OneDrive\Desktop\Data Preprocessing\Shenzhen-Hospital-CXR-Set\mask\mask\CHNCXR_0144_0_mask.png
shenzhen,0145,CHNCXR_0145_0.png,normal,C:\Users\abdul\OneDrive\Desktop\Data Preprocessing\Shenzhen-Hospital-CXR-Set\CXR_png\CHNCXR_0145_0.png,2990,2990,P,,True,"male 45yrs
normal",0,False,0,False,True,C:\Users\abdul\OneDrive\Desktop\Data Preprocessing\Shenzhen-Hospital-CXR-Set\mask\mask\CHNCXR_0145_0_mask.png
shenzhen,0146,CHNCXR_0146_0.png,normal,C:\Users\abdul\OneDrive\Desktop\Data Preprocessing\Shenzhen-Hospital-CXR-Set\CXR_png\CHNCXR_0146_0.png,2985,2975,P,,True,"male  22yrs
normal",0,False,0,False,True,C:\Users\abdul\OneDrive\Desktop\Data Preprocessing\Shenzhen-Hospital-CXR-Set\mask\mask\CHNCXR_0146_0_mask.png
shenzhen,0147,CHNCXR_0147_0.png,normal,C:\Users\abdul\OneDrive\Desktop\Data Preprocessing\Shenzhen-Hospital-CXR-Set\CXR_png\CHNCXR_0147_0.png,3000,2951,P,,True,"male 23yrs
normal",0,False,0,False,True,C:\Users\abdul\OneDrive\Desktop\Data Preprocessing\Shenzhen-Hospital-CXR-Set\mask\mask\CHNCXR_0147_0_mask.png
shenzhen,0148,CHNCXR_0148_0.png,normal,C:\Users\abdul\OneDrive\Desktop\Data Preprocessing\Shenzhen-Hospital-CXR-Set\CXR_png\CHNCXR_0148_0.png,2692,2930,P,,True,"male 24yrs
normal",0,False,0,False,True,C:\Users\abdul\OneDrive\Desktop\Data Preprocessing\Shenzhen-Hospital-CXR-Set\mask\mask\CHNCXR_0148_0_mask.png
shenzhen,0149,CHNCXR_0149_0.png,normal,C:\Users\abdul\OneDrive\Desktop\Data Preprocessing\Shenzhen-Hospital-CXR-Set\CXR_png\CHNCXR_0149_0.png,2993,2995,P,,True,"male 31yrs 
normal",0,False,0,False,True,C:\Users\abdul\OneDrive\Desktop\Data Preprocessing\Shenzhen-Hospital-CXR-Set\mask\mask\CHNCXR_0149_0_mask.png
shenzhen,0150,CHNCXR_0150_0.png,normal,C:\Users\abdul\OneDrive\Desktop\Data Preprocessing\Shenzhen-Hospital-CXR-Set\CXR_png\CHNCXR_0150_0.png,2730,2941,P,,True,"male 45yrs
normal",0,False,0,False,True,C:\Users\abdul\OneDrive\Desktop\Data Preprocessing\Shenzhen-Hospital-CXR-Set\mask\mask\CHNCXR_0150_0_mask.png
shenzhen,0151,CHNCXR_0151_0.png,normal,C:\Users\abdul\OneDrive\Desktop\Data Preprocessing\Shenzhen-Hospital-CXR-Set\CXR_png\CHNCXR_0151_0.png,2985,2931,P,,True,"female 25yrs 
normal",0,False,0,False,True,C:\Users\abdul\OneDrive\Desktop\Data Preprocessing\Shenzhen-Hospital-CXR-Set\mask\mask\CHNCXR_0151_0_mask.png
shenzhen,0152,CHNCXR_0152_0.png,normal,C:\Users\abdul\OneDrive\Desktop\Data Preprocessing\Shenzhen-Hospital-CXR-Set\CXR_png\CHNCXR_0152_0.png,2512,2638,P,,True,"female 24yrs
normal",0,False,0,False,True,C:\Users\abdul\OneDrive\Desktop\Data Preprocessing\Shenzhen-Hospital-CXR-Set\mask\mask\CHNCXR_0152_0_mask.png
shenzhen,0153,CHNCXR_0153_0.png,normal,C:\Users\abdul\OneDrive\Desktop\Data Preprocessing\Shenzhen-Hospital-CXR-Set\CXR_png\CHNCXR_0153_0.png,3000,2939,P,,True,"female 37yrs
normal",0,False,0,False,True,C:\Users\abdul\OneDrive\Desktop\Data Preprocessing\Shenzhen-Hospital-CXR-Set\mask\mask\CHNCXR_0153_0_mask.png
shenzhen,0154,CHNCXR_0154_0.png,normal,C:\Users\abdul\OneDrive\Desktop\Data Preprocessing\Shenzhen-Hospital-CXR-Set\CXR_png\CHNCXR_0154_0.png,3000,2943,P,,True,"male 31yrs
normal",0,False,0,False,True,C:\Users\abdul\OneDrive\Desktop\Data Preprocessing\Shenzhen-Hospital-CXR-Set\mask\mask\CHNCXR_0154_0_mask.png
shenzhen,0155,CHNCXR_0155_0.png,normal,C:\Users\abdul\OneDrive\Desktop\Data Preprocessing\Shenzhen-Hospital-CXR-Set\CXR_png\CHNCXR_0155_0.png,2253,1737,P,,True,"male 5yrs 
normal",0,False,0,False,True,C:\Users\abdul\OneDrive\Desktop\Data Preprocessing\Shenzhen-Hospital-CXR-Set\mask\mask\CHNCXR_0155_0_mask.png
shenzhen,0156,CHNCXR_0156_0.png,normal,C:\Users\abdul\OneDrive\Desktop\Data Preprocessing\Shenzhen-Hospital-CXR-Set\CXR_png\CHNCXR_0156_0.png,2997,2957,P,,True,"female  38yrs
normal",0,False,0,False,True,C:\Users\abdul\OneDrive\Desktop\Data Preprocessing\Shenzhen-Hospital-CXR-Set\mask\mask\CHNCXR_0156_0_mask.png
shenzhen,0157,CHNCXR_0157_0.png,normal,C:\Users\abdul\OneDrive\Desktop\Data Preprocessing\Shenzhen-Hospital-CXR-Set\CXR_png\CHNCXR_0157_0.png,2985,2953,P,,True,"male 23yrs
normal",0,False,0,False,True,C:\Users\abdul\OneDrive\Desktop\Data Preprocessing\Shenzhen-Hospital-CXR-Set\mask\mask\CHNCXR_0157_0_mask.png
shenzhen,0158,CHNCXR_0158_0.png,normal,C:\Users\abdul\OneDrive\Desktop\Data Preprocessing\Shenzhen-Hospital-CXR-Set\CXR_png\CHNCXR_0158_0.png,2655,2904,P,,True,"female 36yrs
normal",0,False,0,False,True,C:\Users\abdul\OneDrive\Desktop\Data Preprocessing\Shenzhen-Hospital-CXR-Set\mask\mask\CHNCXR_0158_0_mask.png
shenzhen,0159,CHNCXR_0159_0.png,normal,C:\Users\abdul\OneDrive\Desktop\Data Preprocessing\Shenzhen-Hospital-CXR-Set\CXR_png\CHNCXR_0159_0.png,2991,2989,P,,True,"male 22yrs 
normal",0,False,0,False,True,C:\Users\abdul\OneDrive\Desktop\Data Preprocessing\Shenzhen-Hospital-CXR-Set\mask\mask\CHNCXR_0159_0_mask.png
shenzhen,0160,CHNCXR_0160_0.png,normal,C:\Users\abdul\OneDrive\Desktop\Data Preprocessing\Shenzhen-Hospital-CXR-Set\CXR_png\CHNCXR_0160_0.png,2529,2786,P,,True,"female 23yrs
normal",0,False,0,False,True,C:\Users\abdul\OneDrive\Desktop\Data Preprocessing\Shenzhen-Hospital-CXR-Set\mask\mask\CHNCXR_0160_0_mask.png
shenzhen,0161,CHNCXR_0161_0.png,normal,C:\Users\abdul\OneDrive\Desktop\Data Preprocessing\Shenzhen-Hospital-CXR-Set\CXR_png\CHNCXR_0161_0.png,2697,2880,P,,True,"female 48yrs
normal",0,False,0,False,True,C:\Users\abdul\OneDrive\Desktop\Data Preprocessing\Shenzhen-Hospital-CXR-Set\mask\mask\CHNCXR_0161_0_mask.png
shenzhen,0162,CHNCXR_0162_0.png,normal,C:\Users\abdul\OneDrive\Desktop\Data Preprocessing\Shenzhen-Hospital-CXR-Set\CXR_png\CHNCXR_0162_0.png,3000,2945,P,,True,"male 23yrs
normal",0,False,0,False,True,C:\Users\abdul\OneDrive\Desktop\Data Preprocessing\Shenzhen-Hospital-CXR-Set\mask\mask\CHNCXR_0162_0_mask.png
shenzhen,0163,CHNCXR_0163_0.png,normal,C:\Users\abdul\OneDrive\Desktop\Data Preprocessing\Shenzhen-Hospital-CXR-Set\CXR_png\CHNCXR_0163_0.png,2989,2951,P,,True,"male 28yrs
normal",0,False,0,False,True,C:\Users\abdul\OneDrive\Desktop\Data Preprocessing\Shenzhen-Hospital-CXR-Set\mask\mask\CHNCXR_0163_0_mask.png
shenzhen,0164,CHNCXR_0164_0.png,normal,C:\Users\abdul\OneDrive\Desktop\Data Preprocessing\Shenzhen-Hospital-CXR-Set\CXR_png\CHNCXR_0164_0.png,3000,2939,P,,True,"male 53yrs
normal",0,False,0,False,True,C:\Users\abdul\OneDrive\Desktop\Data Preprocessing\Shenzhen-Hospital-CXR-Set\mask\mask\CHNCXR_0164_0_mask.png
shenzhen,0165,CHNCXR_0165_0.png,normal,C:\Users\abdul\OneDrive\Desktop\Data Preprocessing\Shenzhen-Hospital-CXR-Set\CXR_png\CHNCXR_0165_0.png,2967,2993,P,,True,"male 39yrs
normal",0,False,0,False,True,C:\Users\abdul\OneDrive\Desktop\Data Preprocessing\Shenzhen-Hospital-CXR-Set\mask\mask\CHNCXR_0165_0_mask.png
shenzhen,0166,CHNCXR_0166_0.png,normal,C:\Users\abdul\OneDrive\Desktop\Data Preprocessing\Shenzhen-Hospital-CXR-Set\CXR_png\CHNCXR_0166_0.png,2443,2527,P,,True,"female 31yrs
normal",0,False,0,False,True,C:\Users\abdul\OneDrive\Desktop\Data Preprocessing\Shenzhen-Hospital-CXR-Set\mask\mask\CHNCXR_0166_0_mask.png
shenzhen,0167,CHNCXR_0167_0.png,normal,C:\Users\abdul\OneDrive\Desktop\Data Preprocessing\Shenzhen-Hospital-CXR-Set\CXR_png\CHNCXR_0167_0.png,2761,2961,P,,True,"male 47yrs
normal",0,False,0,False,True,C:\Users\abdul\OneDrive\Desktop\Data Preprocessing\Shenzhen-Hospital-CXR-Set\mask\mask\CHNCXR_0167_0_mask.png
shenzhen,0168,CHNCXR_0168_0.png,normal,C:\Users\abdul\OneDrive\Desktop\Data Preprocessing\Shenzhen-Hospital-CXR-Set\CXR_png\CHNCXR_0168_0.png,3000,2931,P,,True,"male 27yrs
normal",0,False,0,False,True,C:\Users\abdul\OneDrive\Desktop\Data Preprocessing\Shenzhen-Hospital-CXR-Set\mask\mask\CHNCXR_0168_0_mask.png
shenzhen,0169,CHNCXR_0169_0.png,normal,C:\Users\abdul\OneDrive\Desktop\Data Preprocessing\Shenzhen-Hospital-CXR-Set\CXR_png\CHNCXR_0169_0.png,1671,1761,P,,True,"male 2yrs
normal",0,False,0,False,True,C:\Users\abdul\OneDrive\Desktop\Data Preprocessing\Shenzhen-Hospital-CXR-Set\mask\mask\CHNCXR_0169_0_mask.png
shenzhen,0170,CHNCXR_0170_0.png,normal,C:\Users\abdul\OneDrive\Desktop\Data Preprocessing\Shenzhen-Hospital-CXR-Set\CXR_png\CHNCXR_0170_0.png,3000,2953,P,,True,"male 23yrs
normal",0,False,0,False,True,C:\Users\abdul\OneDrive\Desktop\Data Preprocessing\Shenzhen-Hospital-CXR-Set\mask\mask\CHNCXR_0170_0_mask.png
shenzhen,0171,CHNCXR_0171_0.png,normal,C:\Users\abdul\OneDrive\Desktop\Data Preprocessing\Shenzhen-Hospital-CXR-Set\CXR_png\CHNCXR_0171_0.png,2991,2991,P,,True,"male 19yrs
normal",0,False,0,False,True,C:\Users\abdul\OneDrive\Desktop\Data Preprocessing\Shenzhen-Hospital-CXR-Set\mask\mask\CHNCXR_0171_0_mask.png
shenzhen,0172,CHNCXR_0172_0.png,normal,C:\Users\abdul\OneDrive\Desktop\Data Preprocessing\Shenzhen-Hospital-CXR-Set\CXR_png\CHNCXR_0172_0.png,2434,2556,P,,True,"female 26yrs
normal",0,False,0,False,True,C:\Users\abdul\OneDrive\Desktop\Data Preprocessing\Shenzhen-Hospital-CXR-Set\mask\mask\CHNCXR_0172_0_mask.png
shenzhen,0173,CHNCXR_0173_0.png,normal,C:\Users\abdul\OneDrive\Desktop\Data Preprocessing\Shenzhen-Hospital-CXR-Set\CXR_png\CHNCXR_0173_0.png,2566,2903,P,,True,"male 28yrs
normal",0,False,0,False,True,C:\Users\abdul\OneDrive\Desktop\Data Preprocessing\Shenzhen-Hospital-CXR-Set\mask\mask\CHNCXR_0173_0_mask.png
shenzhen,0174,CHNCXR_0174_0.png,normal,C:\Users\abdul\OneDrive\Desktop\Data Preprocessing\Shenzhen-Hospital-CXR-Set\CXR_png\CHNCXR_0174_0.png,2585,2970,P,,True,"male 68yrs
normal",0,False,0,False,True,C:\Users\abdul\OneDrive\Desktop\Data Preprocessing\Shenzhen-Hospital-CXR-Set\mask\mask\CHNCXR_0174_0_mask.png
shenzhen,0175,CHNCXR_0175_0.png,normal,C:\Users\abdul\OneDrive\Desktop\Data Preprocessing\Shenzhen-Hospital-CXR-Set\CXR_png\CHNCXR_0175_0.png,2205,2009,P,,True,"female 70yrs
normal",0,False,0,False,True,C:\Users\abdul\OneDrive\Desktop\Data Preprocessing\Shenzhen-Hospital-CXR-Set\mask\mask\CHNCXR_0175_0_mask.png
shenzhen,0176,CHNCXR_0176_0.png,normal,C:\Users\abdul\OneDrive\Desktop\Data Preprocessing\Shenzhen-Hospital-CXR-Set\CXR_png\CHNCXR_0176_0.png,2987,2929,P,,True,"female 64yrs
normal",0,False,0,False,True,C:\Users\abdul\OneDrive\Desktop\Data Preprocessing\Shenzhen-Hospital-CXR-Set\mask\mask\CHNCXR_0176_0_mask.png
shenzhen,0177,CHNCXR_0177_0.png,normal,C:\Users\abdul\OneDrive\Desktop\Data Preprocessing\Shenzhen-Hospital-CXR-Set\CXR_png\CHNCXR_0177_0.png,2504,2530,P,,True,"male 19yrs
normal",0,False,0,False,True,C:\Users\abdul\OneDrive\Desktop\Data Preprocessing\Shenzhen-Hospital-CXR-Set\mask\mask\CHNCXR_0177_0_mask.png
shenzhen,0178,CHNCXR_0178_0.png,normal,C:\Users\abdul\OneDrive\Desktop\Data Preprocessing\Shenzhen-Hospital-CXR-Set\CXR_png\CHNCXR_0178_0.png,1521,1341,P,,True,"male 1yrs
normal",0,False,0,False,True,C:\Users\abdul\OneDrive\Desktop\Data Preprocessing\Shenzhen-Hospital-CXR-Set\mask\mask\CHNCXR_0178_0_mask.png
shenzhen,0179,CHNCXR_0179_0.png,normal,C:\Users\abdul\OneDrive\Desktop\Data Preprocessing\Shenzhen-Hospital-CXR-Set\CXR_png\CHNCXR_0179_0.png,3000,2941,P,,True,"male 22yrs
normal",0,False,0,False,True,C:\Users\abdul\OneDrive\Desktop\Data Preprocessing\Shenzhen-Hospital-CXR-Set\mask\mask\CHNCXR_0179_0_mask.png
shenzhen,0180,CHNCXR_0180_0.png,normal,C:\Users\abdul\OneDrive\Desktop\Data Preprocessing\Shenzhen-Hospital-CXR-Set\CXR_png\CHNCXR_0180_0.png,2997,2457,P,,True,"female 36yrs
normal",0,False,0,False,True,C:\Users\abdul\OneDrive\Desktop\Data Preprocessing\Shenzhen-Hospital-CXR-Set\mask\mask\CHNCXR_0180_0_mask.png
shenzhen,0181,CHNCXR_0181_0.png,normal,C:\Users\abdul\OneDrive\Desktop\Data Preprocessing\Shenzhen-Hospital-CXR-Set\CXR_png\CHNCXR_0181_0.png,3000,2937,P,,True,"female 43yrs
normal",0,False,0,False,False,
shenzhen,0182,CHNCXR_0182_0.png,normal,C:\Users\abdul\OneDrive\Desktop\Data Preprocessing\Shenzhen-Hospital-CXR-Set\CXR_png\CHNCXR_0182_0.png,3000,2925,P,,True,"male 37yrs
normal",0,False,0,False,False,
shenzhen,0183,CHNCXR_0183_0.png,normal,C:\Users\abdul\OneDrive\Desktop\Data Preprocessing\Shenzhen-Hospital-CXR-Set\CXR_png\CHNCXR_0183_0.png,3000,2945,P,,True,"male 32yrs
normal",0,False,0,False,False,
shenzhen,0184,CHNCXR_0184_0.png,normal,C:\Users\abdul\OneDrive\Desktop\Data Preprocessing\Shenzhen-Hospital-CXR-Set\CXR_png\CHNCXR_0184_0.png,3000,2947,P,,True,"female 33yrs
normal",0,False,0,False,False,
shenzhen,0185,CHNCXR_0185_0.png,normal,C:\Users\abdul\OneDrive\Desktop\Data Preprocessing\Shenzhen-Hospital-CXR-Set\CXR_png\CHNCXR_0185_0.png,2793,2929,P,,True,"male 44yrs
normal",0,False,0,False,False,
shenzhen,0186,CHNCXR_0186_0.png,normal,C:\Users\abdul\OneDrive\Desktop\Data Preprocessing\Shenzhen-Hospital-CXR-Set\CXR_png\CHNCXR_0186_0.png,2464,2861,P,,True,"male 44yrs
normal",0,False,0,False,False,
shenzhen,0187,CHNCXR_0187_0.png,normal,C:\Users\abdul\OneDrive\Desktop\Data Preprocessing\Shenzhen-Hospital-CXR-Set\CXR_png\CHNCXR_0187_0.png,2339,2940,P,,True,"male 23yrs
normal",0,False,0,False,False,
shenzhen,0188,CHNCXR_0188_0.png,normal,C:\Users\abdul\OneDrive\Desktop\Data Preprocessing\Shenzhen-Hospital-CXR-Set\CXR_png\CHNCXR_0188_0.png,2992,2989,P,,True,"male 25yrs
normal",0,False,0,False,False,
shenzhen,0189,CHNCXR_0189_0.png,normal,C:\Users\abdul\OneDrive\Desktop\Data Preprocessing\Shenzhen-Hospital-CXR-Set\CXR_png\CHNCXR_0189_0.png,2478,2758,P,,True,"male 27yrs 
normal",0,False,0,False,False,
shenzhen,0190,CHNCXR_0190_0.png,normal,C:\Users\abdul\OneDrive\Desktop\Data Preprocessing\Shenzhen-Hospital-CXR-Set\CXR_png\CHNCXR_0190_0.png,3000,2933,P,,True,"male 34yrs
normal",0,False,0,False,False,
shenzhen,0191,CHNCXR_0191_0.png,normal,C:\Users\abdul\OneDrive\Desktop\Data Preprocessing\Shenzhen-Hospital-CXR-Set\CXR_png\CHNCXR_0191_0.png,3000,2947,P,,True,"male 33yrs
normal",0,False,0,False,False,
shenzhen,0192,CHNCXR_0192_0.png,normal,C:\Users\abdul\OneDrive\Desktop\Data Preprocessing\Shenzhen-Hospital-CXR-Set\CXR_png\CHNCXR_0192_0.png,2992,2989,P,,True,"male 24yrs
normal",0,False,0,False,False,
shenzhen,0193,CHNCXR_0193_0.png,normal,C:\Users\abdul\OneDrive\Desktop\Data Preprocessing\Shenzhen-Hospital-CXR-Set\CXR_png\CHNCXR_0193_0.png,2512,2601,P,,True,"female 24yrs
normal",0,False,0,False,False,
shenzhen,0194,CHNCXR_0194_0.png,normal,C:\Users\abdul\OneDrive\Desktop\Data Preprocessing\Shenzhen-Hospital-CXR-Set\CXR_png\CHNCXR_0194_0.png,2991,2992,P,,True,"male 23yrs
normal",0,False,0,False,False,
shenzhen,0195,CHNCXR_0195_0.png,normal,C:\Users\abdul\OneDrive\Desktop\Data Preprocessing\Shenzhen-Hospital-CXR-Set\CXR_png\CHNCXR_0195_0.png,2990,2993,P,,True,"male 26yrs
normal",0,False,0,False,False,
shenzhen,0196,CHNCXR_0196_0.png,normal,C:\Users\abdul\OneDrive\Desktop\Data Preprocessing\Shenzhen-Hospital-CXR-Set\CXR_png\CHNCXR_0196_0.png,2988,2989,P,,True,"male 26yrs
normal",0,False,0,False,False,
shenzhen,0197,CHNCXR_0197_0.png,normal,C:\Users\abdul\OneDrive\Desktop\Data Preprocessing\Shenzhen-Hospital-CXR-Set\CXR_png\CHNCXR_0197_0.png,3000,2939,P,,True,"male 36yrs
normal",0,False,0,False,False,
shenzhen,0198,CHNCXR_0198_0.png,normal,C:\Users\abdul\OneDrive\Desktop\Data Preprocessing\Shenzhen-Hospital-CXR-Set\CXR_png\CHNCXR_0198_0.png,2990,2978,P,,True,"male 26yrs
normal",0,False,0,False,False,
shenzhen,0199,CHNCXR_0199_0.png,normal,C:\Users\abdul\OneDrive\Desktop\Data Preprocessing\Shenzhen-Hospital-CXR-Set\CXR_png\CHNCXR_0199_0.png,2136,2174,P,,True,"female 26yrs
normal",0,False,0,False,False,
shenzhen,0200,CHNCXR_0200_0.png,normal,C:\Users\abdul\OneDrive\Desktop\Data Preprocessing\Shenzhen-Hospital-CXR-Set\CXR_png\CHNCXR_0200_0.png,2989,2985,P,,True,"male 24yrs
normal",0,False,0,False,False,
shenzhen,0201,CHNCXR_0201_0.png,normal,C:\Users\abdul\OneDrive\Desktop\Data Preprocessing\Shenzhen-Hospital-CXR-Set\CXR_png\CHNCXR_0201_0.png,1571,1583,P,,True,"male 16month
normal",0,False,0,False,False,
shenzhen,0202,CHNCXR_0202_0.png,normal,C:\Users\abdul\OneDrive\Desktop\Data Preprocessing\Shenzhen-Hospital-CXR-Set\CXR_png\CHNCXR_0202_0.png,1130,948,P,,True,"female 64days
normal",0,False,0,False,False,
shenzhen,0203,CHNCXR_0203_0.png,normal,C:\Users\abdul\OneDrive\Desktop\Data Preprocessing\Shenzhen-Hospital-CXR-Set\CXR_png\CHNCXR_0203_0.png,2990,2993,P,,True,"male 25yrs
normal",0,False,0,False,False,
shenzhen,0204,CHNCXR_0204_0.png,normal,C:\Users\abdul\OneDrive\Desktop\Data Preprocessing\Shenzhen-Hospital-CXR-Set\CXR_png\CHNCXR_0204_0.png,2987,2990,P,,True,"male 24yrs
normal",0,False,0,False,False,
shenzhen,0205,CHNCXR_0205_0.png,normal,C:\Users\abdul\OneDrive\Desktop\Data Preprocessing\Shenzhen-Hospital-CXR-Set\CXR_png\CHNCXR_0205_0.png,1836,1811,P,,True,"male 1yr
normal",0,False,0,False,False,
shenzhen,0206,CHNCXR_0206_0.png,normal,C:\Users\abdul\OneDrive\Desktop\Data Preprocessing\Shenzhen-Hospital-CXR-Set\CXR_png\CHNCXR_0206_0.png,1893,1679,P,,True,"male 3yrs
normal",0,False,0,False,False,
shenzhen,0207,CHNCXR_0207_0.png,normal,C:\Users\abdul\OneDrive\Desktop\Data Preprocessing\Shenzhen-Hospital-CXR-Set\CXR_png\CHNCXR_0207_0.png,2990,2991,P,,True,"male 25yrs
normal",0,False,0,False,False,
shenzhen,0208,CHNCXR_0208_0.png,normal,C:\Users\abdul\OneDrive\Desktop\Data Preprocessing\Shenzhen-Hospital-CXR-Set\CXR_png\CHNCXR_0208_0.png,2622,2843,P,,True,"female 30yrs
normal",0,False,0,False,False,
shenzhen,0209,CHNCXR_0209_0.png,normal,C:\Users\abdul\OneDrive\Desktop\Data Preprocessing\Shenzhen-Hospital-CXR-Set\CXR_png\CHNCXR_0209_0.png,2991,2982,P,,True,"male 25yrs
normal",0,False,0,False,False,
shenzhen,0210,CHNCXR_0210_0.png,normal,C:\Users\abdul\OneDrive\Desktop\Data Preprocessing\Shenzhen-Hospital-CXR-Set\CXR_png\CHNCXR_0210_0.png,2988,2990,P,,True,"male 27yrs
normal",0,False,0,False,False,
shenzhen,0211,CHNCXR_0211_0.png,normal,C:\Users\abdul\OneDrive\Desktop\Data Preprocessing\Shenzhen-Hospital-CXR-Set\CXR_png\CHNCXR_0211_0.png,2986,2992,P,,True,"male 27yrs
normal",0,False,0,False,False,
shenzhen,0212,CHNCXR_0212_0.png,normal,C:\Users\abdul\OneDrive\Desktop\Data Preprocessing\Shenzhen-Hospital-CXR-Set\CXR_png\CHNCXR_0212_0.png,2792,2585,P,,True,"male 32yrs
normal",0,False,0,False,False,
shenzhen,0213,CHNCXR_0213_0.png,normal,C:\Users\abdul\OneDrive\Desktop\Data Preprocessing\Shenzhen-Hospital-CXR-Set\CXR_png\CHNCXR_0213_0.png,3000,2941,P,,True,"male 43yrs
normal",0,False,0,False,False,
shenzhen,0214,CHNCXR_0214_0.png,normal,C:\Users\abdul\OneDrive\Desktop\Data Preprocessing\Shenzhen-Hospital-CXR-Set\CXR_png\CHNCXR_0214_0.png,2627,2750,P,,True,"male 31yrs
normal",0,False,0,False,False,
shenzhen,0215,CHNCXR_0215_0.png,normal,C:\Users\abdul\OneDrive\Desktop\Data Preprocessing\Shenzhen-Hospital-CXR-Set\CXR_png\CHNCXR_0215_0.png,1954,1993,P,,True,"male 4yrs
normal",0,False,0,False,False,
shenzhen,0216,CHNCXR_0216_0.png,normal,C:\Users\abdul\OneDrive\Desktop\Data Preprocessing\Shenzhen-Hospital-CXR-Set\CXR_png\CHNCXR_0216_0.png,3000,3001,P,,True,"male 40yrs
normal",0,False,0,False,False,
shenzhen,0217,CHNCXR_0217_0.png,normal,C:\Users\abdul\OneDrive\Desktop\Data Preprocessing\Shenzhen-Hospital-CXR-Set\CXR_png\CHNCXR_0217_0.png,2763,2713,P,,True,"female 28yrs
normal",0,False,0,False,False,
shenzhen,0218,CHNCXR_0218_0.png,normal,C:\Users\abdul\OneDrive\Desktop\Data Preprocessing\Shenzhen-Hospital-CXR-Set\CXR_png\CHNCXR_0218_0.png,2989,2978,P,,True,"male 24yrs
normal",0,False,0,False,False,
shenzhen,0219,CHNCXR_0219_0.png,normal,C:\Users\abdul\OneDrive\Desktop\Data Preprocessing\Shenzhen-Hospital-CXR-Set\CXR_png\CHNCXR_0219_0.png,2992,2985,P,,True,"male 33yrs
normal",0,False,0,False,False,
shenzhen,0220,CHNCXR_0220_0.png,normal,C:\Users\abdul\OneDrive\Desktop\Data Preprocessing\Shenzhen-Hospital-CXR-Set\CXR_png\CHNCXR_0220_0.png,2554,2575,P,,True,"male 45yrs
normal",0,False,0,False,False,
shenzhen,0221,CHNCXR_0221_0.png,normal,C:\Users\abdul\OneDrive\Desktop\Data Preprocessing\Shenzhen-Hospital-CXR-Set\CXR_png\CHNCXR_0221_0.png,2464,2928,P,,True,"male 29yrs
normal",0,False,0,False,True,C:\Users\abdul\OneDrive\Desktop\Data Preprocessing\Shenzhen-Hospital-CXR-Set\mask\mask\CHNCXR_0221_0_mask.png
shenzhen,0222,CHNCXR_0222_0.png,normal,C:\Users\abdul\OneDrive\Desktop\Data Preprocessing\Shenzhen-Hospital-CXR-Set\CXR_png\CHNCXR_0222_0.png,2989,2998,P,,True,"male 25yrs
normal",0,False,0,False,True,C:\Users\abdul\OneDrive\Desktop\Data Preprocessing\Shenzhen-Hospital-CXR-Set\mask\mask\CHNCXR_0222_0_mask.png
shenzhen,0223,CHNCXR_0223_0.png,normal,C:\Users\abdul\OneDrive\Desktop\Data Preprocessing\Shenzhen-Hospital-CXR-Set\CXR_png\CHNCXR_0223_0.png,3000,2939,P,,True,"male 20yrs
normal",0,False,0,False,True,C:\Users\abdul\OneDrive\Desktop\Data Preprocessing\Shenzhen-Hospital-CXR-Set\mask\mask\CHNCXR_0223_0_mask.png
shenzhen,0224,CHNCXR_0224_0.png,normal,C:\Users\abdul\OneDrive\Desktop\Data Preprocessing\Shenzhen-Hospital-CXR-Set\CXR_png\CHNCXR_0224_0.png,2988,2978,P,,True,"male 25yrs
normal",0,False,0,False,True,C:\Users\abdul\OneDrive\Desktop\Data Preprocessing\Shenzhen-Hospital-CXR-Set\mask\mask\CHNCXR_0224_0_mask.png
shenzhen,0225,CHNCXR_0225_0.png,normal,C:\Users\abdul\OneDrive\Desktop\Data Preprocessing\Shenzhen-Hospital-CXR-Set\CXR_png\CHNCXR_0225_0.png,3000,2999,P,,True,"male 30yrs
normal",0,False,0,False,True,C:\Users\abdul\OneDrive\Desktop\Data Preprocessing\Shenzhen-Hospital-CXR-Set\mask\mask\CHNCXR_0225_0_mask.png
shenzhen,0226,CHNCXR_0226_0.png,normal,C:\Users\abdul\OneDrive\Desktop\Data Preprocessing\Shenzhen-Hospital-CXR-Set\CXR_png\CHNCXR_0226_0.png,2991,2992,P,,True,"male 25yrs
normal",0,False,0,False,True,C:\Users\abdul\OneDrive\Desktop\Data Preprocessing\Shenzhen-Hospital-CXR-Set\mask\mask\CHNCXR_0226_0_mask.png
shenzhen,0227,CHNCXR_0227_0.png,normal,C:\Users\abdul\OneDrive\Desktop\Data Preprocessing\Shenzhen-Hospital-CXR-Set\CXR_png\CHNCXR_0227_0.png,2991,2993,P,,True,"male 50yrs
normal",0,False,0,False,True,C:\Users\abdul\OneDrive\Desktop\Data Preprocessing\Shenzhen-Hospital-CXR-Set\mask\mask\CHNCXR_0227_0_mask.png
shenzhen,0228,CHNCXR_0228_0.png,normal,C:\Users\abdul\OneDrive\Desktop\Data Preprocessing\Shenzhen-Hospital-CXR-Set\CXR_png\CHNCXR_0228_0.png,1286,1252,P,,True,"male 1yr
normal",0,False,0,False,True,C:\Users\abdul\OneDrive\Desktop\Data Preprocessing\Shenzhen-Hospital-CXR-Set\mask\mask\CHNCXR_0228_0_mask.png
shenzhen,0229,CHNCXR_0229_0.png,normal,C:\Users\abdul\OneDrive\Desktop\Data Preprocessing\Shenzhen-Hospital-CXR-Set\CXR_png\CHNCXR_0229_0.png,2982,2992,P,,True,"female 40yrs
normal",0,False,0,False,True,C:\Users\abdul\OneDrive\Desktop\Data Preprocessing\Shenzhen-Hospital-CXR-Set\mask\mask\CHNCXR_0229_0_mask.png
shenzhen,0230,CHNCXR_0230_0.png,normal,C:\Users\abdul\OneDrive\Desktop\Data Preprocessing\Shenzhen-Hospital-CXR-Set\CXR_png\CHNCXR_0230_0.png,2993,2989,P,,True,"male 44yrs
normal",0,False,0,False,True,C:\Users\abdul\OneDrive\Desktop\Data Preprocessing\Shenzhen-Hospital-CXR-Set\mask\mask\CHNCXR_0230_0_mask.png
shenzhen,0231,CHNCXR_0231_0.png,normal,C:\Users\abdul\OneDrive\Desktop\Data Preprocessing\Shenzhen-Hospital-CXR-Set\CXR_png\CHNCXR_0231_0.png,2987,2994,P,,True,"male 33yrs
normal",0,False,0,False,True,C:\Users\abdul\OneDrive\Desktop\Data Preprocessing\Shenzhen-Hospital-CXR-Set\mask\mask\CHNCXR_0231_0_mask.png
shenzhen,0232,CHNCXR_0232_0.png,normal,C:\Users\abdul\OneDrive\Desktop\Data Preprocessing\Shenzhen-Hospital-CXR-Set\CXR_png\CHNCXR_0232_0.png,2988,2993,P,,True,"male 23yrs
normal",0,False,0,False,True,C:\Users\abdul\OneDrive\Desktop\Data Preprocessing\Shenzhen-Hospital-CXR-Set\mask\mask\CHNCXR_0232_0_mask.png
shenzhen,0233,CHNCXR_0233_0.png,normal,C:\Users\abdul\OneDrive\Desktop\Data Preprocessing\Shenzhen-Hospital-CXR-Set\CXR_png\CHNCXR_0233_0.png,3000,2939,P,,True,"male 41yrs
normal",0,False,0,False,True,C:\Users\abdul\OneDrive\Desktop\Data Preprocessing\Shenzhen-Hospital-CXR-Set\mask\mask\CHNCXR_0233_0_mask.png
shenzhen,0234,CHNCXR_0234_0.png,normal,C:\Users\abdul\OneDrive\Desktop\Data Preprocessing\Shenzhen-Hospital-CXR-Set\CXR_png\CHNCXR_0234_0.png,2992,2992,P,,True,"male 23yrs
normal",0,False,0,False,True,C:\Users\abdul\OneDrive\Desktop\Data Preprocessing\Shenzhen-Hospital-CXR-Set\mask\mask\CHNCXR_0234_0_mask.png
shenzhen,0235,CHNCXR_0235_0.png,normal,C:\Users\abdul\OneDrive\Desktop\Data Preprocessing\Shenzhen-Hospital-CXR-Set\CXR_png\CHNCXR_0235_0.png,2383,2488,P,,True,"female 31yrs
normal",0,False,0,False,True,C:\Users\abdul\OneDrive\Desktop\Data Preprocessing\Shenzhen-Hospital-CXR-Set\mask\mask\CHNCXR_0235_0_mask.png
shenzhen,0236,CHNCXR_0236_0.png,normal,C:\Users\abdul\OneDrive\Desktop\Data Preprocessing\Shenzhen-Hospital-CXR-Set\CXR_png\CHNCXR_0236_0.png,2759,2988,P,,True,"male 24yrs
normal",0,False,0,False,True,C:\Users\abdul\OneDrive\Desktop\Data Preprocessing\Shenzhen-Hospital-CXR-Set\mask\mask\CHNCXR_0236_0_mask.png
shenzhen,0237,CHNCXR_0237_0.png,normal,C:\Users\abdul\OneDrive\Desktop\Data Preprocessing\Shenzhen-Hospital-CXR-Set\CXR_png\CHNCXR_0237_0.png,3000,2937,P,,True,"male 34yrs
normal",0,False,0,False,True,C:\Users\abdul\OneDrive\Desktop\Data Preprocessing\Shenzhen-Hospital-CXR-Set\mask\mask\CHNCXR_0237_0_mask.png
shenzhen,0238,CHNCXR_0238_0.png,normal,C:\Users\abdul\OneDrive\Desktop\Data Preprocessing\Shenzhen-Hospital-CXR-Set\CXR_png\CHNCXR_0238_0.png,3000,2951,P,,True,"male 42yrs
normal",0,False,0,False,True,C:\Users\abdul\OneDrive\Desktop\Data Preprocessing\Shenzhen-Hospital-CXR-Set\mask\mask\CHNCXR_0238_0_mask.png
shenzhen,0239,CHNCXR_0239_0.png,normal,C:\Users\abdul\OneDrive\Desktop\Data Preprocessing\Shenzhen-Hospital-CXR-Set\CXR_png\CHNCXR_0239_0.png,2991,2995,P,,True,"male 30yrs
normal",0,False,0,False,True,C:\Users\abdul\OneDrive\Desktop\Data Preprocessing\Shenzhen-Hospital-CXR-Set\mask\mask\CHNCXR_0239_0_mask.png
shenzhen,0240,CHNCXR_0240_0.png,normal,C:\Users\abdul\OneDrive\Desktop\Data Preprocessing\Shenzhen-Hospital-CXR-Set\CXR_png\CHNCXR_0240_0.png,2988,2995,P,,True,"male 26yrs
normal",0,False,0,False,True,C:\Users\abdul\OneDrive\Desktop\Data Preprocessing\Shenzhen-Hospital-CXR-Set\mask\mask\CHNCXR_0240_0_mask.png
shenzhen,0241,CHNCXR_0241_0.png,normal,C:\Users\abdul\OneDrive\Desktop\Data Preprocessing\Shenzhen-Hospital-CXR-Set\CXR_png\CHNCXR_0241_0.png,2324,2344,P,,True,"female 34yrs
normal",0,False,0,False,True,C:\Users\abdul\OneDrive\Desktop\Data Preprocessing\Shenzhen-Hospital-CXR-Set\mask\mask\CHNCXR_0241_0_mask.png
shenzhen,0242,CHNCXR_0242_0.png,normal,C:\Users\abdul\OneDrive\Desktop\Data Preprocessing\Shenzhen-Hospital-CXR-Set\CXR_png\CHNCXR_0242_0.png,2461,2366,P,,True,"female 33yrs
normal",0,False,0,False,True,C:\Users\abdul\OneDrive\Desktop\Data Preprocessing\Shenzhen-Hospital-CXR-Set\mask\mask\CHNCXR_0242_0_mask.png
shenzhen,0243,CHNCXR_0243_0.png,normal,C:\Users\abdul\OneDrive\Desktop\Data Preprocessing\Shenzhen-Hospital-CXR-Set\CXR_png\CHNCXR_0243_0.png,3000,2939,P,,True,"male 27yrs
normal",0,False,0,False,True,C:\Users\abdul\OneDrive\Desktop\Data Preprocessing\Shenzhen-Hospital-CXR-Set\mask\mask\CHNCXR_0243_0_mask.png
shenzhen,0244,CHNCXR_0244_0.png,normal,C:\Users\abdul\OneDrive\Desktop\Data Preprocessing\Shenzhen-Hospital-CXR-Set\CXR_png\CHNCXR_0244_0.png,2282,2386,P,,True,"female 26yrs
normal",0,False,0,False,True,C:\Users\abdul\OneDrive\Desktop\Data Preprocessing\Shenzhen-Hospital-CXR-Set\mask\mask\CHNCXR_0244_0_mask.png
shenzhen,0245,CHNCXR_0245_0.png,normal,C:\Users\abdul\OneDrive\Desktop\Data Preprocessing\Shenzhen-Hospital-CXR-Set\CXR_png\CHNCXR_0245_0.png,2991,2993,P,,True,"male 23yrs
normal",0,False,0,False,True,C:\Users\abdul\OneDrive\Desktop\Data Preprocessing\Shenzhen-Hospital-CXR-Set\mask\mask\CHNCXR_0245_0_mask.png
shenzhen,0246,CHNCXR_0246_0.png,normal,C:\Users\abdul\OneDrive\Desktop\Data Preprocessing\Shenzhen-Hospital-CXR-Set\CXR_png\CHNCXR_0246_0.png,3000,2945,P,,True,"male 35yrs
normal",0,False,0,False,True,C:\Users\abdul\OneDrive\Desktop\Data Preprocessing\Shenzhen-Hospital-CXR-Set\mask\mask\CHNCXR_0246_0_mask.png
shenzhen,0247,CHNCXR_0247_0.png,normal,C:\Users\abdul\OneDrive\Desktop\Data Preprocessing\Shenzhen-Hospital-CXR-Set\CXR_png\CHNCXR_0247_0.png,3000,2939,P,,True,"female 39yrs
normal",0,False,0,False,True,C:\Users\abdul\OneDrive\Desktop\Data Preprocessing\Shenzhen-Hospital-CXR-Set\mask\mask\CHNCXR_0247_0_mask.png
shenzhen,0248,CHNCXR_0248_0.png,normal,C:\Users\abdul\OneDrive\Desktop\Data Preprocessing\Shenzhen-Hospital-CXR-Set\CXR_png\CHNCXR_0248_0.png,1285,1468,P,,True,"female 2yrs
normal",0,False,0,False,True,C:\Users\abdul\OneDrive\Desktop\Data Preprocessing\Shenzhen-Hospital-CXR-Set\mask\mask\CHNCXR_0248_0_mask.png
shenzhen,0249,CHNCXR_0249_0.png,normal,C:\Users\abdul\OneDrive\Desktop\Data Preprocessing\Shenzhen-Hospital-CXR-Set\CXR_png\CHNCXR_0249_0.png,2990,2982,P,,True,"male 31yrs
normal",0,False,0,False,True,C:\Users\abdul\OneDrive\Desktop\Data Preprocessing\Shenzhen-Hospital-CXR-Set\mask\mask\CHNCXR_0249_0_mask.png
shenzhen,0250,CHNCXR_0250_0.png,normal,C:\Users\abdul\OneDrive\Desktop\Data Preprocessing\Shenzhen-Hospital-CXR-Set\CXR_png\CHNCXR_0250_0.png,3000,2953,P,,True,"male 35yrs
normal",0,False,0,False,True,C:\Users\abdul\OneDrive\Desktop\Data Preprocessing\Shenzhen-Hospital-CXR-Set\mask\mask\CHNCXR_0250_0_mask.png
shenzhen,0251,CHNCXR_0251_0.png,normal,C:\Users\abdul\OneDrive\Desktop\Data Preprocessing\Shenzhen-Hospital-CXR-Set\CXR_png\CHNCXR_0251_0.png,2501,2537,P,,True,"male 52yrs
normal",0,False,0,False,True,C:\Users\abdul\OneDrive\Desktop\Data Preprocessing\Shenzhen-Hospital-CXR-Set\mask\mask\CHNCXR_0251_0_mask.png
shenzhen,0252,CHNCXR_0252_0.png,normal,C:\Users\abdul\OneDrive\Desktop\Data Preprocessing\Shenzhen-Hospital-CXR-Set\CXR_png\CHNCXR_0252_0.png,2990,3001,P,,True,"male 25yrs
normal",0,False,0,False,True,C:\Users\abdul\OneDrive\Desktop\Data Preprocessing\Shenzhen-Hospital-CXR-Set\mask\mask\CHNCXR_0252_0_mask.png
shenzhen,0253,CHNCXR_0253_0.png,normal,C:\Users\abdul\OneDrive\Desktop\Data Preprocessing\Shenzhen-Hospital-CXR-Set\CXR_png\CHNCXR_0253_0.png,3000,2939,P,,True,"male 85yrs
normal",0,False,0,False,True,C:\Users\abdul\OneDrive\Desktop\Data Preprocessing\Shenzhen-Hospital-CXR-Set\mask\mask\CHNCXR_0253_0_mask.png
shenzhen,0254,CHNCXR_0254_0.png,normal,C:\Users\abdul\OneDrive\Desktop\Data Preprocessing\Shenzhen-Hospital-CXR-Set\CXR_png\CHNCXR_0254_0.png,2975,2941,P,,True,"male 53yrs
normal",0,False,0,False,True,C:\Users\abdul\OneDrive\Desktop\Data Preprocessing\Shenzhen-Hospital-CXR-Set\mask\mask\CHNCXR_0254_0_mask.png
shenzhen,0255,CHNCXR_0255_0.png,normal,C:\Users\abdul\OneDrive\Desktop\Data Preprocessing\Shenzhen-Hospital-CXR-Set\CXR_png\CHNCXR_0255_0.png,2600,2930,P,,True,"male 33yrs
normal",0,False,0,False,True,C:\Users\abdul\OneDrive\Desktop\Data Preprocessing\Shenzhen-Hospital-CXR-Set\mask\mask\CHNCXR_0255_0_mask.png
shenzhen,0256,CHNCXR_0256_0.png,normal,C:\Users\abdul\OneDrive\Desktop\Data Preprocessing\Shenzhen-Hospital-CXR-Set\CXR_png\CHNCXR_0256_0.png,1615,1772,P,,True,"female 5yrs
normal",0,False,0,False,True,C:\Users\abdul\OneDrive\Desktop\Data Preprocessing\Shenzhen-Hospital-CXR-Set\mask\mask\CHNCXR_0256_0_mask.png
shenzhen,0257,CHNCXR_0257_0.png,normal,C:\Users\abdul\OneDrive\Desktop\Data Preprocessing\Shenzhen-Hospital-CXR-Set\CXR_png\CHNCXR_0257_0.png,2986,2992,P,,True,"male 42yrs
normal",0,False,0,False,True,C:\Users\abdul\OneDrive\Desktop\Data Preprocessing\Shenzhen-Hospital-CXR-Set\mask\mask\CHNCXR_0257_0_mask.png
shenzhen,0258,CHNCXR_0258_0.png,normal,C:\Users\abdul\OneDrive\Desktop\Data Preprocessing\Shenzhen-Hospital-CXR-Set\CXR_png\CHNCXR_0258_0.png,2997,2943,P,,True,"male 30yrs
normal",0,False,0,False,True,C:\Users\abdul\OneDrive\Desktop\Data Preprocessing\Shenzhen-Hospital-CXR-Set\mask\mask\CHNCXR_0258_0_mask.png
shenzhen,0259,CHNCXR_0259_0.png,normal,C:\Users\abdul\OneDrive\Desktop\Data Preprocessing\Shenzhen-Hospital-CXR-Set\CXR_png\CHNCXR_0259_0.png,1964,2202,P,,True,"male 7yrs
normal",0,False,0,False,True,C:\Users\abdul\OneDrive\Desktop\Data Preprocessing\Shenzhen-Hospital-CXR-Set\mask\mask\CHNCXR_0259_0_mask.png
shenzhen,0260,CHNCXR_0260_0.png,normal,C:\Users\abdul\OneDrive\Desktop\Data Preprocessing\Shenzhen-Hospital-CXR-Set\CXR_png\CHNCXR_0260_0.png,3000,2935,P,,True,"female 46yrs
normal",0,False,0,False,True,C:\Users\abdul\OneDrive\Desktop\Data Preprocessing\Shenzhen-Hospital-CXR-Set\mask\mask\CHNCXR_0260_0_mask.png
shenzhen,0261,CHNCXR_0261_0.png,normal,C:\Users\abdul\OneDrive\Desktop\Data Preprocessing\Shenzhen-Hospital-CXR-Set\CXR_png\CHNCXR_0261_0.png,3001,2956,P,,True,"female 25yrs
normal",0,False,0,False,True,C:\Users\abdul\OneDrive\Desktop\Data Preprocessing\Shenzhen-Hospital-CXR-Set\mask\mask\CHNCXR_0261_0_mask.png
shenzhen,0262,CHNCXR_0262_0.png,normal,C:\Users\abdul\OneDrive\Desktop\Data Preprocessing\Shenzhen-Hospital-CXR-Set\CXR_png\CHNCXR_0262_0.png,3000,2937,P,,True,"male 36yrs
normal",0,False,0,False,True,C:\Users\abdul\OneDrive\Desktop\Data Preprocessing\Shenzhen-Hospital-CXR-Set\mask\mask\CHNCXR_0262_0_mask.png
shenzhen,0263,CHNCXR_0263_0.png,normal,C:\Users\abdul\OneDrive\Desktop\Data Preprocessing\Shenzhen-Hospital-CXR-Set\CXR_png\CHNCXR_0263_0.png,3000,2941,P,,True,"female24yrs
normal",0,False,0,False,True,C:\Users\abdul\OneDrive\Desktop\Data Preprocessing\Shenzhen-Hospital-CXR-Set\mask\mask\CHNCXR_0263_0_mask.png
shenzhen,0264,CHNCXR_0264_0.png,normal,C:\Users\abdul\OneDrive\Desktop\Data Preprocessing\Shenzhen-Hospital-CXR-Set\CXR_png\CHNCXR_0264_0.png,2992,2994,P,,True,"female 27yrs
normal",0,False,0,False,True,C:\Users\abdul\OneDrive\Desktop\Data Preprocessing\Shenzhen-Hospital-CXR-Set\mask\mask\CHNCXR_0264_0_mask.png
shenzhen,0265,CHNCXR_0265_0.png,normal,C:\Users\abdul\OneDrive\Desktop\Data Preprocessing\Shenzhen-Hospital-CXR-Set\CXR_png\CHNCXR_0265_0.png,1936,2205,RGB,True,True,"female 6yrs
normal",0,False,0,False,True,C:\Users\abdul\OneDrive\Desktop\Data Preprocessing\Shenzhen-Hospital-CXR-Set\mask\mask\CHNCXR_0265_0_mask.png
shenzhen,0266,CHNCXR_0266_0.png,normal,C:\Users\abdul\OneDrive\Desktop\Data Preprocessing\Shenzhen-Hospital-CXR-Set\CXR_png\CHNCXR_0266_0.png,2991,2995,P,,True,"male 23yrs
normal",0,False,0,False,True,C:\Users\abdul\OneDrive\Desktop\Data Preprocessing\Shenzhen-Hospital-CXR-Set\mask\mask\CHNCXR_0266_0_mask.png
shenzhen,0267,CHNCXR_0267_0.png,normal,C:\Users\abdul\OneDrive\Desktop\Data Preprocessing\Shenzhen-Hospital-CXR-Set\CXR_png\CHNCXR_0267_0.png,2997,2921,P,,True,"female 53yrs
normal",0,False,0,False,True,C:\Users\abdul\OneDrive\Desktop\Data Preprocessing\Shenzhen-Hospital-CXR-Set\mask\mask\CHNCXR_0267_0_mask.png
shenzhen,0268,CHNCXR_0268_0.png,normal,C:\Users\abdul\OneDrive\Desktop\Data Preprocessing\Shenzhen-Hospital-CXR-Set\CXR_png\CHNCXR_0268_0.png,2588,2994,P,,True,"male 33yrs
normal",0,False,0,False,True,C:\Users\abdul\OneDrive\Desktop\Data Preprocessing\Shenzhen-Hospital-CXR-Set\mask\mask\CHNCXR_0268_0_mask.png
shenzhen,0269,CHNCXR_0269_0.png,normal,C:\Users\abdul\OneDrive\Desktop\Data Preprocessing\Shenzhen-Hospital-CXR-Set\CXR_png\CHNCXR_0269_0.png,2967,3001,P,,True,"male 31yrs
normal",0,False,0,False,True,C:\Users\abdul\OneDrive\Desktop\Data Preprocessing\Shenzhen-Hospital-CXR-Set\mask\mask\CHNCXR_0269_0_mask.png
shenzhen,0270,CHNCXR_0270_0.png,normal,C:\Users\abdul\OneDrive\Desktop\Data Preprocessing\Shenzhen-Hospital-CXR-Set\CXR_png\CHNCXR_0270_0.png,2991,2992,P,,True,"male 28yrs
normal",0,False,0,False,True,C:\Users\abdul\OneDrive\Desktop\Data Preprocessing\Shenzhen-Hospital-CXR-Set\mask\mask\CHNCXR_0270_0_mask.png
shenzhen,0271,CHNCXR_0271_0.png,normal,C:\Users\abdul\OneDrive\Desktop\Data Preprocessing\Shenzhen-Hospital-CXR-Set\CXR_png\CHNCXR_0271_0.png,2989,2995,P,,True,"male 26yrs
normal",0,False,0,False,True,C:\Users\abdul\OneDrive\Desktop\Data Preprocessing\Shenzhen-Hospital-CXR-Set\mask\mask\CHNCXR_0271_0_mask.png
shenzhen,0272,CHNCXR_0272_0.png,normal,C:\Users\abdul\OneDrive\Desktop\Data Preprocessing\Shenzhen-Hospital-CXR-Set\CXR_png\CHNCXR_0272_0.png,2272,2283,P,,True,"female 62yrs
normal",0,False,0,False,True,C:\Users\abdul\OneDrive\Desktop\Data Preprocessing\Shenzhen-Hospital-CXR-Set\mask\mask\CHNCXR_0272_0_mask.png
shenzhen,0273,CHNCXR_0273_0.png,normal,C:\Users\abdul\OneDrive\Desktop\Data Preprocessing\Shenzhen-Hospital-CXR-Set\CXR_png\CHNCXR_0273_0.png,2048,2374,P,,True,"male 8yrs
normal",0,False,0,False,True,C:\Users\abdul\OneDrive\Desktop\Data Preprocessing\Shenzhen-Hospital-CXR-Set\mask\mask\CHNCXR_0273_0_mask.png
shenzhen,0274,CHNCXR_0274_0.png,normal,C:\Users\abdul\OneDrive\Desktop\Data Preprocessing\Shenzhen-Hospital-CXR-Set\CXR_png\CHNCXR_0274_0.png,2423,2733,P,,True,"female 64yrs
normal",0,False,0,False,True,C:\Users\abdul\OneDrive\Desktop\Data Preprocessing\Shenzhen-Hospital-CXR-Set\mask\mask\CHNCXR_0274_0_mask.png
shenzhen,0275,CHNCXR_0275_0.png,normal,C:\Users\abdul\OneDrive\Desktop\Data Preprocessing\Shenzhen-Hospital-CXR-Set\CXR_png\CHNCXR_0275_0.png,2992,2994,P,,True,"male 32yrs
normal",0,False,0,False,True,C:\Users\abdul\OneDrive\Desktop\Data Preprocessing\Shenzhen-Hospital-CXR-Set\mask\mask\CHNCXR_0275_0_mask.png
shenzhen,0276,CHNCXR_0276_0.png,normal,C:\Users\abdul\OneDrive\Desktop\Data Preprocessing\Shenzhen-Hospital-CXR-Set\CXR_png\CHNCXR_0276_0.png,3001,2980,P,,True,"male 48yrs
normal",0,False,0,False,True,C:\Users\abdul\OneDrive\Desktop\Data Preprocessing\Shenzhen-Hospital-CXR-Set\mask\mask\CHNCXR_0276_0_mask.png
shenzhen,0277,CHNCXR_0277_0.png,normal,C:\Users\abdul\OneDrive\Desktop\Data Preprocessing\Shenzhen-Hospital-CXR-Set\CXR_png\CHNCXR_0277_0.png,2609,2979,P,,True,"male 47yrs
normal",0,False,0,False,True,C:\Users\abdul\OneDrive\Desktop\Data Preprocessing\Shenzhen-Hospital-CXR-Set\mask\mask\CHNCXR_0277_0_mask.png
shenzhen,0278,CHNCXR_0278_0.png,normal,C:\Users\abdul\OneDrive\Desktop\Data Preprocessing\Shenzhen-Hospital-CXR-Set\CXR_png\CHNCXR_0278_0.png,2316,2582,P,,True,"male 14yrs
normal",0,False,0,False,True,C:\Users\abdul\OneDrive\Desktop\Data Preprocessing\Shenzhen-Hospital-CXR-Set\mask\mask\CHNCXR_0278_0_mask.png
shenzhen,0279,CHNCXR_0279_0.png,normal,C:\Users\abdul\OneDrive\Desktop\Data Preprocessing\Shenzhen-Hospital-CXR-Set\CXR_png\CHNCXR_0279_0.png,2549,2710,P,,True,"male 35yrs
normal",0,False,0,False,True,C:\Users\abdul\OneDrive\Desktop\Data Preprocessing\Shenzhen-Hospital-CXR-Set\mask\mask\CHNCXR_0279_0_mask.png
shenzhen,0280,CHNCXR_0280_0.png,normal,C:\Users\abdul\OneDrive\Desktop\Data Preprocessing\Shenzhen-Hospital-CXR-Set\CXR_png\CHNCXR_0280_0.png,2793,2945,P,,True,"male 29yrs
normal",0,False,0,False,True,C:\Users\abdul\OneDrive\Desktop\Data Preprocessing\Shenzhen-Hospital-CXR-Set\mask\mask\CHNCXR_0280_0_mask.png
shenzhen,0281,CHNCXR_0281_0.png,normal,C:\Users\abdul\OneDrive\Desktop\Data Preprocessing\Shenzhen-Hospital-CXR-Set\CXR_png\CHNCXR_0281_0.png,3000,2945,P,,True,"male 28yrs
normal",0,False,0,False,True,C:\Users\abdul\OneDrive\Desktop\Data Preprocessing\Shenzhen-Hospital-CXR-Set\mask\mask\CHNCXR_0281_0_mask.png
shenzhen,0282,CHNCXR_0282_0.png,normal,C:\Users\abdul\OneDrive\Desktop\Data Preprocessing\Shenzhen-Hospital-CXR-Set\CXR_png\CHNCXR_0282_0.png,3000,2967,P,,True,"male 46yrs
normal",0,False,0,False,True,C:\Users\abdul\OneDrive\Desktop\Data Preprocessing\Shenzhen-Hospital-CXR-Set\mask\mask\CHNCXR_0282_0_mask.png
shenzhen,0283,CHNCXR_0283_0.png,normal,C:\Users\abdul\OneDrive\Desktop\Data Preprocessing\Shenzhen-Hospital-CXR-Set\CXR_png\CHNCXR_0283_0.png,3000,2993,P,,True,"male 25yrs
normal",0,False,0,False,True,C:\Users\abdul\OneDrive\Desktop\Data Preprocessing\Shenzhen-Hospital-CXR-Set\mask\mask\CHNCXR_0283_0_mask.png
shenzhen,0284,CHNCXR_0284_0.png,normal,C:\Users\abdul\OneDrive\Desktop\Data Preprocessing\Shenzhen-Hospital-CXR-Set\CXR_png\CHNCXR_0284_0.png,3000,2959,P,,True,"male 59yrs
normal",0,False,0,False,True,C:\Users\abdul\OneDrive\Desktop\Data Preprocessing\Shenzhen-Hospital-CXR-Set\mask\mask\CHNCXR_0284_0_mask.png
shenzhen,0285,CHNCXR_0285_0.png,normal,C:\Users\abdul\OneDrive\Desktop\Data Preprocessing\Shenzhen-Hospital-CXR-Set\CXR_png\CHNCXR_0285_0.png,3001,3001,P,,True,"male 35yrs
normal",0,False,0,False,True,C:\Users\abdul\OneDrive\Desktop\Data Preprocessing\Shenzhen-Hospital-CXR-Set\mask\mask\CHNCXR_0285_0_mask.png
shenzhen,0286,CHNCXR_0286_0.png,normal,C:\Users\abdul\OneDrive\Desktop\Data Preprocessing\Shenzhen-Hospital-CXR-Set\CXR_png\CHNCXR_0286_0.png,2989,2943,P,,True,"male 64yrs
normal",0,False,0,False,True,C:\Users\abdul\OneDrive\Desktop\Data Preprocessing\Shenzhen-Hospital-CXR-Set\mask\mask\CHNCXR_0286_0_mask.png
shenzhen,0287,CHNCXR_0287_0.png,normal,C:\Users\abdul\OneDrive\Desktop\Data Preprocessing\Shenzhen-Hospital-CXR-Set\CXR_png\CHNCXR_0287_0.png,2617,2838,P,,True,"female 35yrs
normal",0,False,0,False,True,C:\Users\abdul\OneDrive\Desktop\Data Preprocessing\Shenzhen-Hospital-CXR-Set\mask\mask\CHNCXR_0287_0_mask.png
shenzhen,0288,CHNCXR_0288_0.png,normal,C:\Users\abdul\OneDrive\Desktop\Data Preprocessing\Shenzhen-Hospital-CXR-Set\CXR_png\CHNCXR_0288_0.png,2324,2940,P,,True,"male 28yrs
normal",0,False,0,False,True,C:\Users\abdul\OneDrive\Desktop\Data Preprocessing\Shenzhen-Hospital-CXR-Set\mask\mask\CHNCXR_0288_0_mask.png
shenzhen,0289,CHNCXR_0289_0.png,normal,C:\Users\abdul\OneDrive\Desktop\Data Preprocessing\Shenzhen-Hospital-CXR-Set\CXR_png\CHNCXR_0289_0.png,3000,2945,P,,True,"female 21yrs
normal",0,False,0,False,True,C:\Users\abdul\OneDrive\Desktop\Data Preprocessing\Shenzhen-Hospital-CXR-Set\mask\mask\CHNCXR_0289_0_mask.png
shenzhen,0290,CHNCXR_0290_0.png,normal,C:\Users\abdul\OneDrive\Desktop\Data Preprocessing\Shenzhen-Hospital-CXR-Set\CXR_png\CHNCXR_0290_0.png,2987,2933,P,,True,"male 42yrs
normal",0,False,0,False,True,C:\Users\abdul\OneDrive\Desktop\Data Preprocessing\Shenzhen-Hospital-CXR-Set\mask\mask\CHNCXR_0290_0_mask.png
shenzhen,0291,CHNCXR_0291_0.png,normal,C:\Users\abdul\OneDrive\Desktop\Data Preprocessing\Shenzhen-Hospital-CXR-Set\CXR_png\CHNCXR_0291_0.png,2403,2449,P,,True,"female 37yrs
normal",0,False,0,False,True,C:\Users\abdul\OneDrive\Desktop\Data Preprocessing\Shenzhen-Hospital-CXR-Set\mask\mask\CHNCXR_0291_0_mask.png
shenzhen,0292,CHNCXR_0292_0.png,normal,C:\Users\abdul\OneDrive\Desktop\Data Preprocessing\Shenzhen-Hospital-CXR-Set\CXR_png\CHNCXR_0292_0.png,2987,2935,P,,True,"female 28yrs
normal",0,False,0,False,True,C:\Users\abdul\OneDrive\Desktop\Data Preprocessing\Shenzhen-Hospital-CXR-Set\mask\mask\CHNCXR_0292_0_mask.png
shenzhen,0293,CHNCXR_0293_0.png,normal,C:\Users\abdul\OneDrive\Desktop\Data Preprocessing\Shenzhen-Hospital-CXR-Set\CXR_png\CHNCXR_0293_0.png,3000,2949,P,,True,"male 36yrs
normal",0,False,0,False,True,C:\Users\abdul\OneDrive\Desktop\Data Preprocessing\Shenzhen-Hospital-CXR-Set\mask\mask\CHNCXR_0293_0_mask.png
shenzhen,0294,CHNCXR_0294_0.png,normal,C:\Users\abdul\OneDrive\Desktop\Data Preprocessing\Shenzhen-Hospital-CXR-Set\CXR_png\CHNCXR_0294_0.png,3000,2945,P,,True,"female 30yrs
normal",0,False,0,False,True,C:\Users\abdul\OneDrive\Desktop\Data Preprocessing\Shenzhen-Hospital-CXR-Set\mask\mask\CHNCXR_0294_0_mask.png
shenzhen,0295,CHNCXR_0295_0.png,normal,C:\Users\abdul\OneDrive\Desktop\Data Preprocessing\Shenzhen-Hospital-CXR-Set\CXR_png\CHNCXR_0295_0.png,2344,2482,P,,True,"female 52yrs
normal",0,False,0,False,True,C:\Users\abdul\OneDrive\Desktop\Data Preprocessing\Shenzhen-Hospital-CXR-Set\mask\mask\CHNCXR_0295_0_mask.png
shenzhen,0296,CHNCXR_0296_0.png,normal,C:\Users\abdul\OneDrive\Desktop\Data Preprocessing\Shenzhen-Hospital-CXR-Set\CXR_png\CHNCXR_0296_0.png,2430,2571,P,,True,"female 39yrs
normal",0,False,0,False,True,C:\Users\abdul\OneDrive\Desktop\Data Preprocessing\Shenzhen-Hospital-CXR-Set\mask\mask\CHNCXR_0296_0_mask.png
shenzhen,0297,CHNCXR_0297_0.png,normal,C:\Users\abdul\OneDrive\Desktop\Data Preprocessing\Shenzhen-Hospital-CXR-Set\CXR_png\CHNCXR_0297_0.png,1418,1551,P,,True,"male 1yr
normal",0,False,0,False,True,C:\Users\abdul\OneDrive\Desktop\Data Preprocessing\Shenzhen-Hospital-CXR-Set\mask\mask\CHNCXR_0297_0_mask.png
shenzhen,0298,CHNCXR_0298_0.png,normal,C:\Users\abdul\OneDrive\Desktop\Data Preprocessing\Shenzhen-Hospital-CXR-Set\CXR_png\CHNCXR_0298_0.png,3000,2947,P,,True,"male 37yrs
normal",0,False,0,False,True,C:\Users\abdul\OneDrive\Desktop\Data Preprocessing\Shenzhen-Hospital-CXR-Set\mask\mask\CHNCXR_0298_0_mask.png
shenzhen,0299,CHNCXR_0299_0.png,normal,C:\Users\abdul\OneDrive\Desktop\Data Preprocessing\Shenzhen-Hospital-CXR-Set\CXR_png\CHNCXR_0299_0.png,1767,2143,P,,True,"female 5yrs
normal",0,False,0,False,True,C:\Users\abdul\OneDrive\Desktop\Data Preprocessing\Shenzhen-Hospital-CXR-Set\mask\mask\CHNCXR_0299_0_mask.png
shenzhen,0300,CHNCXR_0300_0.png,normal,C:\Users\abdul\OneDrive\Desktop\Data Preprocessing\Shenzhen-Hospital-CXR-Set\CXR_png\CHNCXR_0300_0.png,3000,2951,P,,True,"male 36yrs
normal",0,False,0,False,True,C:\Users\abdul\OneDrive\Desktop\Data Preprocessing\Shenzhen-Hospital-CXR-Set\mask\mask\CHNCXR_0300_0_mask.png
shenzhen,0301,CHNCXR_0301_0.png,normal,C:\Users\abdul\OneDrive\Desktop\Data Preprocessing\Shenzhen-Hospital-CXR-Set\CXR_png\CHNCXR_0301_0.png,3000,2949,P,,True,"female 42yrs
normal",0,False,0,False,True,C:\Users\abdul\OneDrive\Desktop\Data Preprocessing\Shenzhen-Hospital-CXR-Set\mask\mask\CHNCXR_0301_0_mask.png
shenzhen,0302,CHNCXR_0302_0.png,normal,C:\Users\abdul\OneDrive\Desktop\Data Preprocessing\Shenzhen-Hospital-CXR-Set\CXR_png\CHNCXR_0302_0.png,2604,2968,P,,True,"female 28yrs
normal",0,False,0,False,True,C:\Users\abdul\OneDrive\Desktop\Data Preprocessing\Shenzhen-Hospital-CXR-Set\mask\mask\CHNCXR_0302_0_mask.png
shenzhen,0303,CHNCXR_0303_0.png,normal,C:\Users\abdul\OneDrive\Desktop\Data Preprocessing\Shenzhen-Hospital-CXR-Set\CXR_png\CHNCXR_0303_0.png,1872,1887,P,,True,"male 3yrs
normal",0,False,0,False,True,C:\Users\abdul\OneDrive\Desktop\Data Preprocessing\Shenzhen-Hospital-CXR-Set\mask\mask\CHNCXR_0303_0_mask.png
shenzhen,0304,CHNCXR_0304_0.png,normal,C:\Users\abdul\OneDrive\Desktop\Data Preprocessing\Shenzhen-Hospital-CXR-Set\CXR_png\CHNCXR_0304_0.png,3000,2945,P,,True,"male 19yrs
normal",0,False,0,False,True,C:\Users\abdul\OneDrive\Desktop\Data Preprocessing\Shenzhen-Hospital-CXR-Set\mask\mask\CHNCXR_0304_0_mask.png
shenzhen,0305,CHNCXR_0305_0.png,normal,C:\Users\abdul\OneDrive\Desktop\Data Preprocessing\Shenzhen-Hospital-CXR-Set\CXR_png\CHNCXR_0305_0.png,2689,3001,P,,True,"male 24yrs
normal",0,False,0,False,True,C:\Users\abdul\OneDrive\Desktop\Data Preprocessing\Shenzhen-Hospital-CXR-Set\mask\mask\CHNCXR_0305_0_mask.png
shenzhen,0306,CHNCXR_0306_0.png,normal,C:\Users\abdul\OneDrive\Desktop\Data Preprocessing\Shenzhen-Hospital-CXR-Set\CXR_png\CHNCXR_0306_0.png,3000,2931,P,,True,"male 17yrs
normal",0,False,0,False,True,C:\Users\abdul\OneDrive\Desktop\Data Preprocessing\Shenzhen-Hospital-CXR-Set\mask\mask\CHNCXR_0306_0_mask.png
shenzhen,0307,CHNCXR_0307_0.png,normal,C:\Users\abdul\OneDrive\Desktop\Data Preprocessing\Shenzhen-Hospital-CXR-Set\CXR_png\CHNCXR_0307_0.png,3000,2947,P,,True,"female 38yrs
normal",0,False,0,False,True,C:\Users\abdul\OneDrive\Desktop\Data Preprocessing\Shenzhen-Hospital-CXR-Set\mask\mask\CHNCXR_0307_0_mask.png
shenzhen,0308,CHNCXR_0308_0.png,normal,C:\Users\abdul\OneDrive\Desktop\Data Preprocessing\Shenzhen-Hospital-CXR-Set\CXR_png\CHNCXR_0308_0.png,2997,2943,P,,True,"male 32yrs
normal",0,False,0,False,True,C:\Users\abdul\OneDrive\Desktop\Data Preprocessing\Shenzhen-Hospital-CXR-Set\mask\mask\CHNCXR_0308_0_mask.png
shenzhen,0309,CHNCXR_0309_0.png,normal,C:\Users\abdul\OneDrive\Desktop\Data Preprocessing\Shenzhen-Hospital-CXR-Set\CXR_png\CHNCXR_0309_0.png,3000,2915,P,,True,"female 27yrs
normal",0,False,0,False,True,C:\Users\abdul\OneDrive\Desktop\Data Preprocessing\Shenzhen-Hospital-CXR-Set\mask\mask\CHNCXR_0309_0_mask.png
shenzhen,0310,CHNCXR_0310_0.png,normal,C:\Users\abdul\OneDrive\Desktop\Data Preprocessing\Shenzhen-Hospital-CXR-Set\CXR_png\CHNCXR_0310_0.png,2301,2278,P,,True,"female 36yrs
normal",0,False,0,False,True,C:\Users\abdul\OneDrive\Desktop\Data Preprocessing\Shenzhen-Hospital-CXR-Set\mask\mask\CHNCXR_0310_0_mask.png
shenzhen,0311,CHNCXR_0311_0.png,normal,C:\Users\abdul\OneDrive\Desktop\Data Preprocessing\Shenzhen-Hospital-CXR-Set\CXR_png\CHNCXR_0311_0.png,3000,2955,P,,True,"male 39yr
normal",0,False,0,False,True,C:\Users\abdul\OneDrive\Desktop\Data Preprocessing\Shenzhen-Hospital-CXR-Set\mask\mask\CHNCXR_0311_0_mask.png
shenzhen,0312,CHNCXR_0312_0.png,normal,C:\Users\abdul\OneDrive\Desktop\Data Preprocessing\Shenzhen-Hospital-CXR-Set\CXR_png\CHNCXR_0312_0.png,3000,2935,P,,True,"female 47yrs
normal",0,False,0,False,True,C:\Users\abdul\OneDrive\Desktop\Data Preprocessing\Shenzhen-Hospital-CXR-Set\mask\mask\CHNCXR_0312_0_mask.png
shenzhen,0313,CHNCXR_0313_0.png,normal,C:\Users\abdul\OneDrive\Desktop\Data Preprocessing\Shenzhen-Hospital-CXR-Set\CXR_png\CHNCXR_0313_0.png,1814,2034,P,,True,"male 6yrs
normal",0,False,0,False,True,C:\Users\abdul\OneDrive\Desktop\Data Preprocessing\Shenzhen-Hospital-CXR-Set\mask\mask\CHNCXR_0313_0_mask.png
shenzhen,0314,CHNCXR_0314_0.png,normal,C:\Users\abdul\OneDrive\Desktop\Data Preprocessing\Shenzhen-Hospital-CXR-Set\CXR_png\CHNCXR_0314_0.png,2689,2955,P,,True,"male 30yrs
normal",0,False,0,False,True,C:\Users\abdul\OneDrive\Desktop\Data Preprocessing\Shenzhen-Hospital-CXR-Set\mask\mask\CHNCXR_0314_0_mask.png
shenzhen,0315,CHNCXR_0315_0.png,normal,C:\Users\abdul\OneDrive\Desktop\Data Preprocessing\Shenzhen-Hospital-CXR-Set\CXR_png\CHNCXR_0315_0.png,3000,2985,P,,True,"male 30yrs
normal",0,False,0,False,True,C:\Users\abdul\OneDrive\Desktop\Data Preprocessing\Shenzhen-Hospital-CXR-Set\mask\mask\CHNCXR_0315_0_mask.png
shenzhen,0316,CHNCXR_0316_0.png,normal,C:\Users\abdul\OneDrive\Desktop\Data Preprocessing\Shenzhen-Hospital-CXR-Set\CXR_png\CHNCXR_0316_0.png,2377,2658,P,,True,"female 43yrs
normal",0,False,0,False,True,C:\Users\abdul\OneDrive\Desktop\Data Preprocessing\Shenzhen-Hospital-CXR-Set\mask\mask\CHNCXR_0316_0_mask.png
shenzhen,0317,CHNCXR_0317_0.png,normal,C:\Users\abdul\OneDrive\Desktop\Data Preprocessing\Shenzhen-Hospital-CXR-Set\CXR_png\CHNCXR_0317_0.png,3000,2937,P,,True,"male 30yrs
normal",0,False,0,False,True,C:\Users\abdul\OneDrive\Desktop\Data Preprocessing\Shenzhen-Hospital-CXR-Set\mask\mask\CHNCXR_0317_0_mask.png
shenzhen,0318,CHNCXR_0318_0.png,normal,C:\Users\abdul\OneDrive\Desktop\Data Preprocessing\Shenzhen-Hospital-CXR-Set\CXR_png\CHNCXR_0318_0.png,3000,2935,P,,True,"male 25yrs
normal",0,False,0,False,True,C:\Users\abdul\OneDrive\Desktop\Data Preprocessing\Shenzhen-Hospital-CXR-Set\mask\mask\CHNCXR_0318_0_mask.png
shenzhen,0319,CHNCXR_0319_0.png,normal,C:\Users\abdul\OneDrive\Desktop\Data Preprocessing\Shenzhen-Hospital-CXR-Set\CXR_png\CHNCXR_0319_0.png,3000,2949,P,,True,"female 50yrs
normal",0,False,0,False,True,C:\Users\abdul\OneDrive\Desktop\Data Preprocessing\Shenzhen-Hospital-CXR-Set\mask\mask\CHNCXR_0319_0_mask.png
shenzhen,0320,CHNCXR_0320_0.png,normal,C:\Users\abdul\OneDrive\Desktop\Data Preprocessing\Shenzhen-Hospital-CXR-Set\CXR_png\CHNCXR_0320_0.png,3000,2937,P,,True,"male 38yrs
normal",0,False,0,False,True,C:\Users\abdul\OneDrive\Desktop\Data Preprocessing\Shenzhen-Hospital-CXR-Set\mask\mask\CHNCXR_0320_0_mask.png
shenzhen,0321,CHNCXR_0321_0.png,normal,C:\Users\abdul\OneDrive\Desktop\Data Preprocessing\Shenzhen-Hospital-CXR-Set\CXR_png\CHNCXR_0321_0.png,3000,2953,P,,True,"male 30yrs
normal",0,False,0,False,True,C:\Users\abdul\OneDrive\Desktop\Data Preprocessing\Shenzhen-Hospital-CXR-Set\mask\mask\CHNCXR_0321_0_mask.png
shenzhen,0322,CHNCXR_0322_0.png,normal,C:\Users\abdul\OneDrive\Desktop\Data Preprocessing\Shenzhen-Hospital-CXR-Set\CXR_png\CHNCXR_0322_0.png,3000,2949,P,,True,"male 38yrs
normal",0,False,0,False,True,C:\Users\abdul\OneDrive\Desktop\Data Preprocessing\Shenzhen-Hospital-CXR-Set\mask\mask\CHNCXR_0322_0_mask.png
shenzhen,0323,CHNCXR_0323_0.png,normal,C:\Users\abdul\OneDrive\Desktop\Data Preprocessing\Shenzhen-Hospital-CXR-Set\CXR_png\CHNCXR_0323_0.png,3000,2951,P,,True,"male 28yrs
normal",0,False,0,False,True,C:\Users\abdul\OneDrive\Desktop\Data Preprocessing\Shenzhen-Hospital-CXR-Set\mask\mask\CHNCXR_0323_0_mask.png
shenzhen,0324,CHNCXR_0324_0.png,normal,C:\Users\abdul\OneDrive\Desktop\Data Preprocessing\Shenzhen-Hospital-CXR-Set\CXR_png\CHNCXR_0324_0.png,3000,2945,P,,True,"male 32 yrs
normal",0,False,0,False,True,C:\Users\abdul\OneDrive\Desktop\Data Preprocessing\Shenzhen-Hospital-CXR-Set\mask\mask\CHNCXR_0324_0_mask.png
shenzhen,0325,CHNCXR_0325_0.png,normal,C:\Users\abdul\OneDrive\Desktop\Data Preprocessing\Shenzhen-Hospital-CXR-Set\CXR_png\CHNCXR_0325_0.png,3000,2943,P,,True,"male 39yrs
normal",0,False,0,False,True,C:\Users\abdul\OneDrive\Desktop\Data Preprocessing\Shenzhen-Hospital-CXR-Set\mask\mask\CHNCXR_0325_0_mask.png
shenzhen,0326,CHNCXR_0326_0.png,normal,C:\Users\abdul\OneDrive\Desktop\Data Preprocessing\Shenzhen-Hospital-CXR-Set\CXR_png\CHNCXR_0326_0.png,3000,2939,P,,True,"male 38yrs
 normal",0,False,0,False,True,C:\Users\abdul\OneDrive\Desktop\Data Preprocessing\Shenzhen-Hospital-CXR-Set\mask\mask\CHNCXR_0326_0_mask.png
shenzhen,0327,CHNCXR_0327_1.png,TB,C:\Users\abdul\OneDrive\Desktop\Data Preprocessing\Shenzhen-Hospital-CXR-Set\CXR_png\CHNCXR_0327_1.png,2566,2566,P,,True,"male 28yrs
STB",2,True,1,True,True,C:\Users\abdul\OneDrive\Desktop\Data Preprocessing\Shenzhen-Hospital-CXR-Set\mask\mask\CHNCXR_0327_1_mask.png
shenzhen,0328,CHNCXR_0328_1.png,TB,C:\Users\abdul\OneDrive\Desktop\Data Preprocessing\Shenzhen-Hospital-CXR-Set\CXR_png\CHNCXR_0328_1.png,2985,2939,P,,True,"female 40yrs
STB
NATB",1,True,2,True,True,C:\Users\abdul\OneDrive\Desktop\Data Preprocessing\Shenzhen-Hospital-CXR-Set\mask\mask\CHNCXR_0328_1_mask.png
shenzhen,0329,CHNCXR_0329_1.png,TB,C:\Users\abdul\OneDrive\Desktop\Data Preprocessing\Shenzhen-Hospital-CXR-Set\CXR_png\CHNCXR_0329_1.png,2383,2303,P,,True,"female 40yrs
TB",2,True,1,True,True,C:\Users\abdul\OneDrive\Desktop\Data Preprocessing\Shenzhen-Hospital-CXR-Set\mask\mask\CHNCXR_0329_1_mask.png
shenzhen,0330,CHNCXR_0330_1.png,TB,C:\Users\abdul\OneDrive\Desktop\Data Preprocessing\Shenzhen-Hospital-CXR-Set\CXR_png\CHNCXR_0330_1.png,2632,2787,P,,True,"male 32yrs
STB
ATB
tuberculosis pleuritis",6,True,12,True,True,C:\Users\abdul\OneDrive\Desktop\Data Preprocessing\Shenzhen-Hospital-CXR-Set\mask\mask\CHNCXR_0330_1_mask.png
shenzhen,0331,CHNCXR_0331_1.png,TB,C:\Users\abdul\OneDrive\Desktop\Data Preprocessing\Shenzhen-Hospital-CXR-Set\CXR_png\CHNCXR_0331_1.png,2282,2261,P,,True,"female 36yrs
STB
NATB
Tuberculosis pleuritis",3,True,1,True,True,C:\Users\abdul\OneDrive\Desktop\Data Preprocessing\Shenzhen-Hospital-CXR-Set\mask\mask\CHNCXR_0331_1_mask.png
shenzhen,0332,CHNCXR_0332_1.png,TB,C:\Users\abdul\OneDrive\Desktop\Data Preprocessing\Shenzhen-Hospital-CXR-Set\CXR_png\CHNCXR_0332_1.png,2749,2639,P,,True,"male 58yrs
STB",1,True,3,True,True,C:\Users\abdul\OneDrive\Desktop\Data Preprocessing\Shenzhen-Hospital-CXR-Set\mask\mask\CHNCXR_0332_1_mask.png
shenzhen,0333,CHNCXR_0333_1.png,TB,C:\Users\abdul\OneDrive\Desktop\Data Preprocessing\Shenzhen-Hospital-CXR-Set\CXR_png\CHNCXR_0333_1.png,2613,2595,P,,True,"male 32yrs
STB",2,True,6,True,True,C:\Users\abdul\OneDrive\Desktop\Data Preprocessing\Shenzhen-Hospital-CXR-Set\mask\mask\CHNCXR_0333_1_mask.png
shenzhen,0334,CHNCXR_0334_1.png,TB,C:\Users\abdul\OneDrive\Desktop\Data Preprocessing\Shenzhen-Hospital-CXR-Set\CXR_png\CHNCXR_0334_1.png,3000,2925,P,,True,"male 44yrs
STB
NATB",1,True,1,True,True,C:\Users\abdul\OneDrive\Desktop\Data Preprocessing\Shenzhen-Hospital-CXR-Set\mask\mask\CHNCXR_0334_1_mask.png
shenzhen,0335,CHNCXR_0335_1.png,TB,C:\Users\abdul\OneDrive\Desktop\Data Preprocessing\Shenzhen-Hospital-CXR-Set\CXR_png\CHNCXR_0335_1.png,2569,2424,P,,True,"male 37yrs
STB
NATB",2,True,1,True,True,C:\Users\abdul\OneDrive\Desktop\Data Preprocessing\Shenzhen-Hospital-CXR-Set\mask\mask\CHNCXR_0335_1_mask.png
shenzhen,0336,CHNCXR_0336_1.png,TB,C:\Users\abdul\OneDrive\Desktop\Data Preprocessing\Shenzhen-Hospital-CXR-Set\CXR_png\CHNCXR_0336_1.png,2472,2742,P,,True,"male 30yrs
STB",5,True,3,True,False,
shenzhen,0337,CHNCXR_0337_1.png,TB,C:\Users\abdul\OneDrive\Desktop\Data Preprocessing\Shenzhen-Hospital-CXR-Set\CXR_png\CHNCXR_0337_1.png,2464,2562,P,,True,"male 31yrs
STB",3,True,2,True,True,C:\Users\abdul\OneDrive\Desktop\Data Preprocessing\Shenzhen-Hospital-CXR-Set\mask\mask\CHNCXR_0337_1_mask.png
shenzhen,0338,CHNCXR_0338_1.png,TB,C:\Users\abdul\OneDrive\Desktop\Data Preprocessing\Shenzhen-Hospital-CXR-Set\CXR_png\CHNCXR_0338_1.png,2397,2924,P,,True,"male 49yrs
STB
ATB",3,True,4,True,True,C:\Users\abdul\OneDrive\Desktop\Data Preprocessing\Shenzhen-Hospital-CXR-Set\mask\mask\CHNCXR_0338_1_mask.png
shenzhen,0339,CHNCXR_0339_1.png,TB,C:\Users\abdul\OneDrive\Desktop\Data Preprocessing\Shenzhen-Hospital-CXR-Set\CXR_png\CHNCXR_0339_1.png,2573,2493,P,,True,"male 24yrs
STB
ATB",1,True,5,True,True,C:\Users\abdul\OneDrive\Desktop\Data Preprocessing\Shenzhen-Hospital-CXR-Set\mask\mask\CHNCXR_0339_1_mask.png
shenzhen,0340,CHNCXR_0340_1.png,TB,C:\Users\abdul\OneDrive\Desktop\Data Preprocessing\Shenzhen-Hospital-CXR-Set\CXR_png\CHNCXR_0340_1.png,2808,2810,P,,True,"male 34yrs
STB",2,True,5,True,True,C:\Users\abdul\OneDrive\Desktop\Data Preprocessing\Shenzhen-Hospital-CXR-Set\mask\mask\CHNCXR_0340_1_mask.png
shenzhen,0341,CHNCXR_0341_1.png,TB,C:\Users\abdul\OneDrive\Desktop\Data Preprocessing\Shenzhen-Hospital-CXR-Set\CXR_png\CHNCXR_0341_1.png,3000,2945,P,,True,"female 43yrs
STB",2,True,7,True,False,
shenzhen,0342,CHNCXR_0342_1.png,TB,C:\Users\abdul\OneDrive\Desktop\Data Preprocessing\Shenzhen-Hospital-CXR-Set\CXR_png\CHNCXR_0342_1.png,2746,2916,P,,True,"male 27yrs
STB
NATB",2,True,5,True,False,
shenzhen,0343,CHNCXR_0343_1.png,TB,C:\Users\abdul\OneDrive\Desktop\Data Preprocessing\Shenzhen-Hospital-CXR-Set\CXR_png\CHNCXR_0343_1.png,2800,2958,P,,True,"male 24yrs
STB
NATB",1,True,1,True,False,
shenzhen,0344,CHNCXR_0344_1.png,TB,C:\Users\abdul\OneDrive\Desktop\Data Preprocessing\Shenzhen-Hospital-CXR-Set\CXR_png\CHNCXR_0344_1.png,2499,2485,P,,True,"female 29yrs
STB
ATB",2,True,1,True,False,
shenzhen,0345,CHNCXR_0345_1.png,TB,C:\Users\abdul\OneDrive\Desktop\Data Preprocessing\Shenzhen-Hospital-CXR-Set\CXR_png\CHNCXR_0345_1.png,2495,2638,P,,True,"male 40yrs
STB",3,True,8,True,False,
shenzhen,0346,CHNCXR_0346_1.png,TB,C:\Users\abdul\OneDrive\Desktop\Data Preprocessing\Shenzhen-Hospital-CXR-Set\CXR_png\CHNCXR_0346_1.png,2128,2334,P,,True,"female 26yrs
STB
tuberculosis pleuritis",3,True,2,True,False,
shenzhen,0347,CHNCXR_0347_1.png,TB,C:\Users\abdul\OneDrive\Desktop\Data Preprocessing\Shenzhen-Hospital-CXR-Set\CXR_png\CHNCXR_0347_1.png,2678,2916,P,,True,"male 24yrs  	
PTB in the left lower field",2,True,2,True,False,
shenzhen,0348,CHNCXR_0348_1.png,TB,C:\Users\abdul\OneDrive\Desktop\Data Preprocessing\Shenzhen-Hospital-CXR-Set\CXR_png\CHNCXR_0348_1.png,2485,2787,P,,True,"female 32yrs  	
Bilateral secondary PTB , right pleural change after decortication",10,True,7,True,False,
shenzhen,0349,CHNCXR_0349_1.png,TB,C:\Users\abdul\OneDrive\Desktop\Data Preprocessing\Shenzhen-Hospital-CXR-Set\CXR_png\CHNCXR_0349_1.png,3000,2949,P,,True,"male 46yrs  	
bilateral PTB ?right pleurisy with pleural effusion",13,True,8,True,False,
shenzhen,0350,CHNCXR_0350_1.png,TB,C:\Users\abdul\OneDrive\Desktop\Data Preprocessing\Shenzhen-Hospital-CXR-Set\CXR_png\CHNCXR_0350_1.png,2776,2889,P,,True,"male 55yrs  	
PTB in the left upper field",4,True,3,True,False,
shenzhen,0351,CHNCXR_0351_1.png,TB,C:\Users\abdul\OneDrive\Desktop\Data Preprocessing\Shenzhen-Hospital-CXR-Set\CXR_png\CHNCXR_0351_1.png,3000,2951,P,,True,"male 39yrs  	
secondary PTB in the right upper field",3,True,3,True,False,
shenzhen,0352,CHNCXR_0352_1.png,TB,C:\Users\abdul\OneDrive\Desktop\Data Preprocessing\Shenzhen-Hospital-CXR-Set\CXR_png\CHNCXR_0352_1.png,2573,2921,P,,True,"male 17yrs  	
secondary PTB in the bilateral upper field",1,True,1,True,False,
shenzhen,0353,CHNCXR_0353_1.png,TB,C:\Users\abdul\OneDrive\Desktop\Data Preprocessing\Shenzhen-Hospital-CXR-Set\CXR_png\CHNCXR_0353_1.png,2307,2550,P,,True,"female 16yrs  	
PTB in the left upper field",2,True,1,True,False,
shenzhen,0354,CHNCXR_0354_1.png,TB,C:\Users\abdul\OneDrive\Desktop\Data Preprocessing\Shenzhen-Hospital-CXR-Set\CXR_png\CHNCXR_0354_1.png,2618,2931,P,,True,"male 27yrs  	
PTB in the right upper field",4,True,20,True,False,
shenzhen,0355,CHNCXR_0355_1.png,TB,C:\Users\abdul\OneDrive\Desktop\Data Preprocessing\Shenzhen-Hospital-CXR-Set\CXR_png\CHNCXR_0355_1.png,3001,2967,P,,True,"male 79yrs  	
bilateral PTB",4,True,7,True,False,
shenzhen,0356,CHNCXR_0356_1.png,TB,C:\Users\abdul\OneDrive\Desktop\Data Preprocessing\Shenzhen-Hospital-CXR-Set\CXR_png\CHNCXR_0356_1.png,2416,2700,P,,True,"female 78yrs  	
bilateral PTB",4,True,8,True,False,
shenzhen,0357,CHNCXR_0357_1.png,TB,C:\Users\abdul\OneDrive\Desktop\Data Preprocessing\Shenzhen-Hospital-CXR-Set\CXR_png\CHNCXR_0357_1.png,2849,2921,P,,True,"male 49yrs  	
PTB in the left upper field",2,True,13,True,False,
shenzhen,0358,CHNCXR_0358_1.png,TB,C:\Users\abdul\OneDrive\Desktop\Data Preprocessing\Shenzhen-Hospital-CXR-Set\CXR_png\CHNCXR_0358_1.png,2542,2939,P,,True,"female 39yrs  	
secondary PTB  in the right upper field",2,True,2,True,False,
shenzhen,0359,CHNCXR_0359_1.png,TB,C:\Users\abdul\OneDrive\Desktop\Data Preprocessing\Shenzhen-Hospital-CXR-Set\CXR_png\CHNCXR_0359_1.png,2552,2892,P,,True,"male 24yrs  	
bilateral PTB,right upper field atelectasis",9,True,41,True,False,
shenzhen,0360,CHNCXR_0360_1.png,TB,C:\Users\abdul\OneDrive\Desktop\Data Preprocessing\Shenzhen-Hospital-CXR-Set\CXR_png\CHNCXR_0360_1.png,2562,2783,P,,True,"female 23yrs  	
Bilateral secondary PTB",8,True,23,True,False,
shenzhen,0361,CHNCXR_0361_1.png,TB,C:\Users\abdul\OneDrive\Desktop\Data Preprocessing\Shenzhen-Hospital-CXR-Set\CXR_png\CHNCXR_0361_1.png,2646,2690,P,,True,"female 49yrs  	
Bilateral secondary PTB, left encapsulated intrathoracic fluid",6,True,5,True,True,C:\Users\abdul\OneDrive\Desktop\Data Preprocessing\Shenzhen-Hospital-CXR-Set\mask\mask\CHNCXR_0361_1_mask.png
shenzhen,0362,CHNCXR_0362_1.png,TB,C:\Users\abdul\OneDrive\Desktop\Data Preprocessing\Shenzhen-Hospital-CXR-Set\CXR_png\CHNCXR_0362_1.png,3001,2963,P,,True,"male 25yrs  	
PTB in the right lower field",1,True,1,True,True,C:\Users\abdul\OneDrive\Desktop\Data Preprocessing\Shenzhen-Hospital-CXR-Set\mask\mask\CHNCXR_0362_1_mask.png
shenzhen,0363,CHNCXR_0363_1.png,TB,C:\Users\abdul\OneDrive\Desktop\Data Preprocessing\Shenzhen-Hospital-CXR-Set\CXR_png\CHNCXR_0363_1.png,2460,2788,P,,True,"female 38yrs  	
secondary PTB  in the right upper field",2,True,7,True,True,C:\Users\abdul\OneDrive\Desktop\Data Preprocessing\Shenzhen-Hospital-CXR-Set\mask\mask\CHNCXR_0363_1_mask.png
shenzhen,0364,CHNCXR_0364_1.png,TB,C:\Users\abdul\OneDrive\Desktop\Data Preprocessing\Shenzhen-Hospital-CXR-Set\CXR_png\CHNCXR_0364_1.png,3000,2971,P,,True,"male 24yrs  	
Right PTB",2,True,2,True,True,C:\Users\abdul\OneDrive\Desktop\Data Preprocessing\Shenzhen-Hospital-CXR-Set\mask\mask\CHNCXR_0364_1_mask.png
shenzhen,0365,CHNCXR_0365_1.png,TB,C:\Users\abdul\OneDrive\Desktop\Data Preprocessing\Shenzhen-Hospital-CXR-Set\CXR_png\CHNCXR_0365_1.png,2458,2808,P,,True,"female 38yrs  	
Left PTB, left pleural thickening",1,True,3,True,True,C:\Users\abdul\OneDrive\Desktop\Data Preprocessing\Shenzhen-Hospital-CXR-Set\mask\mask\CHNCXR_0365_1_mask.png
shenzhen,0366,CHNCXR_0366_1.png,TB,C:\Users\abdul\OneDrive\Desktop\Data Preprocessing\Shenzhen-Hospital-CXR-Set\CXR_png\CHNCXR_0366_1.png,2804,2960,P,,True,"male 33yrs  	
PTB in the bilateral upper and middle field",5,True,2,True,True,C:\Users\abdul\OneDrive\Desktop\Data Preprocessing\Shenzhen-Hospital-CXR-Set\mask\mask\CHNCXR_0366_1_mask.png
shenzhen,0367,CHNCXR_0367_1.png,TB,C:\Users\abdul\OneDrive\Desktop\Data Preprocessing\Shenzhen-Hospital-CXR-Set\CXR_png\CHNCXR_0367_1.png,2485,2944,P,,True,"male 27yrs  	
Old PTB in the right upper field",3,True,9,True,True,C:\Users\abdul\OneDrive\Desktop\Data Preprocessing\Shenzhen-Hospital-CXR-Set\mask\mask\CHNCXR_0367_1_mask.png
shenzhen,0368,CHNCXR_0368_1.png,TB,C:\Users\abdul\OneDrive\Desktop\Data Preprocessing\Shenzhen-Hospital-CXR-Set\CXR_png\CHNCXR_0368_1.png,2039,2400,P,,True,"female 10yrs  	
left PTB,pleural thickening",2,True,4,True,True,C:\Users\abdul\OneDrive\Desktop\Data Preprocessing\Shenzhen-Hospital-CXR-Set\mask\mask\CHNCXR_0368_1_mask.png
shenzhen,0369,CHNCXR_0369_1.png,TB,C:\Users\abdul\OneDrive\Desktop\Data Preprocessing\Shenzhen-Hospital-CXR-Set\CXR_png\CHNCXR_0369_1.png,2814,2945,P,,True,"male 39yrs  	
bilateral PTB",4,True,18,True,True,C:\Users\abdul\OneDrive\Desktop\Data Preprocessing\Shenzhen-Hospital-CXR-Set\mask\mask\CHNCXR_0369_1_mask.png
shenzhen,0370,CHNCXR_0370_1.png,TB,C:\Users\abdul\OneDrive\Desktop\Data Preprocessing\Shenzhen-Hospital-CXR-Set\CXR_png\CHNCXR_0370_1.png,2996,2941,P,,True,"male 75yrs  	
bilateral PTB, with left pleural effusion",3,True,5,True,True,C:\Users\abdul\OneDrive\Desktop\Data Preprocessing\Shenzhen-Hospital-CXR-Set\mask\mask\CHNCXR_0370_1_mask.png
shenzhen,0371,CHNCXR_0371_1.png,TB,C:\Users\abdul\OneDrive\Desktop\Data Preprocessing\Shenzhen-Hospital-CXR-Set\CXR_png\CHNCXR_0371_1.png,3000,2945,P,,True,"male 40yrs  	
PTB  in the right upper field",1,True,20,True,True,C:\Users\abdul\OneDrive\Desktop\Data Preprocessing\Shenzhen-Hospital-CXR-Set\mask\mask\CHNCXR_0371_1_mask.png
shenzhen,0372,CHNCXR_0372_1.png,TB,C:\Users\abdul\OneDrive\Desktop\Data Preprocessing\Shenzhen-Hospital-CXR-Set\CXR_png\CHNCXR_0372_1.png,3000,2949,P,,True,"male 42yrs  	
Right PTB",2,True,0,False,True,C:\Users\abdul\OneDrive\Desktop\Data Preprocessing\Shenzhen-Hospital-CXR-Set\mask\mask\CHNCXR_0372_1_mask.png
shenzhen,0373,CHNCXR_0373_1.png,TB,C:\Users\abdul\OneDrive\Desktop\Data Preprocessing\Shenzhen-Hospital-CXR-Set\CXR_png\CHNCXR_0373_1.png,2638,2833,P,,True,"male 39yrs  	
PTB  in the right upper field",8,True,2,True,True,C:\Users\abdul\OneDrive\Desktop\Data Preprocessing\Shenzhen-Hospital-CXR-Set\mask\mask\CHNCXR_0373_1_mask.png
shenzhen,0374,CHNCXR_0374_1.png,TB,C:\Users\abdul\OneDrive\Desktop\Data Preprocessing\Shenzhen-Hospital-CXR-Set\CXR_png\CHNCXR_0374_1.png,3000,2927,P,,True,"male 19yrs  	
PTB  in the right upper field",5,True,10,True,True,C:\Users\abdul\OneDrive\Desktop\Data Preprocessing\Shenzhen-Hospital-CXR-Set\mask\mask\CHNCXR_0374_1_mask.png
shenzhen,0375,CHNCXR_0375_1.png,TB,C:\Users\abdul\OneDrive\Desktop\Data Preprocessing\Shenzhen-Hospital-CXR-Set\CXR_png\CHNCXR_0375_1.png,2990,2995,P,,True,"male 34yrs  	
left PTB",4,True,11,True,True,C:\Users\abdul\OneDrive\Desktop\Data Preprocessing\Shenzhen-Hospital-CXR-Set\mask\mask\CHNCXR_0375_1_mask.png
shenzhen,0376,CHNCXR_0376_1.png,TB,C:\Users\abdul\OneDrive\Desktop\Data Preprocessing\Shenzhen-Hospital-CXR-Set\CXR_png\CHNCXR_0376_1.png,2991,2958,P,,True,"male 56yrs  	
Right PTB",3,True,12,True,True,C:\Users\abdul\OneDrive\Desktop\Data Preprocessing\Shenzhen-Hospital-CXR-Set\mask\mask\CHNCXR_0376_1_mask.png
shenzhen,0377,CHNCXR_0377_1.png,TB,C:\Users\abdul\OneDrive\Desktop\Data Preprocessing\Shenzhen-Hospital-CXR-Set\CXR_png\CHNCXR_0377_1.png,2344,2730,P,,True,"male 25yrs  	
PTB in the bilateral upper field",7,True,81,True,True,C:\Users\abdul\OneDrive\Desktop\Data Preprocessing\Shenzhen-Hospital-CXR-Set\mask\mask\CHNCXR_0377_1_mask.png
shenzhen,0378,CHNCXR_0378_1.png,TB,C:\Users\abdul\OneDrive\Desktop\Data Preprocessing\Shenzhen-Hospital-CXR-Set\CXR_png\CHNCXR_0378_1.png,2983,2959,P,,True,"male 78yrs  	
Right PTB",14,True,8,True,True,C:\Users\abdul\OneDrive\Desktop\Data Preprocessing\Shenzhen-Hospital-CXR-Set\mask\mask\CHNCXR_0378_1_mask.png
shenzhen,0379,CHNCXR_0379_1.png,TB,C:\Users\abdul\OneDrive\Desktop\Data Preprocessing\Shenzhen-Hospital-CXR-Set\CXR_png\CHNCXR_0379_1.png,2377,2240,P,,True,"female 28yrs  	
PTB in the bilateral upper field",3,True,33,True,True,C:\Users\abdul\OneDrive\Desktop\Data Preprocessing\Shenzhen-Hospital-CXR-Set\mask\mask\CHNCXR_0379_1_mask.png
shenzhen,0380,CHNCXR_0380_1.png,TB,C:\Users\abdul\OneDrive\Desktop\Data Preprocessing\Shenzhen-Hospital-CXR-Set\CXR_png\CHNCXR_0380_1.png,2978,2977,P,,True,"female 55yrs  	
left PTB,left pleurisy",2,True,0,False,True,C:\Users\abdul\OneDrive\Desktop\Data Preprocessing\Shenzhen-Hospital-CXR-Set\mask\mask\CHNCXR_0380_1_mask.png
shenzhen,0381,CHNCXR_0381_1.png,TB,C:\Users\abdul\OneDrive\Desktop\Data Preprocessing\Shenzhen-Hospital-CXR-Set\CXR_png\CHNCXR_0381_1.png,3001,2958,P,,True,"male 40yrs  	
left PTB,left pleurisy",3,True,4,True,True,C:\Users\abdul\OneDrive\Desktop\Data Preprocessing\Shenzhen-Hospital-CXR-Set\mask\mask\CHNCXR_0381_1_mask.png
shenzhen,0382,CHNCXR_0382_1.png,TB,C:\Users\abdul\OneDrive\Desktop\Data Preprocessing\Shenzhen-Hospital-CXR-Set\CXR_png\CHNCXR_0382_1.png,2499,2897,P,,True,"male 33yrs  	
bilateral PTB",2,True,3,True,True,C:\Users\abdul\OneDrive\Desktop\Data Preprocessing\Shenzhen-Hospital-CXR-Set\mask\mask\CHNCXR_0382_1_mask.png
shenzhen,0383,CHNCXR_0383_1.png,TB,C:\Users\abdul\OneDrive\Desktop\Data Preprocessing\Shenzhen-Hospital-CXR-Set\CXR_png\CHNCXR_0383_1.png,2709,2639,P,,True,"male 58yrs  	
bilateral PTB",2,True,4,True,True,C:\Users\abdul\OneDrive\Desktop\Data Preprocessing\Shenzhen-Hospital-CXR-Set\mask\mask\CHNCXR_0383_1_mask.png
shenzhen,0384,CHNCXR_0384_1.png,TB,C:\Users\abdul\OneDrive\Desktop\Data Preprocessing\Shenzhen-Hospital-CXR-Set\CXR_png\CHNCXR_0384_1.png,2991,2935,P,,True,"female 29yrs  	
bilateral PTB",3,True,2,True,True,C:\Users\abdul\OneDrive\Desktop\Data Preprocessing\Shenzhen-Hospital-CXR-Set\mask\mask\CHNCXR_0384_1_mask.png
shenzhen,0385,CHNCXR_0385_1.png,TB,C:\Users\abdul\OneDrive\Desktop\Data Preprocessing\Shenzhen-Hospital-CXR-Set\CXR_png\CHNCXR_0385_1.png,2804,2947,P,,True,"male 60yrs  	
Right PTB",3,True,2,True,True,C:\Users\abdul\OneDrive\Desktop\Data Preprocessing\Shenzhen-Hospital-CXR-Set\mask\mask\CHNCXR_0385_1_mask.png
shenzhen,0386,CHNCXR_0386_1.png,TB,C:\Users\abdul\OneDrive\Desktop\Data Preprocessing\Shenzhen-Hospital-CXR-Set\CXR_png\CHNCXR_0386_1.png,3000,2947,P,,True,"female 47yrs  	
secondary PTB  in the bilateral upper field",7,True,8,True,True,C:\Users\abdul\OneDrive\Desktop\Data Preprocessing\Shenzhen-Hospital-CXR-Set\mask\mask\CHNCXR_0386_1_mask.png
shenzhen,0387,CHNCXR_0387_1.png,TB,C:\Users\abdul\OneDrive\Desktop\Data Preprocessing\Shenzhen-Hospital-CXR-Set\CXR_png\CHNCXR_0387_1.png,2516,2603,P,,True,"male 34yrs  	
Right PTB",4,True,2,True,True,C:\Users\abdul\OneDrive\Desktop\Data Preprocessing\Shenzhen-Hospital-CXR-Set\mask\mask\CHNCXR_0387_1_mask.png
shenzhen,0388,CHNCXR_0388_1.png,TB,C:\Users\abdul\OneDrive\Desktop\Data Preprocessing\Shenzhen-Hospital-CXR-Set\CXR_png\CHNCXR_0388_1.png,2773,2925,P,,True,"male 18yrs  	
bilateral PTB",7,True,2,True,True,C:\Users\abdul\OneDrive\Desktop\Data Preprocessing\Shenzhen-Hospital-CXR-Set\mask\mask\CHNCXR_0388_1_mask.png
shenzhen,0389,CHNCXR_0389_1.png,TB,C:\Users\abdul\OneDrive\Desktop\Data Preprocessing\Shenzhen-Hospital-CXR-Set\CXR_png\CHNCXR_0389_1.png,2763,3001,P,,True,"male 63yrs  	
Right pneumothorax, Right upper PTB, bilateral widespread infection",3,True,4,True,True,C:\Users\abdul\OneDrive\Desktop\Data Preprocessing\Shenzhen-Hospital-CXR-Set\mask\mask\CHNCXR_0389_1_mask.png
shenzhen,0390,CHNCXR_0390_1.png,TB,C:\Users\abdul\OneDrive\Desktop\Data Preprocessing\Shenzhen-Hospital-CXR-Set\CXR_png\CHNCXR_0390_1.png,2824,2951,P,,True,"male 25yrs  	
Right PTB",2,True,7,True,True,C:\Users\abdul\OneDrive\Desktop\Data Preprocessing\Shenzhen-Hospital-CXR-Set\mask\mask\CHNCXR_0390_1_mask.png
shenzhen,0391,CHNCXR_0391_1.png,TB,C:\Users\abdul\OneDrive\Desktop\Data Preprocessing\Shenzhen-Hospital-CXR-Set\CXR_png\CHNCXR_0391_1.png,2227,2611,P,,True,"female 67yrs  	
right upper pneumonia",1,True,8,True,True,C:\Users\abdul\OneDrive\Desktop\Data Preprocessing\Shenzhen-Hospital-CXR-Set\mask\mask\CHNCXR_0391_1_mask.png
shenzhen,0392,CHNCXR_0392_1.png,TB,C:\Users\abdul\OneDrive\Desktop\Data Preprocessing\Shenzhen-Hospital-CXR-Set\CXR_png\CHNCXR_0392_1.png,2572,2722,P,,True,"male 28yrs  	
Right PTB",5,True,1,True,True,C:\Users\abdul\OneDrive\Desktop\Data Preprocessing\Shenzhen-Hospital-CXR-Set\mask\mask\CHNCXR_0392_1_mask.png
shenzhen,0393,CHNCXR_0393_1.png,TB,C:\Users\abdul\OneDrive\Desktop\Data Preprocessing\Shenzhen-Hospital-CXR-Set\CXR_png\CHNCXR_0393_1.png,2479,2417,P,,True,"female 24yrs  	
right upper PTB, pleural adhesions in  left lower field",1,True,1,True,True,C:\Users\abdul\OneDrive\Desktop\Data Preprocessing\Shenzhen-Hospital-CXR-Set\mask\mask\CHNCXR_0393_1_mask.png
shenzhen,0394,CHNCXR_0394_1.png,TB,C:\Users\abdul\OneDrive\Desktop\Data Preprocessing\Shenzhen-Hospital-CXR-Set\CXR_png\CHNCXR_0394_1.png,2994,2955,P,,True,"male 45yrs  	
right upper PTB",2,True,2,True,True,C:\Users\abdul\OneDrive\Desktop\Data Preprocessing\Shenzhen-Hospital-CXR-Set\mask\mask\CHNCXR_0394_1_mask.png
shenzhen,0395,CHNCXR_0395_1.png,TB,C:\Users\abdul\OneDrive\Desktop\Data Preprocessing\Shenzhen-Hospital-CXR-Set\CXR_png\CHNCXR_0395_1.png,2715,2904,P,,True,"male 31yrs  	
bilateral PTB, right pleurisy",4,True,27,True,True,C:\Users\abdul\OneDrive\Desktop\Data Preprocessing\Shenzhen-Hospital-CXR-Set\mask\mask\CHNCXR_0395_1_mask.png
shenzhen,0396,CHNCXR_0396_1.png,TB,C:\Users\abdul\OneDrive\Desktop\Data Preprocessing\Shenzhen-Hospital-CXR-Set\CXR_png\CHNCXR_0396_1.png,2624,2900,P,,True,"male 35yrs  	
right upper PTB",2,True,2,True,True,C:\Users\abdul\OneDrive\Desktop\Data Preprocessing\Shenzhen-Hospital-CXR-Set\mask\mask\CHNCXR_0396_1_mask.png
shenzhen,0397,CHNCXR_0397_1.png,TB,C:\Users\abdul\OneDrive\Desktop\Data Preprocessing\Shenzhen-Hospital-CXR-Set\CXR_png\CHNCXR_0397_1.png,2537,2788,P,,True,"female 32yrs  	
PTB in the right upper field",1,True,9,True,True,C:\Users\abdul\OneDrive\Desktop\Data Preprocessing\Shenzhen-Hospital-CXR-Set\mask\mask\CHNCXR_0397_1_mask.png
shenzhen,0398,CHNCXR_0398_1.png,TB,C:\Users\abdul\OneDrive\Desktop\Data Preprocessing\Shenzhen-Hospital-CXR-Set\CXR_png\CHNCXR_0398_1.png,2344,2854,P,,True,"female 33yrs  	
PTB in the right upper field",2,True,2,True,True,C:\Users\abdul\OneDrive\Desktop\Data Preprocessing\Shenzhen-Hospital-CXR-Set\mask\mask\CHNCXR_0398_1_mask.png
shenzhen,0399,CHNCXR_0399_1.png,TB,C:\Users\abdul\OneDrive\Desktop\Data Preprocessing\Shenzhen-Hospital-CXR-Set\CXR_png\CHNCXR_0399_1.png,2704,2948,P,,True,"male 81yrs  	
PTB in the bilateral upper field",4,True,6,True,True,C:\Users\abdul\OneDrive\Desktop\Data Preprocessing\Shenzhen-Hospital-CXR-Set\mask\mask\CHNCXR_0399_1_mask.png
shenzhen,0400,CHNCXR_0400_1.png,TB,C:\Users\abdul\OneDrive\Desktop\Data Preprocessing\Shenzhen-Hospital-CXR-Set\CXR_png\CHNCXR_0400_1.png,2710,2750,P,,True,"female 28yrs  	
right upper PTB with fibrous changes",4,True,9,True,True,C:\Users\abdul\OneDrive\Desktop\Data Preprocessing\Shenzhen-Hospital-CXR-Set\mask\mask\CHNCXR_0400_1_mask.png
shenzhen,0401,CHNCXR_0401_1.png,TB,C:\Users\abdul\OneDrive\Desktop\Data Preprocessing\Shenzhen-Hospital-CXR-Set\CXR_png\CHNCXR_0401_1.png,2370,2843,P,,True,"female 60yrs  	
bilateral PTB",12,True,10,True,True,C:\Users\abdul\OneDrive\Desktop\Data Preprocessing\Shenzhen-Hospital-CXR-Set\mask\mask\CHNCXR_0401_1_mask.png
shenzhen,0402,CHNCXR_0402_1.png,TB,C:\Users\abdul\OneDrive\Desktop\Data Preprocessing\Shenzhen-Hospital-CXR-Set\CXR_png\CHNCXR_0402_1.png,2610,2948,P,,True,"male 25yrs  	
Right PTB with fibrous changes",10,True,4,True,True,C:\Users\abdul\OneDrive\Desktop\Data Preprocessing\Shenzhen-Hospital-CXR-Set\mask\mask\CHNCXR_0402_1_mask.png
shenzhen,0403,CHNCXR_0403_1.png,TB,C:\Users\abdul\OneDrive\Desktop\Data Preprocessing\Shenzhen-Hospital-CXR-Set\CXR_png\CHNCXR_0403_1.png,2792,2959,P,,True,"male 32yrs  	
bilateral PTB,  right upper lobe atelectasis",6,True,18,True,True,C:\Users\abdul\OneDrive\Desktop\Data Preprocessing\Shenzhen-Hospital-CXR-Set\mask\mask\CHNCXR_0403_1_mask.png
shenzhen,0404,CHNCXR_0404_1.png,TB,C:\Users\abdul\OneDrive\Desktop\Data Preprocessing\Shenzhen-Hospital-CXR-Set\CXR_png\CHNCXR_0404_1.png,2460,2926,P,,True,"male 19yrs  	
PTB in the bilateral upper field",3,True,3,True,True,C:\Users\abdul\OneDrive\Desktop\Data Preprocessing\Shenzhen-Hospital-CXR-Set\mask\mask\CHNCXR_0404_1_mask.png
shenzhen,0405,CHNCXR_0405_1.png,TB,C:\Users\abdul\OneDrive\Desktop\Data Preprocessing\Shenzhen-Hospital-CXR-Set\CXR_png\CHNCXR_0405_1.png,2801,2914,P,,True,"male 44yrs  	
PTB in the left upper field",5,True,3,True,True,C:\Users\abdul\OneDrive\Desktop\Data Preprocessing\Shenzhen-Hospital-CXR-Set\mask\mask\CHNCXR_0405_1_mask.png
shenzhen,0406,CHNCXR_0406_1.png,TB,C:\Users\abdul\OneDrive\Desktop\Data Preprocessing\Shenzhen-Hospital-CXR-Set\CXR_png\CHNCXR_0406_1.png,2384,2733,P,,True,"female 29yrs  	
bilateral PTB",5,True,20,True,True,C:\Users\abdul\OneDrive\Desktop\Data Preprocessing\Shenzhen-Hospital-CXR-Set\mask\mask\CHNCXR_0406_1_mask.png
shenzhen,0407,CHNCXR_0407_1.png,TB,C:\Users\abdul\OneDrive\Desktop\Data Preprocessing\Shenzhen-Hospital-CXR-Set\CXR_png\CHNCXR_0407_1.png,2983,2967,P,,True,"female 28yrs  	
PTB in the right upper field",1,True,10,True,True,C:\Users\abdul\OneDrive\Desktop\Data Preprocessing\Shenzhen-Hospital-CXR-Set\mask\mask\CHNCXR_0407_1_mask.png
shenzhen,0408,CHNCXR_0408_1.png,TB,C:\Users\abdul\OneDrive\Desktop\Data Preprocessing\Shenzhen-Hospital-CXR-Set\CXR_png\CHNCXR_0408_1.png,3001,2970,P,,True,"male 30yrs  	
bilateral PTB, with cavity formation in right upper field",9,True,4,True,True,C:\Users\abdul\OneDrive\Desktop\Data Preprocessing\Shenzhen-Hospital-CXR-Set\mask\mask\CHNCXR_0408_1_mask.png
shenzhen,0409,CHNCXR_0409_1.png,TB,C:\Users\abdul\OneDrive\Desktop\Data Preprocessing\Shenzhen-Hospital-CXR-Set\CXR_png\CHNCXR_0409_1.png,2758,2938,P,,True,"female 33yrs  	
PTB in the bilateral upper field",6,True,30,True,True,C:\Users\abdul\OneDrive\Desktop\Data Preprocessing\Shenzhen-Hospital-CXR-Set\mask\mask\CHNCXR_0409_1_mask.png
shenzhen,0410,CHNCXR_0410_1.png,TB,C:\Users\abdul\OneDrive\Desktop\Data Preprocessing\Shenzhen-Hospital-CXR-Set\CXR_png\CHNCXR_0410_1.png,2545,2691,P,,True,"female 18yrs  	
secondary PTB  in the bilateral upper fields",3,True,2,True,True,C:\Users\abdul\OneDrive\Desktop\Data Preprocessing\Shenzhen-Hospital-CXR-Set\mask\mask\CHNCXR_0410_1_mask.png
shenzhen,0411,CHNCXR_0411_1.png,TB,C:\Users\abdul\OneDrive\Desktop\Data Preprocessing\Shenzhen-Hospital-CXR-Set\CXR_png\CHNCXR_0411_1.png,2994,2944,P,,True,"male 38yrs  	
left secondary PTB",4,True,2,True,True,C:\Users\abdul\OneDrive\Desktop\Data Preprocessing\Shenzhen-Hospital-CXR-Set\mask\mask\CHNCXR_0411_1_mask.png
shenzhen,0412,CHNCXR_0412_1.png,TB,C:\Users\abdul\OneDrive\Desktop\Data Preprocessing\Shenzhen-Hospital-CXR-Set\CXR_png\CHNCXR_0412_1.png,2993,2943,P,,True,"female 39yrs  	
secondary PTB  in the right upper field",4,True,7,True,True,C:\Users\abdul\OneDrive\Desktop\Data Preprocessing\Shenzhen-Hospital-CXR-Set\mask\mask\CHNCXR_0412_1_mask.png
shenzhen,0413,CHNCXR_0413_1.png,TB,C:\Users\abdul\OneDrive\Desktop\Data Preprocessing\Shenzhen-Hospital-CXR-Set\CXR_png\CHNCXR_0413_1.png,2493,2990,RGB,True,True,"female 20yrs  	
PTB in the right upper field",2,True,16,True,True,C:\Users\abdul\OneDrive\Desktop\Data Preprocessing\Shenzhen-Hospital-CXR-Set\mask\mask\CHNCXR_0413_1_mask.png
shenzhen,0414,CHNCXR_0414_1.png,TB,C:\Users\abdul\OneDrive\Desktop\Data Preprocessing\Shenzhen-Hospital-CXR-Set\CXR_png\CHNCXR_0414_1.png,2544,2693,P,,True,"male 31yrs  	
Right PTB",5,True,2,True,True,C:\Users\abdul\OneDrive\Desktop\Data Preprocessing\Shenzhen-Hospital-CXR-Set\mask\mask\CHNCXR_0414_1_mask.png
shenzhen,0415,CHNCXR_0415_1.png,TB,C:\Users\abdul\OneDrive\Desktop\Data Preprocessing\Shenzhen-Hospital-CXR-Set\CXR_png\CHNCXR_0415_1.png,2517,2988,P,,True,"male 23yrs  	
PTB in the right upper field",6,True,8,True,True,C:\Users\abdul\OneDrive\Desktop\Data Preprocessing\Shenzhen-Hospital-CXR-Set\mask\mask\CHNCXR_0415_1_mask.png
shenzhen,0416,CHNCXR_0416_1.png,TB,C:\Users\abdul\OneDrive\Desktop\Data Preprocessing\Shenzhen-Hospital-CXR-Set\CXR_png\CHNCXR_0416_1.png,2523,2875,P,,True,"female 61yrs  	
PTB in the right upper field",2,True,10,True,True,C:\Users\abdul\OneDrive\Desktop\Data Preprocessing\Shenzhen-Hospital-CXR-Set\mask\mask\CHNCXR_0416_1_mask.png
shenzhen,0417,CHNCXR_0417_1.png,TB,C:\Users\abdul\OneDrive\Desktop\Data Preprocessing\Shenzhen-Hospital-CXR-Set\CXR_png\CHNCXR_0417_1.png,2747,2957,P,,True,"male 67yrs  	
PTB in the right upper field,COPD",3,True,56,True,True,C:\Users\abdul\OneDrive\Desktop\Data Preprocessing\Shenzhen-Hospital-CXR-Set\mask\mask\CHNCXR_0417_1_mask.png
shenzhen,0418,CHNCXR_0418_1.png,TB,C:\Users\abdul\OneDrive\Desktop\Data Preprocessing\Shenzhen-Hospital-CXR-Set\CXR_png\CHNCXR_0418_1.png,2720,2944,P,,True,"male 32yrs  	
PTB in the right upper field",1,True,3,True,True,C:\Users\abdul\OneDrive\Desktop\Data Preprocessing\Shenzhen-Hospital-CXR-Set\mask\mask\CHNCXR_0418_1_mask.png
shenzhen,0419,CHNCXR_0419_1.png,TB,C:\Users\abdul\OneDrive\Desktop\Data Preprocessing\Shenzhen-Hospital-CXR-Set\CXR_png\CHNCXR_0419_1.png,2477,2954,P,,True,"female 40yrs  	
secondary PTB  in the bilateral upper field",2,True,4,True,True,C:\Users\abdul\OneDrive\Desktop\Data Preprocessing\Shenzhen-Hospital-CXR-Set\mask\mask\CHNCXR_0419_1_mask.png
shenzhen,0420,CHNCXR_0420_1.png,TB,C:\Users\abdul\OneDrive\Desktop\Data Preprocessing\Shenzhen-Hospital-CXR-Set\CXR_png\CHNCXR_0420_1.png,2844,3000,P,,True,"male 27yrs  	
secondary PTB  in the left upper field",12,True,9,True,True,C:\Users\abdul\OneDrive\Desktop\Data Preprocessing\Shenzhen-Hospital-CXR-Set\mask\mask\CHNCXR_0420_1_mask.png
shenzhen,0421,CHNCXR_0421_1.png,TB,C:\Users\abdul\OneDrive\Desktop\Data Preprocessing\Shenzhen-Hospital-CXR-Set\CXR_png\CHNCXR_0421_1.png,3000,2995,P,,True,"male 49yrs   	
PTB in the right upper field",8,True,17,True,True,C:\Users\abdul\OneDrive\Desktop\Data Preprocessing\Shenzhen-Hospital-CXR-Set\mask\mask\CHNCXR_0421_1_mask.png
shenzhen,0422,CHNCXR_0422_1.png,TB,C:\Users\abdul\OneDrive\Desktop\Data Preprocessing\Shenzhen-Hospital-CXR-Set\CXR_png\CHNCXR_0422_1.png,3001,2953,P,,True,"male 28yrs  	
PTB in the bilateral upper field",3,True,6,True,True,C:\Users\abdul\OneDrive\Desktop\Data Preprocessing\Shenzhen-Hospital-CXR-Set\mask\mask\CHNCXR_0422_1_mask.png
shenzhen,0423,CHNCXR_0423_1.png,TB,C:\Users\abdul\OneDrive\Desktop\Data Preprocessing\Shenzhen-Hospital-CXR-Set\CXR_png\CHNCXR_0423_1.png,2993,2951,P,,True,"male 50yrs  	
Bilateral secondary PTB",10,True,4,True,True,C:\Users\abdul\OneDrive\Desktop\Data Preprocessing\Shenzhen-Hospital-CXR-Set\mask\mask\CHNCXR_0423_1_mask.png
shenzhen,0424,CHNCXR_0424_1.png,TB,C:\Users\abdul\OneDrive\Desktop\Data Preprocessing\Shenzhen-Hospital-CXR-Set\CXR_png\CHNCXR_0424_1.png,2980,2944,P,,True,"female 35yrs  	
right secondary PTB, right pleurisy with  pleural effusion",5,True,6,True,True,C:\Users\abdul\OneDrive\Desktop\Data Preprocessing\Shenzhen-Hospital-CXR-Set\mask\mask\CHNCXR_0424_1_mask.png
shenzhen,0425,CHNCXR_0425_1.png,TB,C:\Users\abdul\OneDrive\Desktop\Data Preprocessing\Shenzhen-Hospital-CXR-Set\CXR_png\CHNCXR_0425_1.png,2994,2946,P,,True,"male 43yrs  	
Bilateral secondary PTB",8,True,2,True,True,C:\Users\abdul\OneDrive\Desktop\Data Preprocessing\Shenzhen-Hospital-CXR-Set\mask\mask\CHNCXR_0425_1_mask.png
shenzhen,0426,CHNCXR_0426_1.png,TB,C:\Users\abdul\OneDrive\Desktop\Data Preprocessing\Shenzhen-Hospital-CXR-Set\CXR_png\CHNCXR_0426_1.png,2540,2813,P,,True,"male 33yrs  	
PTB in the right upper field",2,True,7,True,True,C:\Users\abdul\OneDrive\Desktop\Data Preprocessing\Shenzhen-Hospital-CXR-Set\mask\mask\CHNCXR_0426_1_mask.png
shenzhen,0427,CHNCXR_0427_1.png,TB,C:\Users\abdul\OneDrive\Desktop\Data Preprocessing\Shenzhen-Hospital-CXR-Set\CXR_png\CHNCXR_0427_1.png,2993,2945,P,,True,"male 24yrs  	
secondary PTB  in the right upper field",3,True,1,True,True,C:\Users\abdul\OneDrive\Desktop\Data Preprocessing\Shenzhen-Hospital-CXR-Set\mask\mask\CHNCXR_0427_1_mask.png
shenzhen,0428,CHNCXR_0428_1.png,TB,C:\Users\abdul\OneDrive\Desktop\Data Preprocessing\Shenzhen-Hospital-CXR-Set\CXR_png\CHNCXR_0428_1.png,2962,2948,P,,True,"female 39yrs   	
secondary PTB  in the right upper field",1,True,1,True,True,C:\Users\abdul\OneDrive\Desktop\Data Preprocessing\Shenzhen-Hospital-CXR-Set\mask\mask\CHNCXR_0428_1_mask.png
shenzhen,0429,CHNCXR_0429_1.png,TB,C:\Users\abdul\OneDrive\Desktop\Data Preprocessing\Shenzhen-Hospital-CXR-Set\CXR_png\CHNCXR_0429_1.png,2990,2947,P,,True,"female 27yrs  	
secondary PTB  in the bilateral upper field",4,True,3,True,True,C:\Users\abdul\OneDrive\Desktop\Data Preprocessing\Shenzhen-Hospital-CXR-Set\mask\mask\CHNCXR_0429_1_mask.png
shenzhen,0430,CHNCXR_0430_1.png,TB,C:\Users\abdul\OneDrive\Desktop\Data Preprocessing\Shenzhen-Hospital-CXR-Set\CXR_png\CHNCXR_0430_1.png,2995,2944,P,,True,"female 48yrs  	
PTB in the right upper field",2,True,8,True,True,C:\Users\abdul\OneDrive\Desktop\Data Preprocessing\Shenzhen-Hospital-CXR-Set\mask\mask\CHNCXR_0430_1_mask.png
shenzhen,0431,CHNCXR_0431_1.png,TB,C:\Users\abdul\OneDrive\Desktop\Data Preprocessing\Shenzhen-Hospital-CXR-Set\CXR_png\CHNCXR_0431_1.png,2993,2952,P,,True,"male 24yrs  	
bilateral PTB",3,True,7,True,True,C:\Users\abdul\OneDrive\Desktop\Data Preprocessing\Shenzhen-Hospital-CXR-Set\mask\mask\CHNCXR_0431_1_mask.png
shenzhen,0432,CHNCXR_0432_1.png,TB,C:\Users\abdul\OneDrive\Desktop\Data Preprocessing\Shenzhen-Hospital-CXR-Set\CXR_png\CHNCXR_0432_1.png,2980,2940,P,,True,"male 30yrs  	
Bilateral secondary PTB",5,True,6,True,True,C:\Users\abdul\OneDrive\Desktop\Data Preprocessing\Shenzhen-Hospital-CXR-Set\mask\mask\CHNCXR_0432_1_mask.png
shenzhen,0433,CHNCXR_0433_1.png,TB,C:\Users\abdul\OneDrive\Desktop\Data Preprocessing\Shenzhen-Hospital-CXR-Set\CXR_png\CHNCXR_0433_1.png,3001,2942,P,,True,"male 26yrs  	
Right PTB",1,True,1,True,True,C:\Users\abdul\OneDrive\Desktop\Data Preprocessing\Shenzhen-Hospital-CXR-Set\mask\mask\CHNCXR_0433_1_mask.png
shenzhen,0434,CHNCXR_0434_1.png,TB,C:\Users\abdul\OneDrive\Desktop\Data Preprocessing\Shenzhen-Hospital-CXR-Set\CXR_png\CHNCXR_0434_1.png,2972,2943,P,,True,"male 28yrs  	
secondary PTB  in the left upper field",2,True,3,True,True,C:\Users\abdul\OneDrive\Desktop\Data Preprocessing\Shenzhen-Hospital-CXR-Set\mask\mask\CHNCXR_0434_1_mask.png
shenzhen,0435,CHNCXR_0435_1.png,TB,C:\Users\abdul\OneDrive\Desktop\Data Preprocessing\Shenzhen-Hospital-CXR-Set\CXR_png\CHNCXR_0435_1.png,2533,2416,P,,True,"male 22yrs  	
left upper PTB, left pleurisy",4,True,5,True,True,C:\Users\abdul\OneDrive\Desktop\Data Preprocessing\Shenzhen-Hospital-CXR-Set\mask\mask\CHNCXR_0435_1_mask.png
shenzhen,0436,CHNCXR_0436_1.png,TB,C:\Users\abdul\OneDrive\Desktop\Data Preprocessing\Shenzhen-Hospital-CXR-Set\CXR_png\CHNCXR_0436_1.png,2851,2954,P,,True,"male 21yrs  	
right upper PTB",1,True,1,True,True,C:\Users\abdul\OneDrive\Desktop\Data Preprocessing\Shenzhen-Hospital-CXR-Set\mask\mask\CHNCXR_0436_1_mask.png
shenzhen,0437,CHNCXR_0437_1.png,TB,C:\Users\abdul\OneDrive\Desktop\Data Preprocessing\Shenzhen-Hospital-CXR-Set\CXR_png\CHNCXR_0437_1.png,2184,2308,P,,True,"female 39yrs  	
PTB in the left upper field",2,True,3,True,True,C:\Users\abdul\OneDrive\Desktop\Data Preprocessing\Shenzhen-Hospital-CXR-Set\mask\mask\CHNCXR_0437_1_mask.png
shenzhen,0438,CHNCXR_0438_1.png,TB,C:\Users\abdul\OneDrive\Desktop\Data Preprocessing\Shenzhen-Hospital-CXR-Set\CXR_png\CHNCXR_0438_1.png,2618,2417,P,,True,"male 31yrs  	
left PTB",1,True,2,True,True,C:\Users\abdul\OneDrive\Desktop\Data Preprocessing\Shenzhen-Hospital-CXR-Set\mask\mask\CHNCXR_0438_1_mask.png
shenzhen,0439,CHNCXR_0439_1.png,TB,C:\Users\abdul\OneDrive\Desktop\Data Preprocessing\Shenzhen-Hospital-CXR-Set\CXR_png\CHNCXR_0439_1.png,2989,2949,P,,True,"male 34yrs  	
bilateral PTB",3,True,7,True,True,C:\Users\abdul\OneDrive\Desktop\Data Preprocessing\Shenzhen-Hospital-CXR-Set\mask\mask\CHNCXR_0439_1_mask.png
shenzhen,0440,CHNCXR_0440_1.png,TB,C:\Users\abdul\OneDrive\Desktop\Data Preprocessing\Shenzhen-Hospital-CXR-Set\CXR_png\CHNCXR_0440_1.png,2435,2620,P,,True,"female 31yrs  	
right upper PTB",2,True,9,True,True,C:\Users\abdul\OneDrive\Desktop\Data Preprocessing\Shenzhen-Hospital-CXR-Set\mask\mask\CHNCXR_0440_1_mask.png
shenzhen,0441,CHNCXR_0441_1.png,TB,C:\Users\abdul\OneDrive\Desktop\Data Preprocessing\Shenzhen-Hospital-CXR-Set\CXR_png\CHNCXR_0441_1.png,2631,2974,P,,True,"male 63yrs  	
right PTB,right pneumothorax",4,True,15,True,True,C:\Users\abdul\OneDrive\Desktop\Data Preprocessing\Shenzhen-Hospital-CXR-Set\mask\mask\CHNCXR_0441_1_mask.png
shenzhen,0442,CHNCXR_0442_1.png,TB,C:\Users\abdul\OneDrive\Desktop\Data Preprocessing\Shenzhen-Hospital-CXR-Set\CXR_png\CHNCXR_0442_1.png,2879,2951,P,,True,"male 27yrs  	
right upper PTB",1,True,1,True,True,C:\Users\abdul\OneDrive\Desktop\Data Preprocessing\Shenzhen-Hospital-CXR-Set\mask\mask\CHNCXR_0442_1_mask.png
shenzhen,0443,CHNCXR_0443_1.png,TB,C:\Users\abdul\OneDrive\Desktop\Data Preprocessing\Shenzhen-Hospital-CXR-Set\CXR_png\CHNCXR_0443_1.png,2997,2990,P,,True,"male  36yrs  	
right upper PTB",5,True,3,True,True,C:\Users\abdul\OneDrive\Desktop\Data Preprocessing\Shenzhen-Hospital-CXR-Set\mask\mask\CHNCXR_0443_1_mask.png
shenzhen,0444,CHNCXR_0444_1.png,TB,C:\Users\abdul\OneDrive\Desktop\Data Preprocessing\Shenzhen-Hospital-CXR-Set\CXR_png\CHNCXR_0444_1.png,2980,2987,P,,True,"male 15yrs  	
left PTB",1,True,0,False,True,C:\Users\abdul\OneDrive\Desktop\Data Preprocessing\Shenzhen-Hospital-CXR-Set\mask\mask\CHNCXR_0444_1_mask.png
shenzhen,0445,CHNCXR_0445_1.png,TB,C:\Users\abdul\OneDrive\Desktop\Data Preprocessing\Shenzhen-Hospital-CXR-Set\CXR_png\CHNCXR_0445_1.png,2996,2989,P,,True,"male 31yrs  	
Right PTB",1,True,1,True,True,C:\Users\abdul\OneDrive\Desktop\Data Preprocessing\Shenzhen-Hospital-CXR-Set\mask\mask\CHNCXR_0445_1_mask.png
shenzhen,0446,CHNCXR_0446_1.png,TB,C:\Users\abdul\OneDrive\Desktop\Data Preprocessing\Shenzhen-Hospital-CXR-Set\CXR_png\CHNCXR_0446_1.png,3000,2925,P,,True,"female 26yrs  	
Bilateral secondary PTB",2,True,2,True,True,C:\Users\abdul\OneDrive\Desktop\Data Preprocessing\Shenzhen-Hospital-CXR-Set\mask\mask\CHNCXR_0446_1_mask.png
shenzhen,0447,CHNCXR_0447_1.png,TB,C:\Users\abdul\OneDrive\Desktop\Data Preprocessing\Shenzhen-Hospital-CXR-Set\CXR_png\CHNCXR_0447_1.png,2630,2958,P,,True,"male 56yrs  	
Bilateral secondary PTB",3,True,14,True,True,C:\Users\abdul\OneDrive\Desktop\Data Preprocessing\Shenzhen-Hospital-CXR-Set\mask\mask\CHNCXR_0447_1_mask.png
shenzhen,0448,CHNCXR_0448_1.png,TB,C:\Users\abdul\OneDrive\Desktop\Data Preprocessing\Shenzhen-Hospital-CXR-Set\CXR_png\CHNCXR_0448_1.png,2107,2521,P,,True,"female 78yrs  	
Bilateral secondary PTB",4,True,6,True,True,C:\Users\abdul\OneDrive\Desktop\Data Preprocessing\Shenzhen-Hospital-CXR-Set\mask\mask\CHNCXR_0448_1_mask.png
shenzhen,0449,CHNCXR_0449_1.png,TB,C:\Users\abdul\OneDrive\Desktop\Data Preprocessing\Shenzhen-Hospital-CXR-Set\CXR_png\CHNCXR_0449_1.png,2996,2999,P,,True,"male 35yrs  	
Bilateral secondary PTB",3,True,17,True,True,C:\Users\abdul\OneDrive\Desktop\Data Preprocessing\Shenzhen-Hospital-CXR-Set\mask\mask\CHNCXR_0449_1_mask.png
shenzhen,0450,CHNCXR_0450_1.png,TB,C:\Users\abdul\OneDrive\Desktop\Data Preprocessing\Shenzhen-Hospital-CXR-Set\CXR_png\CHNCXR_0450_1.png,2992,2945,P,,True,"female 22yrs  	
right secondary PTB",3,True,4,True,True,C:\Users\abdul\OneDrive\Desktop\Data Preprocessing\Shenzhen-Hospital-CXR-Set\mask\mask\CHNCXR_0450_1_mask.png
shenzhen,0451,CHNCXR_0451_1.png,TB,C:\Users\abdul\OneDrive\Desktop\Data Preprocessing\Shenzhen-Hospital-CXR-Set\CXR_png\CHNCXR_0451_1.png,2831,2951,P,,True,"male 32yrs  	
right secondary PTB",1,True,0,False,True,C:\Users\abdul\OneDrive\Desktop\Data Preprocessing\Shenzhen-Hospital-CXR-Set\mask\mask\CHNCXR_0451_1_mask.png
shenzhen,0452,CHNCXR_0452_1.png,TB,C:\Users\abdul\OneDrive\Desktop\Data Preprocessing\Shenzhen-Hospital-CXR-Set\CXR_png\CHNCXR_0452_1.png,2423,2804,P,,True,"female 21yrs  	
Bilateral secondary PTB",3,True,4,True,True,C:\Users\abdul\OneDrive\Desktop\Data Preprocessing\Shenzhen-Hospital-CXR-Set\mask\mask\CHNCXR_0452_1_mask.png
shenzhen,0453,CHNCXR_0453_1.png,TB,C:\Users\abdul\OneDrive\Desktop\Data Preprocessing\Shenzhen-Hospital-CXR-Set\CXR_png\CHNCXR_0453_1.png,2992,2958,P,,True,"female 33yrs  	
right secondary PTB",1,True,2,True,True,C:\Users\abdul\OneDrive\Desktop\Data Preprocessing\Shenzhen-Hospital-CXR-Set\mask\mask\CHNCXR_0453_1_mask.png
shenzhen,0454,CHNCXR_0454_1.png,TB,C:\Users\abdul\OneDrive\Desktop\Data Preprocessing\Shenzhen-Hospital-CXR-Set\CXR_png\CHNCXR_0454_1.png,2599,2896,P,,True,"male 44yrs   	
right upper field PTB",3,True,3,True,True,C:\Users\abdul\OneDrive\Desktop\Data Preprocessing\Shenzhen-Hospital-CXR-Set\mask\mask\CHNCXR_0454_1_mask.png
shenzhen,0455,CHNCXR_0455_1.png,TB,C:\Users\abdul\OneDrive\Desktop\Data Preprocessing\Shenzhen-Hospital-CXR-Set\CXR_png\CHNCXR_0455_1.png,2986,2960,P,,True,"female 78yrs  	
right secondary PTB  with bilateral  pleurisy",4,True,5,True,True,C:\Users\abdul\OneDrive\Desktop\Data Preprocessing\Shenzhen-Hospital-CXR-Set\mask\mask\CHNCXR_0455_1_mask.png
shenzhen,0456,CHNCXR_0456_1.png,TB,C:\Users\abdul\OneDrive\Desktop\Data Preprocessing\Shenzhen-Hospital-CXR-Set\CXR_png\CHNCXR_0456_1.png,2400,2599,P,,True,"female 28yrs  	
bilateral PTB",2,True,9,True,True,C:\Users\abdul\OneDrive\Desktop\Data Preprocessing\Shenzhen-Hospital-CXR-Set\mask\mask\CHNCXR_0456_1_mask.png
shenzhen,0457,CHNCXR_0457_1.png,TB,C:\Users\abdul\OneDrive\Desktop\Data Preprocessing\Shenzhen-Hospital-CXR-Set\CXR_png\CHNCXR_0457_1.png,2598,2795,P,,True,"female 31yrs  	
Bilateral secondary PTB",3,True,4,True,True,C:\Users\abdul\OneDrive\Desktop\Data Preprocessing\Shenzhen-Hospital-CXR-Set\mask\mask\CHNCXR_0457_1_mask.png
shenzhen,0458,CHNCXR_0458_1.png,TB,C:\Users\abdul\OneDrive\Desktop\Data Preprocessing\Shenzhen-Hospital-CXR-Set\CXR_png\CHNCXR_0458_1.png,2744,2955,P,,True,"male 36yrs  	
Bilateral secondary PTB",2,True,3,True,True,C:\Users\abdul\OneDrive\Desktop\Data Preprocessing\Shenzhen-Hospital-CXR-Set\mask\mask\CHNCXR_0458_1_mask.png
shenzhen,0459,CHNCXR_0459_1.png,TB,C:\Users\abdul\OneDrive\Desktop\Data Preprocessing\Shenzhen-Hospital-CXR-Set\CXR_png\CHNCXR_0459_1.png,2408,2867,P,,True,"female 59yrs  	
bilateral PTB",3,True,2,True,True,C:\Users\abdul\OneDrive\Desktop\Data Preprocessing\Shenzhen-Hospital-CXR-Set\mask\mask\CHNCXR_0459_1_mask.png
shenzhen,0460,CHNCXR_0460_1.png,TB,C:\Users\abdul\OneDrive\Desktop\Data Preprocessing\Shenzhen-Hospital-CXR-Set\CXR_png\CHNCXR_0460_1.png,2773,2930,P,,True,"male 41yrs  	
left PTB",4,True,5,True,True,C:\Users\abdul\OneDrive\Desktop\Data Preprocessing\Shenzhen-Hospital-CXR-Set\mask\mask\CHNCXR_0460_1_mask.png
shenzhen,0461,CHNCXR_0461_1.png,TB,C:\Users\abdul\OneDrive\Desktop\Data Preprocessing\Shenzhen-Hospital-CXR-Set\CXR_png\CHNCXR_0461_1.png,3000,2939,P,,True,"male 34yrs  	
right secondary PTB",1,True,4,True,True,C:\Users\abdul\OneDrive\Desktop\Data Preprocessing\Shenzhen-Hospital-CXR-Set\mask\mask\CHNCXR_0461_1_mask.png
shenzhen,0462,CHNCXR_0462_1.png,TB,C:\Users\abdul\OneDrive\Desktop\Data Preprocessing\Shenzhen-Hospital-CXR-Set\CXR_png\CHNCXR_0462_1.png,2542,2978,P,,True,"male 29yrs  	
secondary PTB  in the left upper field",2,True,0,False,True,C:\Users\abdul\OneDrive\Desktop\Data Preprocessing\Shenzhen-Hospital-CXR-Set\mask\mask\CHNCXR_0462_1_mask.png
shenzhen,0463,CHNCXR_0463_1.png,TB,C:\Users\abdul\OneDrive\Desktop\Data Preprocessing\Shenzhen-Hospital-CXR-Set\CXR_png\CHNCXR_0463_1.png,2571,2914,P,,True,"male 29yrs  	
left secondary PTB",2,True,2,True,True,C:\Users\abdul\OneDrive\Desktop\Data Preprocessing\Shenzhen-Hospital-CXR-Set\mask\mask\CHNCXR_0463_1_mask.png
shenzhen,0464,CHNCXR_0464_1.png,TB,C:\Users\abdul\OneDrive\Desktop\Data Preprocessing\Shenzhen-Hospital-CXR-Set\CXR_png\CHNCXR_0464_1.png,2797,2990,P,,True,"male 45yrs  	
Right PTB",4,True,5,True,True,C:\Users\abdul\OneDrive\Desktop\Data Preprocessing\Shenzhen-Hospital-CXR-Set\mask\mask\CHNCXR_0464_1_mask.png
shenzhen,0465,CHNCXR_0465_1.png,TB,C:\Users\abdul\OneDrive\Desktop\Data Preprocessing\Shenzhen-Hospital-CXR-Set\CXR_png\CHNCXR_0465_1.png,2713,2792,P,,True,"male 24yrs  	
Bilateral secondary PTB",1,True,5,True,True,C:\Users\abdul\OneDrive\Desktop\Data Preprocessing\Shenzhen-Hospital-CXR-Set\mask\mask\CHNCXR_0465_1_mask.png
shenzhen,0466,CHNCXR_0466_1.png,TB,C:\Users\abdul\OneDrive\Desktop\Data Preprocessing\Shenzhen-Hospital-CXR-Set\CXR_png\CHNCXR_0466_1.png,2493,2684,P,,True,"female 32yrs  	
secondary PTB  in the left upper field",1,True,7,True,True,C:\Users\abdul\OneDrive\Desktop\Data Preprocessing\Shenzhen-Hospital-CXR-Set\mask\mask\CHNCXR_0466_1_mask.png
shenzhen,0467,CHNCXR_0467_1.png,TB,C:\Users\abdul\OneDrive\Desktop\Data Preprocessing\Shenzhen-Hospital-CXR-Set\CXR_png\CHNCXR_0467_1.png,2281,2581,P,,True,"female 39yrs  	
secondary PTB  in the left upper field",0,False,5,True,True,C:\Users\abdul\OneDrive\Desktop\Data Preprocessing\Shenzhen-Hospital-CXR-Set\mask\mask\CHNCXR_0467_1_mask.png
shenzhen,0468,CHNCXR_0468_1.png,TB,C:\Users\abdul\OneDrive\Desktop\Data Preprocessing\Shenzhen-Hospital-CXR-Set\CXR_png\CHNCXR_0468_1.png,2441,2690,P,,True,"female 29yrs  	
Right PTB",6,True,9,True,True,C:\Users\abdul\OneDrive\Desktop\Data Preprocessing\Shenzhen-Hospital-CXR-Set\mask\mask\CHNCXR_0468_1_mask.png
shenzhen,0469,CHNCXR_0469_1.png,TB,C:\Users\abdul\OneDrive\Desktop\Data Preprocessing\Shenzhen-Hospital-CXR-Set\CXR_png\CHNCXR_0469_1.png,2163,2629,P,,True,"female 22yrs  	
bilateral PTB",5,True,8,True,True,C:\Users\abdul\OneDrive\Desktop\Data Preprocessing\Shenzhen-Hospital-CXR-Set\mask\mask\CHNCXR_0469_1_mask.png
shenzhen,0470,CHNCXR_0470_1.png,TB,C:\Users\abdul\OneDrive\Desktop\Data Preprocessing\Shenzhen-Hospital-CXR-Set\CXR_png\CHNCXR_0470_1.png,2096,2549,P,,True,"female 38yrs  	
right secondary PTB",2,True,3,True,True,C:\Users\abdul\OneDrive\Desktop\Data Preprocessing\Shenzhen-Hospital-CXR-Set\mask\mask\CHNCXR_0470_1_mask.png
shenzhen,0471,CHNCXR_0471_1.png,TB,C:\Users\abdul\OneDrive\Desktop\Data Preprocessing\Shenzhen-Hospital-CXR-Set\CXR_png\CHNCXR_0471_1.png,2276,2622,P,,True,"female 31yrs  	
right secondary PTB",5,True,4,True,True,C:\Users\abdul\OneDrive\Desktop\Data Preprocessing\Shenzhen-Hospital-CXR-Set\mask\mask\CHNCXR_0471_1_mask.png
shenzhen,0472,CHNCXR_0472_1.png,TB,C:\Users\abdul\OneDrive\Desktop\Data Preprocessing\Shenzhen-Hospital-CXR-Set\CXR_png\CHNCXR_0472_1.png,2488,2818,P,,True,"male 40yrs  	
Right PTB",2,True,4,True,True,C:\Users\abdul\OneDrive\Desktop\Data Preprocessing\Shenzhen-Hospital-CXR-Set\mask\mask\CHNCXR_0472_1_mask.png
shenzhen,0473,CHNCXR_0473_1.png,TB,C:\Users\abdul\OneDrive\Desktop\Data Preprocessing\Shenzhen-Hospital-CXR-Set\CXR_png\CHNCXR_0473_1.png,2743,2989,P,,True,"male 32yrs  	
right secondary PTB",1,True,1,True,True,C:\Users\abdul\OneDrive\Desktop\Data Preprocessing\Shenzhen-Hospital-CXR-Set\mask\mask\CHNCXR_0473_1_mask.png
shenzhen,0474,CHNCXR_0474_1.png,TB,C:\Users\abdul\OneDrive\Desktop\Data Preprocessing\Shenzhen-Hospital-CXR-Set\CXR_png\CHNCXR_0474_1.png,2599,2559,P,,True,"male 48yrs  	
bilateral PTB",5,True,4,True,True,C:\Users\abdul\OneDrive\Desktop\Data Preprocessing\Shenzhen-Hospital-CXR-Set\mask\mask\CHNCXR_0474_1_mask.png
shenzhen,0475,CHNCXR_0475_1.png,TB,C:\Users\abdul\OneDrive\Desktop\Data Preprocessing\Shenzhen-Hospital-CXR-Set\CXR_png\CHNCXR_0475_1.png,2576,2947,P,,True,"male 36yrs  	
bilateral PTB",5,True,39,True,True,C:\Users\abdul\OneDrive\Desktop\Data Preprocessing\Shenzhen-Hospital-CXR-Set\mask\mask\CHNCXR_0475_1_mask.png
shenzhen,0476,CHNCXR_0476_1.png,TB,C:\Users\abdul\OneDrive\Desktop\Data Preprocessing\Shenzhen-Hospital-CXR-Set\CXR_png\CHNCXR_0476_1.png,2331,2581,P,,True,"male 56yrs  	
left secondary PTB,right pleural effusion",1,True,1,True,True,C:\Users\abdul\OneDrive\Desktop\Data Preprocessing\Shenzhen-Hospital-CXR-Set\mask\mask\CHNCXR_0476_1_mask.png
shenzhen,0477,CHNCXR_0477_1.png,TB,C:\Users\abdul\OneDrive\Desktop\Data Preprocessing\Shenzhen-Hospital-CXR-Set\CXR_png\CHNCXR_0477_1.png,2500,2873,P,,True,"male 23yrs  	
left PTB",2,True,5,True,True,C:\Users\abdul\OneDrive\Desktop\Data Preprocessing\Shenzhen-Hospital-CXR-Set\mask\mask\CHNCXR_0477_1_mask.png
shenzhen,0478,CHNCXR_0478_1.png,TB,C:\Users\abdul\OneDrive\Desktop\Data Preprocessing\Shenzhen-Hospital-CXR-Set\CXR_png\CHNCXR_0478_1.png,2556,2365,P,,True,"female 26yrs  	
Right PTB",3,True,15,True,True,C:\Users\abdul\OneDrive\Desktop\Data Preprocessing\Shenzhen-Hospital-CXR-Set\mask\mask\CHNCXR_0478_1_mask.png
shenzhen,0479,CHNCXR_0479_1.png,TB,C:\Users\abdul\OneDrive\Desktop\Data Preprocessing\Shenzhen-Hospital-CXR-Set\CXR_png\CHNCXR_0479_1.png,2739,2986,P,,True,"male 56yrs  	
PTB in the left upper field",2,True,3,True,True,C:\Users\abdul\OneDrive\Desktop\Data Preprocessing\Shenzhen-Hospital-CXR-Set\mask\mask\CHNCXR_0479_1_mask.png
shenzhen,0480,CHNCXR_0480_1.png,TB,C:\Users\abdul\OneDrive\Desktop\Data Preprocessing\Shenzhen-Hospital-CXR-Set\CXR_png\CHNCXR_0480_1.png,2581,2688,P,,True,"female 41yrs  	
PTB in the bilateral upper field",3,True,0,False,True,C:\Users\abdul\OneDrive\Desktop\Data Preprocessing\Shenzhen-Hospital-CXR-Set\mask\mask\CHNCXR_0480_1_mask.png
shenzhen,0481,CHNCXR_0481_1.png,TB,C:\Users\abdul\OneDrive\Desktop\Data Preprocessing\Shenzhen-Hospital-CXR-Set\CXR_png\CHNCXR_0481_1.png,3000,2943,P,,True,"male 26yrs  	
bilateral secondary PTB",5,True,14,True,False,
shenzhen,0482,CHNCXR_0482_1.png,TB,C:\Users\abdul\OneDrive\Desktop\Data Preprocessing\Shenzhen-Hospital-CXR-Set\CXR_png\CHNCXR_0482_1.png,2146,2363,P,,True,"female 30yrs  	
PTB in the right lower field",1,True,1,True,False,
shenzhen,0483,CHNCXR_0483_1.png,TB,C:\Users\abdul\OneDrive\Desktop\Data Preprocessing\Shenzhen-Hospital-CXR-Set\CXR_png\CHNCXR_0483_1.png,3000,2943,P,,True,"male 36yrs  	
PTB in the bilateral upper fields, left pleurisy",4,True,17,True,False,
shenzhen,0484,CHNCXR_0484_1.png,TB,C:\Users\abdul\OneDrive\Desktop\Data Preprocessing\Shenzhen-Hospital-CXR-Set\CXR_png\CHNCXR_0484_1.png,2793,2999,P,,True,"female 29yrs  	
right secondary PTB",0,False,7,True,False,
shenzhen,0485,CHNCXR_0485_1.png,TB,C:\Users\abdul\OneDrive\Desktop\Data Preprocessing\Shenzhen-Hospital-CXR-Set\CXR_png\CHNCXR_0485_1.png,3000,2945,P,,True,"male 34yrs  	
right secondary PTB",1,True,3,True,False,
shenzhen,0486,CHNCXR_0486_1.png,TB,C:\Users\abdul\OneDrive\Desktop\Data Preprocessing\Shenzhen-Hospital-CXR-Set\CXR_png\CHNCXR_0486_1.png,2716,2889,P,,True,"male 22yrs  	
PTB in the bilateral upper field",2,True,3,True,False,
shenzhen,0487,CHNCXR_0487_1.png,TB,C:\Users\abdul\OneDrive\Desktop\Data Preprocessing\Shenzhen-Hospital-CXR-Set\CXR_png\CHNCXR_0487_1.png,2991,2947,P,,True,"male 72yrs  	
Bilateral secondary PTB",3,True,22,True,False,
shenzhen,0488,CHNCXR_0488_1.png,TB,C:\Users\abdul\OneDrive\Desktop\Data Preprocessing\Shenzhen-Hospital-CXR-Set\CXR_png\CHNCXR_0488_1.png,2416,2660,P,,True,"female 43yrs  	
PTB in the left lower field",1,True,2,True,False,
shenzhen,0489,CHNCXR_0489_1.png,TB,C:\Users\abdul\OneDrive\Desktop\Data Preprocessing\Shenzhen-Hospital-CXR-Set\CXR_png\CHNCXR_0489_1.png,2401,2608,P,,True,"male 22yrs  	
PTB in the left upper field",4,True,9,True,False,
shenzhen,0490,CHNCXR_0490_1.png,TB,C:\Users\abdul\OneDrive\Desktop\Data Preprocessing\Shenzhen-Hospital-CXR-Set\CXR_png\CHNCXR_0490_1.png,3001,3001,P,,True,"male 27yrs  	
bilateral PTB",1,True,2,True,False,
shenzhen,0491,CHNCXR_0491_1.png,TB,C:\Users\abdul\OneDrive\Desktop\Data Preprocessing\Shenzhen-Hospital-CXR-Set\CXR_png\CHNCXR_0491_1.png,2729,2989,P,,True,"male 42yrs  	
bilateral PTB",3,True,1,True,False,
shenzhen,0492,CHNCXR_0492_1.png,TB,C:\Users\abdul\OneDrive\Desktop\Data Preprocessing\Shenzhen-Hospital-CXR-Set\CXR_png\CHNCXR_0492_1.png,2430,2651,P,,True,"female 44yrs  	
bilateral PTB",5,True,6,True,False,
shenzhen,0493,CHNCXR_0493_1.png,TB,C:\Users\abdul\OneDrive\Desktop\Data Preprocessing\Shenzhen-Hospital-CXR-Set\CXR_png\CHNCXR_0493_1.png,2409,2805,P,,True,"male 40yrs  	
bilateral PTB",2,True,2,True,False,
shenzhen,0494,CHNCXR_0494_1.png,TB,C:\Users\abdul\OneDrive\Desktop\Data Preprocessing\Shenzhen-Hospital-CXR-Set\CXR_png\CHNCXR_0494_1.png,2252,2626,P,,True,"female 23yrs  	
secondary PTB  in the right  middle field",2,True,2,True,False,
shenzhen,0495,CHNCXR_0495_1.png,TB,C:\Users\abdul\OneDrive\Desktop\Data Preprocessing\Shenzhen-Hospital-CXR-Set\CXR_png\CHNCXR_0495_1.png,2503,2640,P,,True,"female 24yrs  	
Left PTB",1,True,2,True,False,
shenzhen,0496,CHNCXR_0496_1.png,TB,C:\Users\abdul\OneDrive\Desktop\Data Preprocessing\Shenzhen-Hospital-CXR-Set\CXR_png\CHNCXR_0496_1.png,2422,2782,P,,True,"male 72yrs  	
bilateral PTB",6,True,10,True,False,
shenzhen,0497,CHNCXR_0497_1.png,TB,C:\Users\abdul\OneDrive\Desktop\Data Preprocessing\Shenzhen-Hospital-CXR-Set\CXR_png\CHNCXR_0497_1.png,2504,2826,P,,True,"male 45yrs  	
bilateral PTB",2,True,4,True,False,
shenzhen,0498,CHNCXR_0498_1.png,TB,C:\Users\abdul\OneDrive\Desktop\Data Preprocessing\Shenzhen-Hospital-CXR-Set\CXR_png\CHNCXR_0498_1.png,2495,2854,P,,True,"male 33yrs  	
PTB in the middle lower field",3,True,2,True,False,
shenzhen,0499,CHNCXR_0499_1.png,TB,C:\Users\abdul\OneDrive\Desktop\Data Preprocessing\Shenzhen-Hospital-CXR-Set\CXR_png\CHNCXR_0499_1.png,2442,2475,P,,True,"male 25yrs  	
Right PTB",5,True,3,True,False,
shenzhen,0500,CHNCXR_0500_1.png,TB,C:\Users\abdul\OneDrive\Desktop\Data Preprocessing\Shenzhen-Hospital-CXR-Set\CXR_png\CHNCXR_0500_1.png,2346,2751,P,,True,"female 22yrs  	
bilateral PTB",3,True,8,True,False,
shenzhen,0501,CHNCXR_0501_1.png,TB,C:\Users\abdul\OneDrive\Desktop\Data Preprocessing\Shenzhen-Hospital-CXR-Set\CXR_png\CHNCXR_0501_1.png,2408,2906,P,,True,"male 36yrs  	
PTB in the left upper field",3,True,4,True,True,C:\Users\abdul\OneDrive\Desktop\Data Preprocessing\Shenzhen-Hospital-CXR-Set\mask\mask\CHNCXR_0501_1_mask.png
shenzhen,0502,CHNCXR_0502_1.png,TB,C:\Users\abdul\OneDrive\Desktop\Data Preprocessing\Shenzhen-Hospital-CXR-Set\CXR_png\CHNCXR_0502_1.png,2328,2752,P,,True,"male 48yrs  	
bilateral PTB",5,True,37,True,False,
shenzhen,0503,CHNCXR_0503_1.png,TB,C:\Users\abdul\OneDrive\Desktop\Data Preprocessing\Shenzhen-Hospital-CXR-Set\CXR_png\CHNCXR_0503_1.png,2779,2987,P,,True,"male 25yrs  	
Right PTB",2,True,2,True,True,C:\Users\abdul\OneDrive\Desktop\Data Preprocessing\Shenzhen-Hospital-CXR-Set\mask\mask\CHNCXR_0503_1_mask.png
shenzhen,0504,CHNCXR_0504_1.png,TB,C:\Users\abdul\OneDrive\Desktop\Data Preprocessing\Shenzhen-Hospital-CXR-Set\CXR_png\CHNCXR_0504_1.png,3000,2965,P,,True,"male 19yrs  	
PTB in the left lower field",3,True,3,True,True,C:\Users\abdul\OneDrive\Desktop\Data Preprocessing\Shenzhen-Hospital-CXR-Set\mask\mask\CHNCXR_0504_1_mask.png
shenzhen,0505,CHNCXR_0505_1.png,TB,C:\Users\abdul\OneDrive\Desktop\Data Preprocessing\Shenzhen-Hospital-CXR-Set\CXR_png\CHNCXR_0505_1.png,2599,2903,P,,True,"male 26yrs  	
Right PTB",3,True,7,True,False,
shenzhen,0506,CHNCXR_0506_1.png,TB,C:\Users\abdul\OneDrive\Desktop\Data Preprocessing\Shenzhen-Hospital-CXR-Set\CXR_png\CHNCXR_0506_1.png,2621,2945,P,,True,"male 89yrs  	
bilateral PTB",4,True,25,True,True,C:\Users\abdul\OneDrive\Desktop\Data Preprocessing\Shenzhen-Hospital-CXR-Set\mask\mask\CHNCXR_0506_1_mask.png
shenzhen,0507,CHNCXR_0507_1.png,TB,C:\Users\abdul\OneDrive\Desktop\Data Preprocessing\Shenzhen-Hospital-CXR-Set\CXR_png\CHNCXR_0507_1.png,2248,2711,P,,True,"female 32yrs  	
bilateral PTB",4,True,17,True,True,C:\Users\abdul\OneDrive\Desktop\Data Preprocessing\Shenzhen-Hospital-CXR-Set\mask\mask\CHNCXR_0507_1_mask.png
shenzhen,0508,CHNCXR_0508_1.png,TB,C:\Users\abdul\OneDrive\Desktop\Data Preprocessing\Shenzhen-Hospital-CXR-Set\CXR_png\CHNCXR_0508_1.png,2985,2959,P,,True,"male 51yrs  	
bilateral PTB",3,True,6,True,True,C:\Users\abdul\OneDrive\Desktop\Data Preprocessing\Shenzhen-Hospital-CXR-Set\mask\mask\CHNCXR_0508_1_mask.png
shenzhen,0509,CHNCXR_0509_1.png,TB,C:\Users\abdul\OneDrive\Desktop\Data Preprocessing\Shenzhen-Hospital-CXR-Set\CXR_png\CHNCXR_0509_1.png,2536,2854,P,,True,"male 25yrs  	
Right PTB",1,True,5,True,True,C:\Users\abdul\OneDrive\Desktop\Data Preprocessing\Shenzhen-Hospital-CXR-Set\mask\mask\CHNCXR_0509_1_mask.png
shenzhen,0510,CHNCXR_0510_1.png,TB,C:\Users\abdul\OneDrive\Desktop\Data Preprocessing\Shenzhen-Hospital-CXR-Set\CXR_png\CHNCXR_0510_1.png,2389,2677,P,,True,"female 25yrs  	
Right PTB",2,True,3,True,True,C:\Users\abdul\OneDrive\Desktop\Data Preprocessing\Shenzhen-Hospital-CXR-Set\mask\mask\CHNCXR_0510_1_mask.png
shenzhen,0511,CHNCXR_0511_1.png,TB,C:\Users\abdul\OneDrive\Desktop\Data Preprocessing\Shenzhen-Hospital-CXR-Set\CXR_png\CHNCXR_0511_1.png,2987,2963,P,,True,"male 51yrs  	
bilateral PTB",7,True,35,True,True,C:\Users\abdul\OneDrive\Desktop\Data Preprocessing\Shenzhen-Hospital-CXR-Set\mask\mask\CHNCXR_0511_1_mask.png
shenzhen,0512,CHNCXR_0512_1.png,TB,C:\Users\abdul\OneDrive\Desktop\Data Preprocessing\Shenzhen-Hospital-CXR-Set\CXR_png\CHNCXR_0512_1.png,2993,2990,P,,True,"male 65yrs  	
Right PTB",5,True,0,False,True,C:\Users\abdul\OneDrive\Desktop\Data Preprocessing\Shenzhen-Hospital-CXR-Set\mask\mask\CHNCXR_0512_1_mask.png
shenzhen,0513,CHNCXR_0513_1.png,TB,C:\Users\abdul\OneDrive\Desktop\Data Preprocessing\Shenzhen-Hospital-CXR-Set\CXR_png\CHNCXR_0513_1.png,2387,2793,P,,True,"male 74yrs  	
Right PTB",4,True,34,True,True,C:\Users\abdul\OneDrive\Desktop\Data Preprocessing\Shenzhen-Hospital-CXR-Set\mask\mask\CHNCXR_0513_1_mask.png
shenzhen,0514,CHNCXR_0514_1.png,TB,C:\Users\abdul\OneDrive\Desktop\Data Preprocessing\Shenzhen-Hospital-CXR-Set\CXR_png\CHNCXR_0514_1.png,2358,2466,P,,True,"female 28yrs  	
bilateral PTB",1,True,2,True,True,C:\Users\abdul\OneDrive\Desktop\Data Preprocessing\Shenzhen-Hospital-CXR-Set\mask\mask\CHNCXR_0514_1_mask.png
shenzhen,0515,CHNCXR_0515_1.png,TB,C:\Users\abdul\OneDrive\Desktop\Data Preprocessing\Shenzhen-Hospital-CXR-Set\CXR_png\CHNCXR_0515_1.png,2450,2945,P,,True,"male 23yrs  	
PTB in the left upper field",3,True,7,True,True,C:\Users\abdul\OneDrive\Desktop\Data Preprocessing\Shenzhen-Hospital-CXR-Set\mask\mask\CHNCXR_0515_1_mask.png
shenzhen,0516,CHNCXR_0516_1.png,TB,C:\Users\abdul\OneDrive\Desktop\Data Preprocessing\Shenzhen-Hospital-CXR-Set\CXR_png\CHNCXR_0516_1.png,2628,2987,P,,True,"male 37yrs  	
PTB in the right upper field",2,True,3,True,True,C:\Users\abdul\OneDrive\Desktop\Data Preprocessing\Shenzhen-Hospital-CXR-Set\mask\mask\CHNCXR_0516_1_mask.png
shenzhen,0517,CHNCXR_0517_1.png,TB,C:\Users\abdul\OneDrive\Desktop\Data Preprocessing\Shenzhen-Hospital-CXR-Set\CXR_png\CHNCXR_0517_1.png,2452,2694,P,,True,"female 29yrs  	
PTB in the right upper field",3,True,7,True,True,C:\Users\abdul\OneDrive\Desktop\Data Preprocessing\Shenzhen-Hospital-CXR-Set\mask\mask\CHNCXR_0517_1_mask.png
shenzhen,0518,CHNCXR_0518_1.png,TB,C:\Users\abdul\OneDrive\Desktop\Data Preprocessing\Shenzhen-Hospital-CXR-Set\CXR_png\CHNCXR_0518_1.png,2594,2931,P,,True,"male 39yrs  	
PTB in the left upper field",1,True,3,True,True,C:\Users\abdul\OneDrive\Desktop\Data Preprocessing\Shenzhen-Hospital-CXR-Set\mask\mask\CHNCXR_0518_1_mask.png
shenzhen,0519,CHNCXR_0519_1.png,TB,C:\Users\abdul\OneDrive\Desktop\Data Preprocessing\Shenzhen-Hospital-CXR-Set\CXR_png\CHNCXR_0519_1.png,2411,2732,P,,True,"male 35yrs  	
Right PTB",4,True,1,True,True,C:\Users\abdul\OneDrive\Desktop\Data Preprocessing\Shenzhen-Hospital-CXR-Set\mask\mask\CHNCXR_0519_1_mask.png
shenzhen,0520,CHNCXR_0520_1.png,TB,C:\Users\abdul\OneDrive\Desktop\Data Preprocessing\Shenzhen-Hospital-CXR-Set\CXR_png\CHNCXR_0520_1.png,2997,2981,P,,True,"male 24yrs  	
PTB in the right upper field",2,True,3,True,True,C:\Users\abdul\OneDrive\Desktop\Data Preprocessing\Shenzhen-Hospital-CXR-Set\mask\mask\CHNCXR_0520_1_mask.png
shenzhen,0521,CHNCXR_0521_1.png,TB,C:\Users\abdul\OneDrive\Desktop\Data Preprocessing\Shenzhen-Hospital-CXR-Set\CXR_png\CHNCXR_0521_1.png,2678,2954,P,,True,"male 34yrs  	
PTB in the right upper field",2,True,1,True,True,C:\Users\abdul\OneDrive\Desktop\Data Preprocessing\Shenzhen-Hospital-CXR-Set\mask\mask\CHNCXR_0521_1_mask.png
shenzhen,0522,CHNCXR_0522_1.png,TB,C:\Users\abdul\OneDrive\Desktop\Data Preprocessing\Shenzhen-Hospital-CXR-Set\CXR_png\CHNCXR_0522_1.png,2659,2988,P,,True,"male 33yrs  	
bilateral PTB",4,True,6,True,True,C:\Users\abdul\OneDrive\Desktop\Data Preprocessing\Shenzhen-Hospital-CXR-Set\mask\mask\CHNCXR_0522_1_mask.png
shenzhen,0523,CHNCXR_0523_1.png,TB,C:\Users\abdul\OneDrive\Desktop\Data Preprocessing\Shenzhen-Hospital-CXR-Set\CXR_png\CHNCXR_0523_1.png,2653,2834,P,,True,"male 63yrs  	
bilateral PTB",4,True,6,True,True,C:\Users\abdul\OneDrive\Desktop\Data Preprocessing\Shenzhen-Hospital-CXR-Set\mask\mask\CHNCXR_0523_1_mask.png
shenzhen,0524,CHNCXR_0524_1.png,TB,C:\Users\abdul\OneDrive\Desktop\Data Preprocessing\Shenzhen-Hospital-CXR-Set\CXR_png\CHNCXR_0524_1.png,2786,2989,P,,True,"male 63yrs  	
Right PTB",1,True,4,True,True,C:\Users\abdul\OneDrive\Desktop\Data Preprocessing\Shenzhen-Hospital-CXR-Set\mask\mask\CHNCXR_0524_1_mask.png
shenzhen,0525,CHNCXR_0525_1.png,TB,C:\Users\abdul\OneDrive\Desktop\Data Preprocessing\Shenzhen-Hospital-CXR-Set\CXR_png\CHNCXR_0525_1.png,2464,2815,P,,True,"male 39yrs  	
bilateral PTB",1,True,2,True,True,C:\Users\abdul\OneDrive\Desktop\Data Preprocessing\Shenzhen-Hospital-CXR-Set\mask\mask\CHNCXR_0525_1_mask.png
shenzhen,0526,CHNCXR_0526_1.png,TB,C:\Users\abdul\OneDrive\Desktop\Data Preprocessing\Shenzhen-Hospital-CXR-Set\CXR_png\CHNCXR_0526_1.png,2427,2942,P,,True,"male 63yrs  	
bilateral PTB",5,True,32,True,True,C:\Users\abdul\OneDrive\Desktop\Data Preprocessing\Shenzhen-Hospital-CXR-Set\mask\mask\CHNCXR_0526_1_mask.png
shenzhen,0527,CHNCXR_0527_1.png,TB,C:\Users\abdul\OneDrive\Desktop\Data Preprocessing\Shenzhen-Hospital-CXR-Set\CXR_png\CHNCXR_0527_1.png,2511,2666,P,,True,"male 56yrs  	
bilateral PTB",5,True,9,True,True,C:\Users\abdul\OneDrive\Desktop\Data Preprocessing\Shenzhen-Hospital-CXR-Set\mask\mask\CHNCXR_0527_1_mask.png
shenzhen,0528,CHNCXR_0528_1.png,TB,C:\Users\abdul\OneDrive\Desktop\Data Preprocessing\Shenzhen-Hospital-CXR-Set\CXR_png\CHNCXR_0528_1.png,2266,2324,P,,True,"female 25yrs  	
Right PTB",1,True,1,True,True,C:\Users\abdul\OneDrive\Desktop\Data Preprocessing\Shenzhen-Hospital-CXR-Set\mask\mask\CHNCXR_0528_1_mask.png
shenzhen,0529,CHNCXR_0529_1.png,TB,C:\Users\abdul\OneDrive\Desktop\Data Preprocessing\Shenzhen-Hospital-CXR-Set\CXR_png\CHNCXR_0529_1.png,2537,2631,P,,True,"female 24yrs  	
bilateral PTB",2,True,3,True,True,C:\Users\abdul\OneDrive\Desktop\Data Preprocessing\Shenzhen-Hospital-CXR-Set\mask\mask\CHNCXR_0529_1_mask.png
shenzhen,0530,CHNCXR_0530_1.png,TB,C:\Users\abdul\OneDrive\Desktop\Data Preprocessing\Shenzhen-Hospital-CXR-Set\CXR_png\CHNCXR_0530_1.png,2560,2614,P,,True,"male 55yrs  	
PTB in the bilateral upper fields",4,True,7,True,True,C:\Users\abdul\OneDrive\Desktop\Data Preprocessing\Shenzhen-Hospital-CXR-Set\mask\mask\CHNCXR_0530_1_mask.png
shenzhen,0531,CHNCXR_0531_1.png,TB,C:\Users\abdul\OneDrive\Desktop\Data Preprocessing\Shenzhen-Hospital-CXR-Set\CXR_png\CHNCXR_0531_1.png,2515,2528,P,,True,"female 23yrs  	
bilateral PTB",2,True,4,True,True,C:\Users\abdul\OneDrive\Desktop\Data Preprocessing\Shenzhen-Hospital-CXR-Set\mask\mask\CHNCXR_0531_1_mask.png
shenzhen,0532,CHNCXR_0532_1.png,TB,C:\Users\abdul\OneDrive\Desktop\Data Preprocessing\Shenzhen-Hospital-CXR-Set\CXR_png\CHNCXR_0532_1.png,2464,2304,P,,True,"female 45yrs  	
PTB in the right upper field",2,True,8,True,True,C:\Users\abdul\OneDrive\Desktop\Data Preprocessing\Shenzhen-Hospital-CXR-Set\mask\mask\CHNCXR_0532_1_mask.png
shenzhen,0533,CHNCXR_0533_1.png,TB,C:\Users\abdul\OneDrive\Desktop\Data Preprocessing\Shenzhen-Hospital-CXR-Set\CXR_png\CHNCXR_0533_1.png,3001,2320,P,,True,"male 57yrs  	
PTB in the left upper field",3,True,1,True,True,C:\Users\abdul\OneDrive\Desktop\Data Preprocessing\Shenzhen-Hospital-CXR-Set\mask\mask\CHNCXR_0533_1_mask.png
shenzhen,0534,CHNCXR_0534_1.png,TB,C:\Users\abdul\OneDrive\Desktop\Data Preprocessing\Shenzhen-Hospital-CXR-Set\CXR_png\CHNCXR_0534_1.png,2772,2937,P,,True,"male 21yrs  	
Right PTB",2,True,1,True,True,C:\Users\abdul\OneDrive\Desktop\Data Preprocessing\Shenzhen-Hospital-CXR-Set\mask\mask\CHNCXR_0534_1_mask.png
shenzhen,0535,CHNCXR_0535_1.png,TB,C:\Users\abdul\OneDrive\Desktop\Data Preprocessing\Shenzhen-Hospital-CXR-Set\CXR_png\CHNCXR_0535_1.png,2671,2897,P,,True,"male 21yrs  	
PTB in the right lower field",3,True,10,True,True,C:\Users\abdul\OneDrive\Desktop\Data Preprocessing\Shenzhen-Hospital-CXR-Set\mask\mask\CHNCXR_0535_1_mask.png
shenzhen,0536,CHNCXR_0536_1.png,TB,C:\Users\abdul\OneDrive\Desktop\Data Preprocessing\Shenzhen-Hospital-CXR-Set\CXR_png\CHNCXR_0536_1.png,2396,2533,P,,True,"female 28yrs  	
PTB in the right upper field",3,True,3,True,True,C:\Users\abdul\OneDrive\Desktop\Data Preprocessing\Shenzhen-Hospital-CXR-Set\mask\mask\CHNCXR_0536_1_mask.png
shenzhen,0537,CHNCXR_0537_1.png,TB,C:\Users\abdul\OneDrive\Desktop\Data Preprocessing\Shenzhen-Hospital-CXR-Set\CXR_png\CHNCXR_0537_1.png,2632,2868,P,,True,"male 33yrs  	
PTB in the bilateral upper fields",2,True,2,True,True,C:\Users\abdul\OneDrive\Desktop\Data Preprocessing\Shenzhen-Hospital-CXR-Set\mask\mask\CHNCXR_0537_1_mask.png
shenzhen,0538,CHNCXR_0538_1.png,TB,C:\Users\abdul\OneDrive\Desktop\Data Preprocessing\Shenzhen-Hospital-CXR-Set\CXR_png\CHNCXR_0538_1.png,2509,2937,P,,True,"male 38yrs  	
PTB in the bilateral upper fields",5,True,9,True,True,C:\Users\abdul\OneDrive\Desktop\Data Preprocessing\Shenzhen-Hospital-CXR-Set\mask\mask\CHNCXR_0538_1_mask.png
shenzhen,0539,CHNCXR_0539_1.png,TB,C:\Users\abdul\OneDrive\Desktop\Data Preprocessing\Shenzhen-Hospital-CXR-Set\CXR_png\CHNCXR_0539_1.png,2520,2905,P,,True,"male 38yrs  	
PTB in the left upper field",2,True,2,True,True,C:\Users\abdul\OneDrive\Desktop\Data Preprocessing\Shenzhen-Hospital-CXR-Set\mask\mask\CHNCXR_0539_1_mask.png
shenzhen,0540,CHNCXR_0540_1.png,TB,C:\Users\abdul\OneDrive\Desktop\Data Preprocessing\Shenzhen-Hospital-CXR-Set\CXR_png\CHNCXR_0540_1.png,2351,2726,P,,True,"male 30yrs  	
PTB in the left upper field",2,True,2,True,True,C:\Users\abdul\OneDrive\Desktop\Data Preprocessing\Shenzhen-Hospital-CXR-Set\mask\mask\CHNCXR_0540_1_mask.png
shenzhen,0541,CHNCXR_0541_1.png,TB,C:\Users\abdul\OneDrive\Desktop\Data Preprocessing\Shenzhen-Hospital-CXR-Set\CXR_png\CHNCXR_0541_1.png,2658,2977,P,,True,"male 23yrs  	
PTB in the right upper field",2,True,5,True,True,C:\Users\abdul\OneDrive\Desktop\Data Preprocessing\Shenzhen-Hospital-CXR-Set\mask\mask\CHNCXR_0541_1_mask.png
shenzhen,0542,CHNCXR_0542_1.png,TB,C:\Users\abdul\OneDrive\Desktop\Data Preprocessing\Shenzhen-Hospital-CXR-Set\CXR_png\CHNCXR_0542_1.png,2372,2406,P,,True,"female 24yrs  	
PTB in the right upper field",1,True,2,True,True,C:\Users\abdul\OneDrive\Desktop\Data Preprocessing\Shenzhen-Hospital-CXR-Set\mask\mask\CHNCXR_0542_1_mask.png
shenzhen,0543,CHNCXR_0543_1.png,TB,C:\Users\abdul\OneDrive\Desktop\Data Preprocessing\Shenzhen-Hospital-CXR-Set\CXR_png\CHNCXR_0543_1.png,2607,2572,P,,True,"male 28yrs  	
PTB in the left upper field",2,True,3,True,True,C:\Users\abdul\OneDrive\Desktop\Data Preprocessing\Shenzhen-Hospital-CXR-Set\mask\mask\CHNCXR_0543_1_mask.png
shenzhen,0544,CHNCXR_0544_1.png,TB,C:\Users\abdul\OneDrive\Desktop\Data Preprocessing\Shenzhen-Hospital-CXR-Set\CXR_png\CHNCXR_0544_1.png,2693,2953,P,,True,"male 59yrs  	
PTB",6,True,13,True,True,C:\Users\abdul\OneDrive\Desktop\Data Preprocessing\Shenzhen-Hospital-CXR-Set\mask\mask\CHNCXR_0544_1_mask.png
shenzhen,0545,CHNCXR_0545_1.png,TB,C:\Users\abdul\OneDrive\Desktop\Data Preprocessing\Shenzhen-Hospital-CXR-Set\CXR_png\CHNCXR_0545_1.png,2674,3001,P,,True,"male 53yrs  	
Right PTB",5,True,5,True,True,C:\Users\abdul\OneDrive\Desktop\Data Preprocessing\Shenzhen-Hospital-CXR-Set\mask\mask\CHNCXR_0545_1_mask.png
shenzhen,0546,CHNCXR_0546_1.png,TB,C:\Users\abdul\OneDrive\Desktop\Data Preprocessing\Shenzhen-Hospital-CXR-Set\CXR_png\CHNCXR_0546_1.png,2524,2743,P,,True,"female 36yrs  	
bilateral PTB",2,True,18,True,True,C:\Users\abdul\OneDrive\Desktop\Data Preprocessing\Shenzhen-Hospital-CXR-Set\mask\mask\CHNCXR_0546_1_mask.png
shenzhen,0547,CHNCXR_0547_1.png,TB,C:\Users\abdul\OneDrive\Desktop\Data Preprocessing\Shenzhen-Hospital-CXR-Set\CXR_png\CHNCXR_0547_1.png,2610,2823,P,,True,"male 24yrs  	
Right PTB",3,True,13,True,True,C:\Users\abdul\OneDrive\Desktop\Data Preprocessing\Shenzhen-Hospital-CXR-Set\mask\mask\CHNCXR_0547_1_mask.png
shenzhen,0548,CHNCXR_0548_1.png,TB,C:\Users\abdul\OneDrive\Desktop\Data Preprocessing\Shenzhen-Hospital-CXR-Set\CXR_png\CHNCXR_0548_1.png,3000,2947,P,,True,"male 46yrs  	
PTB",5,True,1,True,True,C:\Users\abdul\OneDrive\Desktop\Data Preprocessing\Shenzhen-Hospital-CXR-Set\mask\mask\CHNCXR_0548_1_mask.png
shenzhen,0549,CHNCXR_0549_1.png,TB,C:\Users\abdul\OneDrive\Desktop\Data Preprocessing\Shenzhen-Hospital-CXR-Set\CXR_png\CHNCXR_0549_1.png,2371,2448,P,,True,"female 63yrs  	
bilateral PTB",4,True,9,True,True,C:\Users\abdul\OneDrive\Desktop\Data Preprocessing\Shenzhen-Hospital-CXR-Set\mask\mask\CHNCXR_0549_1_mask.png
shenzhen,0550,CHNCXR_0550_1.png,TB,C:\Users\abdul\OneDrive\Desktop\Data Preprocessing\Shenzhen-Hospital-CXR-Set\CXR_png\CHNCXR_0550_1.png,2521,2751,P,,True,"male 82yrs  	
Right PTB",4,True,0,False,True,C:\Users\abdul\OneDrive\Desktop\Data Preprocessing\Shenzhen-Hospital-CXR-Set\mask\mask\CHNCXR_0550_1_mask.png
shenzhen,0551,CHNCXR_0551_1.png,TB,C:\Users\abdul\OneDrive\Desktop\Data Preprocessing\Shenzhen-Hospital-CXR-Set\CXR_png\CHNCXR_0551_1.png,2481,2614,P,,True,"male 25yrs  	
Right PTB",2,True,3,True,True,C:\Users\abdul\OneDrive\Desktop\Data Preprocessing\Shenzhen-Hospital-CXR-Set\mask\mask\CHNCXR_0551_1_mask.png
shenzhen,0552,CHNCXR_0552_1.png,TB,C:\Users\abdul\OneDrive\Desktop\Data Preprocessing\Shenzhen-Hospital-CXR-Set\CXR_png\CHNCXR_0552_1.png,2996,2988,P,,True,"male 45yrs  	
PTB in the right upper field",3,True,4,True,True,C:\Users\abdul\OneDrive\Desktop\Data Preprocessing\Shenzhen-Hospital-CXR-Set\mask\mask\CHNCXR_0552_1_mask.png
shenzhen,0553,CHNCXR_0553_1.png,TB,C:\Users\abdul\OneDrive\Desktop\Data Preprocessing\Shenzhen-Hospital-CXR-Set\CXR_png\CHNCXR_0553_1.png,2491,2868,P,,True,"male 22yrs  	
bilateral PTB",4,True,6,True,True,C:\Users\abdul\OneDrive\Desktop\Data Preprocessing\Shenzhen-Hospital-CXR-Set\mask\mask\CHNCXR_0553_1_mask.png
shenzhen,0554,CHNCXR_0554_1.png,TB,C:\Users\abdul\OneDrive\Desktop\Data Preprocessing\Shenzhen-Hospital-CXR-Set\CXR_png\CHNCXR_0554_1.png,2612,2771,P,,True,"male 23yrs  	
Left PTB",1,True,1,True,True,C:\Users\abdul\OneDrive\Desktop\Data Preprocessing\Shenzhen-Hospital-CXR-Set\mask\mask\CHNCXR_0554_1_mask.png
shenzhen,0555,CHNCXR_0555_1.png,TB,C:\Users\abdul\OneDrive\Desktop\Data Preprocessing\Shenzhen-Hospital-CXR-Set\CXR_png\CHNCXR_0555_1.png,2497,2606,P,,True,"male 22yrs  	
bilateral hematogenous disseminated PTB",6,True,5,True,True,C:\Users\abdul\OneDrive\Desktop\Data Preprocessing\Shenzhen-Hospital-CXR-Set\mask\mask\CHNCXR_0555_1_mask.png
shenzhen,0556,CHNCXR_0556_1.png,TB,C:\Users\abdul\OneDrive\Desktop\Data Preprocessing\Shenzhen-Hospital-CXR-Set\CXR_png\CHNCXR_0556_1.png,2599,2567,P,,True,"male 26yrs  	
bilateral PTB",3,True,10,True,True,C:\Users\abdul\OneDrive\Desktop\Data Preprocessing\Shenzhen-Hospital-CXR-Set\mask\mask\CHNCXR_0556_1_mask.png
shenzhen,0557,CHNCXR_0557_1.png,TB,C:\Users\abdul\OneDrive\Desktop\Data Preprocessing\Shenzhen-Hospital-CXR-Set\CXR_png\CHNCXR_0557_1.png,2792,2955,P,,True,"male 27yrs  	
Right PTB",5,True,5,True,True,C:\Users\abdul\OneDrive\Desktop\Data Preprocessing\Shenzhen-Hospital-CXR-Set\mask\mask\CHNCXR_0557_1_mask.png
shenzhen,0558,CHNCXR_0558_1.png,TB,C:\Users\abdul\OneDrive\Desktop\Data Preprocessing\Shenzhen-Hospital-CXR-Set\CXR_png\CHNCXR_0558_1.png,2537,2986,P,,True,"male 40yrs  	
bilateral PTB",3,True,4,True,True,C:\Users\abdul\OneDrive\Desktop\Data Preprocessing\Shenzhen-Hospital-CXR-Set\mask\mask\CHNCXR_0558_1_mask.png
shenzhen,0559,CHNCXR_0559_1.png,TB,C:\Users\abdul\OneDrive\Desktop\Data Preprocessing\Shenzhen-Hospital-CXR-Set\CXR_png\CHNCXR_0559_1.png,2735,2883,P,,True,"male 40yrs  	
Right PTB",8,True,1,True,True,C:\Users\abdul\OneDrive\Desktop\Data Preprocessing\Shenzhen-Hospital-CXR-Set\mask\mask\CHNCXR_0559_1_mask.png
shenzhen,0560,CHNCXR_0560_1.png,TB,C:\Users\abdul\OneDrive\Desktop\Data Preprocessing\Shenzhen-Hospital-CXR-Set\CXR_png\CHNCXR_0560_1.png,2662,2898,P,,True,"male 32yrs  	
bilateral PTB",11,True,8,True,False,
shenzhen,0561,CHNCXR_0561_1.png,TB,C:\Users\abdul\OneDrive\Desktop\Data Preprocessing\Shenzhen-Hospital-CXR-Set\CXR_png\CHNCXR_0561_1.png,2679,2967,P,,True,"male 51yrs  	
bilateral PTB",4,True,2,True,False,
shenzhen,0562,CHNCXR_0562_1.png,TB,C:\Users\abdul\OneDrive\Desktop\Data Preprocessing\Shenzhen-Hospital-CXR-Set\CXR_png\CHNCXR_0562_1.png,2516,2590,P,,True,"male 33yrs  	
left PTB",3,True,1,True,False,
shenzhen,0563,CHNCXR_0563_1.png,TB,C:\Users\abdul\OneDrive\Desktop\Data Preprocessing\Shenzhen-Hospital-CXR-Set\CXR_png\CHNCXR_0563_1.png,2615,2639,P,,True,"male 69yrs  	
left PTB",3,True,3,True,False,
shenzhen,0564,CHNCXR_0564_1.png,TB,C:\Users\abdul\OneDrive\Desktop\Data Preprocessing\Shenzhen-Hospital-CXR-Set\CXR_png\CHNCXR_0564_1.png,3000,2935,P,,True,"female 38yrs  	
Right PTB",2,True,2,True,False,
shenzhen,0565,CHNCXR_0565_1.png,TB,C:\Users\abdul\OneDrive\Desktop\Data Preprocessing\Shenzhen-Hospital-CXR-Set\CXR_png\CHNCXR_0565_1.png,2532,2228,P,,True,"male 79yrs  	
bilateral PTB",5,True,4,True,False,
shenzhen,0566,CHNCXR_0566_1.png,TB,C:\Users\abdul\OneDrive\Desktop\Data Preprocessing\Shenzhen-Hospital-CXR-Set\CXR_png\CHNCXR_0566_1.png,2573,2998,P,,True,"male 38yrs  	
Right PTB",2,True,2,True,True,C:\Users\abdul\OneDrive\Desktop\Data Preprocessing\Shenzhen-Hospital-CXR-Set\mask\mask\CHNCXR_0566_1_mask.png
shenzhen,0567,CHNCXR_0567_1.png,TB,C:\Users\abdul\OneDrive\Desktop\Data Preprocessing\Shenzhen-Hospital-CXR-Set\CXR_png\CHNCXR_0567_1.png,2995,2986,P,,True,"male 61yrs  	
bilateral PTB",7,True,3,True,True,C:\Users\abdul\OneDrive\Desktop\Data Preprocessing\Shenzhen-Hospital-CXR-Set\mask\mask\CHNCXR_0567_1_mask.png
shenzhen,0568,CHNCXR_0568_1.png,TB,C:\Users\abdul\OneDrive\Desktop\Data Preprocessing\Shenzhen-Hospital-CXR-Set\CXR_png\CHNCXR_0568_1.png,2646,2992,P,,True,"male 50yrs  	
bilateral PTB",3,True,3,True,True,C:\Users\abdul\OneDrive\Desktop\Data Preprocessing\Shenzhen-Hospital-CXR-Set\mask\mask\CHNCXR_0568_1_mask.png
shenzhen,0569,CHNCXR_0569_1.png,TB,C:\Users\abdul\OneDrive\Desktop\Data Preprocessing\Shenzhen-Hospital-CXR-Set\CXR_png\CHNCXR_0569_1.png,2503,2988,P,,True,"male 51yrs  	
bilateral PTB",11,True,2,True,True,C:\Users\abdul\OneDrive\Desktop\Data Preprocessing\Shenzhen-Hospital-CXR-Set\mask\mask\CHNCXR_0569_1_mask.png
shenzhen,0570,CHNCXR_0570_1.png,TB,C:\Users\abdul\OneDrive\Desktop\Data Preprocessing\Shenzhen-Hospital-CXR-Set\CXR_png\CHNCXR_0570_1.png,2524,2959,P,,True,"male 28yrs  	
bilateral PTB",1,True,0,False,True,C:\Users\abdul\OneDrive\Desktop\Data Preprocessing\Shenzhen-Hospital-CXR-Set\mask\mask\CHNCXR_0570_1_mask.png
shenzhen,0571,CHNCXR_0571_1.png,TB,C:\Users\abdul\OneDrive\Desktop\Data Preprocessing\Shenzhen-Hospital-CXR-Set\CXR_png\CHNCXR_0571_1.png,2725,2987,P,,True,"female 36yrs  	
Right PTB",2,True,1,True,True,C:\Users\abdul\OneDrive\Desktop\Data Preprocessing\Shenzhen-Hospital-CXR-Set\mask\mask\CHNCXR_0571_1_mask.png
shenzhen,0572,CHNCXR_0572_1.png,TB,C:\Users\abdul\OneDrive\Desktop\Data Preprocessing\Shenzhen-Hospital-CXR-Set\CXR_png\CHNCXR_0572_1.png,2400,2289,P,,True,"female 57yrs  	
bilateral PTB",3,True,2,True,True,C:\Users\abdul\OneDrive\Desktop\Data Preprocessing\Shenzhen-Hospital-CXR-Set\mask\mask\CHNCXR_0572_1_mask.png
shenzhen,0573,CHNCXR_0573_1.png,TB,C:\Users\abdul\OneDrive\Desktop\Data Preprocessing\Shenzhen-Hospital-CXR-Set\CXR_png\CHNCXR_0573_1.png,2519,2988,P,,True,"male 32yrs  	
bilateral PTB",8,True,3,True,True,C:\Users\abdul\OneDrive\Desktop\Data Preprocessing\Shenzhen-Hospital-CXR-Set\mask\mask\CHNCXR_0573_1_mask.png
shenzhen,0574,CHNCXR_0574_1.png,TB,C:\Users\abdul\OneDrive\Desktop\Data Preprocessing\Shenzhen-Hospital-CXR-Set\CXR_png\CHNCXR_0574_1.png,2609,2991,P,,True,"female 35yrs  	
Right PTB",2,True,3,True,True,C:\Users\abdul\OneDrive\Desktop\Data Preprocessing\Shenzhen-Hospital-CXR-Set\mask\mask\CHNCXR_0574_1_mask.png
shenzhen,0575,CHNCXR_0575_1.png,TB,C:\Users\abdul\OneDrive\Desktop\Data Preprocessing\Shenzhen-Hospital-CXR-Set\CXR_png\CHNCXR_0575_1.png,2443,2453,P,,True,"female 33yrs  	
bilateral PTB",4,True,3,True,True,C:\Users\abdul\OneDrive\Desktop\Data Preprocessing\Shenzhen-Hospital-CXR-Set\mask\mask\CHNCXR_0575_1_mask.png
shenzhen,0576,CHNCXR_0576_1.png,TB,C:\Users\abdul\OneDrive\Desktop\Data Preprocessing\Shenzhen-Hospital-CXR-Set\CXR_png\CHNCXR_0576_1.png,2437,2806,P,,True,"male 63yrs  	
Right PTB",2,True,4,True,True,C:\Users\abdul\OneDrive\Desktop\Data Preprocessing\Shenzhen-Hospital-CXR-Set\mask\mask\CHNCXR_0576_1_mask.png
shenzhen,0577,CHNCXR_0577_1.png,TB,C:\Users\abdul\OneDrive\Desktop\Data Preprocessing\Shenzhen-Hospital-CXR-Set\CXR_png\CHNCXR_0577_1.png,2384,2319,P,,True,"female 74yrs  	
Right PTB",2,True,0,False,True,C:\Users\abdul\OneDrive\Desktop\Data Preprocessing\Shenzhen-Hospital-CXR-Set\mask\mask\CHNCXR_0577_1_mask.png
shenzhen,0578,CHNCXR_0578_1.png,TB,C:\Users\abdul\OneDrive\Desktop\Data Preprocessing\Shenzhen-Hospital-CXR-Set\CXR_png\CHNCXR_0578_1.png,2903,2990,P,,True,"male 29yrs  	
Right PTB",3,True,7,True,True,C:\Users\abdul\OneDrive\Desktop\Data Preprocessing\Shenzhen-Hospital-CXR-Set\mask\mask\CHNCXR_0578_1_mask.png
shenzhen,0579,CHNCXR_0579_1.png,TB,C:\Users\abdul\OneDrive\Desktop\Data Preprocessing\Shenzhen-Hospital-CXR-Set\CXR_png\CHNCXR_0579_1.png,2312,2743,P,,True,"male 24yrs  	
left PTB",4,True,7,True,True,C:\Users\abdul\OneDrive\Desktop\Data Preprocessing\Shenzhen-Hospital-CXR-Set\mask\mask\CHNCXR_0579_1_mask.png
shenzhen,0580,CHNCXR_0580_1.png,TB,C:\Users\abdul\OneDrive\Desktop\Data Preprocessing\Shenzhen-Hospital-CXR-Set\CXR_png\CHNCXR_0580_1.png,2628,2976,P,,True,"male 25yrs  	
left PTB",5,True,2,True,True,C:\Users\abdul\OneDrive\Desktop\Data Preprocessing\Shenzhen-Hospital-CXR-Set\mask\mask\CHNCXR_0580_1_mask.png
shenzhen,0581,CHNCXR_0581_1.png,TB,C:\Users\abdul\OneDrive\Desktop\Data Preprocessing\Shenzhen-Hospital-CXR-Set\CXR_png\CHNCXR_0581_1.png,2550,2829,P,,True,"male 25yrs  	
left PTB",1,True,1,True,True,C:\Users\abdul\OneDrive\Desktop\Data Preprocessing\Shenzhen-Hospital-CXR-Set\mask\mask\CHNCXR_0581_1_mask.png
shenzhen,0582,CHNCXR_0582_1.png,TB,C:\Users\abdul\OneDrive\Desktop\Data Preprocessing\Shenzhen-Hospital-CXR-Set\CXR_png\CHNCXR_0582_1.png,2761,2894,P,,True,"male 44yrs  	
bilateral PTB",5,True,8,True,True,C:\Users\abdul\OneDrive\Desktop\Data Preprocessing\Shenzhen-Hospital-CXR-Set\mask\mask\CHNCXR_0582_1_mask.png
shenzhen,0583,CHNCXR_0583_1.png,TB,C:\Users\abdul\OneDrive\Desktop\Data Preprocessing\Shenzhen-Hospital-CXR-Set\CXR_png\CHNCXR_0583_1.png,2996,2977,P,,True,"male 29yrs  	
Right PTB",1,True,2,True,True,C:\Users\abdul\OneDrive\Desktop\Data Preprocessing\Shenzhen-Hospital-CXR-Set\mask\mask\CHNCXR_0583_1_mask.png
shenzhen,0584,CHNCXR_0584_1.png,TB,C:\Users\abdul\OneDrive\Desktop\Data Preprocessing\Shenzhen-Hospital-CXR-Set\CXR_png\CHNCXR_0584_1.png,2643,2735,P,,True,"female 22yrs  	
left PTB",2,True,5,True,True,C:\Users\abdul\OneDrive\Desktop\Data Preprocessing\Shenzhen-Hospital-CXR-Set\mask\mask\CHNCXR_0584_1_mask.png
shenzhen,0585,CHNCXR_0585_1.png,TB,C:\Users\abdul\OneDrive\Desktop\Data Preprocessing\Shenzhen-Hospital-CXR-Set\CXR_png\CHNCXR_0585_1.png,3001,2988,P,,True,"male 18yrs  	
left PTB",2,True,3,True,True,C:\Users\abdul\OneDrive\Desktop\Data Preprocessing\Shenzhen-Hospital-CXR-Set\mask\mask\CHNCXR_0585_1_mask.png
shenzhen,0586,CHNCXR_0586_1.png,TB,C:\Users\abdul\OneDrive\Desktop\Data Preprocessing\Shenzhen-Hospital-CXR-Set\CXR_png\CHNCXR_0586_1.png,2419,2609,P,,True,"female 38yrs   	
bilateral PTB",11,True,17,True,True,C:\Users\abdul\OneDrive\Desktop\Data Preprocessing\Shenzhen-Hospital-CXR-Set\mask\mask\CHNCXR_0586_1_mask.png
shenzhen,0587,CHNCXR_0587_1.png,TB,C:\Users\abdul\OneDrive\Desktop\Data Preprocessing\Shenzhen-Hospital-CXR-Set\CXR_png\CHNCXR_0587_1.png,2996,2989,P,,True,"male 34yrs  	
left PTB",1,True,6,True,True,C:\Users\abdul\OneDrive\Desktop\Data Preprocessing\Shenzhen-Hospital-CXR-Set\mask\mask\CHNCXR_0587_1_mask.png
shenzhen,0588,CHNCXR_0588_1.png,TB,C:\Users\abdul\OneDrive\Desktop\Data Preprocessing\Shenzhen-Hospital-CXR-Set\CXR_png\CHNCXR_0588_1.png,2554,2789,P,,True,"male 25yrs  	
secondary PTB  in the left upper field",1,True,6,True,True,C:\Users\abdul\OneDrive\Desktop\Data Preprocessing\Shenzhen-Hospital-CXR-Set\mask\mask\CHNCXR_0588_1_mask.png
shenzhen,0589,CHNCXR_0589_1.png,TB,C:\Users\abdul\OneDrive\Desktop\Data Preprocessing\Shenzhen-Hospital-CXR-Set\CXR_png\CHNCXR_0589_1.png,2421,2645,P,,True,"male 54yrs  	
bilateral secondary PTB",11,True,0,False,True,C:\Users\abdul\OneDrive\Desktop\Data Preprocessing\Shenzhen-Hospital-CXR-Set\mask\mask\CHNCXR_0589_1_mask.png
shenzhen,0590,CHNCXR_0590_1.png,TB,C:\Users\abdul\OneDrive\Desktop\Data Preprocessing\Shenzhen-Hospital-CXR-Set\CXR_png\CHNCXR_0590_1.png,2427,2698,P,,True,"male 21yrs  	
secondary PTB  in the bilateral upper fields",4,True,22,True,True,C:\Users\abdul\OneDrive\Desktop\Data Preprocessing\Shenzhen-Hospital-CXR-Set\mask\mask\CHNCXR_0590_1_mask.png
shenzhen,0591,CHNCXR_0591_1.png,TB,C:\Users\abdul\OneDrive\Desktop\Data Preprocessing\Shenzhen-Hospital-CXR-Set\CXR_png\CHNCXR_0591_1.png,3001,2977,P,,True,"male 46yrs  	
right lower field PTB",1,True,0,False,True,C:\Users\abdul\OneDrive\Desktop\Data Preprocessing\Shenzhen-Hospital-CXR-Set\mask\mask\CHNCXR_0591_1_mask.png
shenzhen,0592,CHNCXR_0592_1.png,TB,C:\Users\abdul\OneDrive\Desktop\Data Preprocessing\Shenzhen-Hospital-CXR-Set\CXR_png\CHNCXR_0592_1.png,2629,2701,P,,True,"male 55yrs  	
left PTB",4,True,1,True,True,C:\Users\abdul\OneDrive\Desktop\Data Preprocessing\Shenzhen-Hospital-CXR-Set\mask\mask\CHNCXR_0592_1_mask.png
shenzhen,0593,CHNCXR_0593_1.png,TB,C:\Users\abdul\OneDrive\Desktop\Data Preprocessing\Shenzhen-Hospital-CXR-Set\CXR_png\CHNCXR_0593_1.png,2330,2418,P,,True,"female 25yrs  	
secondary PTB  in the left upper field",1,True,0,False,True,C:\Users\abdul\OneDrive\Desktop\Data Preprocessing\Shenzhen-Hospital-CXR-Set\mask\mask\CHNCXR_0593_1_mask.png
shenzhen,0594,CHNCXR_0594_1.png,TB,C:\Users\abdul\OneDrive\Desktop\Data Preprocessing\Shenzhen-Hospital-CXR-Set\CXR_png\CHNCXR_0594_1.png,2356,2506,P,,True,"female 29yrs  	
bilateral PTB",12,True,4,True,True,C:\Users\abdul\OneDrive\Desktop\Data Preprocessing\Shenzhen-Hospital-CXR-Set\mask\mask\CHNCXR_0594_1_mask.png
shenzhen,0595,CHNCXR_0595_1.png,TB,C:\Users\abdul\OneDrive\Desktop\Data Preprocessing\Shenzhen-Hospital-CXR-Set\CXR_png\CHNCXR_0595_1.png,2234,2525,P,,True,"female 22yrs  	
right lower field PTB",1,True,1,True,True,C:\Users\abdul\OneDrive\Desktop\Data Preprocessing\Shenzhen-Hospital-CXR-Set\mask\mask\CHNCXR_0595_1_mask.png
shenzhen,0596,CHNCXR_0596_1.png,TB,C:\Users\abdul\OneDrive\Desktop\Data Preprocessing\Shenzhen-Hospital-CXR-Set\CXR_png\CHNCXR_0596_1.png,2406,2970,P,,True,"male 46yrs  	
bilateral PTB",5,True,2,True,True,C:\Users\abdul\OneDrive\Desktop\Data Preprocessing\Shenzhen-Hospital-CXR-Set\mask\mask\CHNCXR_0596_1_mask.png
shenzhen,0597,CHNCXR_0597_1.png,TB,C:\Users\abdul\OneDrive\Desktop\Data Preprocessing\Shenzhen-Hospital-CXR-Set\CXR_png\CHNCXR_0597_1.png,2996,2991,P,,True,"male 36yrs  	
Right PTB",2,True,1,True,True,C:\Users\abdul\OneDrive\Desktop\Data Preprocessing\Shenzhen-Hospital-CXR-Set\mask\mask\CHNCXR_0597_1_mask.png
shenzhen,0598,CHNCXR_0598_1.png,TB,C:\Users\abdul\OneDrive\Desktop\Data Preprocessing\Shenzhen-Hospital-CXR-Set\CXR_png\CHNCXR_0598_1.png,2221,2179,P,,True,"female 15yrs  	
bilateral PTB, right pleurisy",7,True,2,True,True,C:\Users\abdul\OneDrive\Desktop\Data Preprocessing\Shenzhen-Hospital-CXR-Set\mask\mask\CHNCXR_0598_1_mask.png
shenzhen,0599,CHNCXR_0599_1.png,TB,C:\Users\abdul\OneDrive\Desktop\Data Preprocessing\Shenzhen-Hospital-CXR-Set\CXR_png\CHNCXR_0599_1.png,3000,2975,P,,True,"male 39yrs  	
Right PTB",9,True,1,True,True,C:\Users\abdul\OneDrive\Desktop\Data Preprocessing\Shenzhen-Hospital-CXR-Set\mask\mask\CHNCXR_0599_1_mask.png
shenzhen,0600,CHNCXR_0600_1.png,TB,C:\Users\abdul\OneDrive\Desktop\Data Preprocessing\Shenzhen-Hospital-CXR-Set\CXR_png\CHNCXR_0600_1.png,2998,2857,P,,True,"male 23yrs  	
bilateral subacute hematogenous disseminated PTB",3,True,3,True,True,C:\Users\abdul\OneDrive\Desktop\Data Preprocessing\Shenzhen-Hospital-CXR-Set\mask\mask\CHNCXR_0600_1_mask.png
shenzhen,0601,CHNCXR_0601_1.png,TB,C:\Users\abdul\OneDrive\Desktop\Data Preprocessing\Shenzhen-Hospital-CXR-Set\CXR_png\CHNCXR_0601_1.png,2698,2988,P,,True,"female 58yrs  	
left PTB",2,True,2,True,True,C:\Users\abdul\OneDrive\Desktop\Data Preprocessing\Shenzhen-Hospital-CXR-Set\mask\mask\CHNCXR_0601_1_mask.png
shenzhen,0602,CHNCXR_0602_1.png,TB,C:\Users\abdul\OneDrive\Desktop\Data Preprocessing\Shenzhen-Hospital-CXR-Set\CXR_png\CHNCXR_0602_1.png,2299,2539,P,,True,"male 42yrs  	
bilateral PTB",6,True,17,True,True,C:\Users\abdul\OneDrive\Desktop\Data Preprocessing\Shenzhen-Hospital-CXR-Set\mask\mask\CHNCXR_0602_1_mask.png
shenzhen,0603,CHNCXR_0603_1.png,TB,C:\Users\abdul\OneDrive\Desktop\Data Preprocessing\Shenzhen-Hospital-CXR-Set\CXR_png\CHNCXR_0603_1.png,2324,2953,P,,True,"male 60yrs  	
bilateral PTB",5,True,7,True,True,C:\Users\abdul\OneDrive\Desktop\Data Preprocessing\Shenzhen-Hospital-CXR-Set\mask\mask\CHNCXR_0603_1_mask.png
shenzhen,0604,CHNCXR_0604_1.png,TB,C:\Users\abdul\OneDrive\Desktop\Data Preprocessing\Shenzhen-Hospital-CXR-Set\CXR_png\CHNCXR_0604_1.png,3000,2967,P,,True,"male 35yrs  	
Right PTB",1,True,1,True,True,C:\Users\abdul\OneDrive\Desktop\Data Preprocessing\Shenzhen-Hospital-CXR-Set\mask\mask\CHNCXR_0604_1_mask.png
shenzhen,0605,CHNCXR_0605_1.png,TB,C:\Users\abdul\OneDrive\Desktop\Data Preprocessing\Shenzhen-Hospital-CXR-Set\CXR_png\CHNCXR_0605_1.png,2410,2962,P,,True,"male 23yrs  	
left PTB",8,True,2,True,True,C:\Users\abdul\OneDrive\Desktop\Data Preprocessing\Shenzhen-Hospital-CXR-Set\mask\mask\CHNCXR_0605_1_mask.png
shenzhen,0606,CHNCXR_0606_1.png,TB,C:\Users\abdul\OneDrive\Desktop\Data Preprocessing\Shenzhen-Hospital-CXR-Set\CXR_png\CHNCXR_0606_1.png,2619,2641,P,,True,"female 78yrs  	
bilateral PTB",0,False,4,True,True,C:\Users\abdul\OneDrive\Desktop\Data Preprocessing\Shenzhen-Hospital-CXR-Set\mask\mask\CHNCXR_0606_1_mask.png
shenzhen,0607,CHNCXR_0607_1.png,TB,C:\Users\abdul\OneDrive\Desktop\Data Preprocessing\Shenzhen-Hospital-CXR-Set\CXR_png\CHNCXR_0607_1.png,2997,2987,P,,True,"male 17yrs  	
left PTB",2,True,6,True,True,C:\Users\abdul\OneDrive\Desktop\Data Preprocessing\Shenzhen-Hospital-CXR-Set\mask\mask\CHNCXR_0607_1_mask.png
shenzhen,0608,CHNCXR_0608_1.png,TB,C:\Users\abdul\OneDrive\Desktop\Data Preprocessing\Shenzhen-Hospital-CXR-Set\CXR_png\CHNCXR_0608_1.png,2995,2986,P,,True,"male 37yrs  	
left PTB",2,True,1,True,True,C:\Users\abdul\OneDrive\Desktop\Data Preprocessing\Shenzhen-Hospital-CXR-Set\mask\mask\CHNCXR_0608_1_mask.png
shenzhen,0609,CHNCXR_0609_1.png,TB,C:\Users\abdul\OneDrive\Desktop\Data Preprocessing\Shenzhen-Hospital-CXR-Set\CXR_png\CHNCXR_0609_1.png,2725,2776,P,,True,"male 26yrs  	
PTB in the left upper field",0,False,1,True,True,C:\Users\abdul\OneDrive\Desktop\Data Preprocessing\Shenzhen-Hospital-CXR-Set\mask\mask\CHNCXR_0609_1_mask.png
shenzhen,0610,CHNCXR_0610_1.png,TB,C:\Users\abdul\OneDrive\Desktop\Data Preprocessing\Shenzhen-Hospital-CXR-Set\CXR_png\CHNCXR_0610_1.png,2525,2493,P,,True,"female 53yrs  	
Bilateral secondary PTB",9,True,8,True,True,C:\Users\abdul\OneDrive\Desktop\Data Preprocessing\Shenzhen-Hospital-CXR-Set\mask\mask\CHNCXR_0610_1_mask.png
shenzhen,0611,CHNCXR_0611_1.png,TB,C:\Users\abdul\OneDrive\Desktop\Data Preprocessing\Shenzhen-Hospital-CXR-Set\CXR_png\CHNCXR_0611_1.png,2479,2680,P,,True,"female 20yrs  	
PTB in the right upper field",2,True,3,True,True,C:\Users\abdul\OneDrive\Desktop\Data Preprocessing\Shenzhen-Hospital-CXR-Set\mask\mask\CHNCXR_0611_1_mask.png
shenzhen,0612,CHNCXR_0612_1.png,TB,C:\Users\abdul\OneDrive\Desktop\Data Preprocessing\Shenzhen-Hospital-CXR-Set\CXR_png\CHNCXR_0612_1.png,2735,2929,P,,True,"male 42yrs  	
right secondary PTB",0,False,4,True,True,C:\Users\abdul\OneDrive\Desktop\Data Preprocessing\Shenzhen-Hospital-CXR-Set\mask\mask\CHNCXR_0612_1_mask.png
shenzhen,0613,CHNCXR_0613_1.png,TB,C:\Users\abdul\OneDrive\Desktop\Data Preprocessing\Shenzhen-Hospital-CXR-Set\CXR_png\CHNCXR_0613_1.png,2546,2672,P,,True,"female 30yrs  	
Old PTB in the right upper field",2,True,4,True,True,C:\Users\abdul\OneDrive\Desktop\Data Preprocessing\Shenzhen-Hospital-CXR-Set\mask\mask\CHNCXR_0613_1_mask.png
shenzhen,0614,CHNCXR_0614_1.png,TB,C:\Users\abdul\OneDrive\Desktop\Data Preprocessing\Shenzhen-Hospital-CXR-Set\CXR_png\CHNCXR_0614_1.png,2401,2334,P,,True,"female 32yrs  	
PTB in the right upper field",2,True,1,True,True,C:\Users\abdul\OneDrive\Desktop\Data Preprocessing\Shenzhen-Hospital-CXR-Set\mask\mask\CHNCXR_0614_1_mask.png
shenzhen,0615,CHNCXR_0615_1.png,TB,C:\Users\abdul\OneDrive\Desktop\Data Preprocessing\Shenzhen-Hospital-CXR-Set\CXR_png\CHNCXR_0615_1.png,2387,2730,P,,True,"female 40yrs  	
PTB in the right upper field",4,True,3,True,True,C:\Users\abdul\OneDrive\Desktop\Data Preprocessing\Shenzhen-Hospital-CXR-Set\mask\mask\CHNCXR_0615_1_mask.png
shenzhen,0616,CHNCXR_0616_1.png,TB,C:\Users\abdul\OneDrive\Desktop\Data Preprocessing\Shenzhen-Hospital-CXR-Set\CXR_png\CHNCXR_0616_1.png,2235,2465,P,,True,"male 54yrs  	
PTB in the right upper field",4,True,4,True,True,C:\Users\abdul\OneDrive\Desktop\Data Preprocessing\Shenzhen-Hospital-CXR-Set\mask\mask\CHNCXR_0616_1_mask.png
shenzhen,0617,CHNCXR_0617_1.png,TB,C:\Users\abdul\OneDrive\Desktop\Data Preprocessing\Shenzhen-Hospital-CXR-Set\CXR_png\CHNCXR_0617_1.png,2679,2843,P,,True,"male 49yrs  	
Right PTB",4,True,3,True,True,C:\Users\abdul\OneDrive\Desktop\Data Preprocessing\Shenzhen-Hospital-CXR-Set\mask\mask\CHNCXR_0617_1_mask.png
shenzhen,0618,CHNCXR_0618_1.png,TB,C:\Users\abdul\OneDrive\Desktop\Data Preprocessing\Shenzhen-Hospital-CXR-Set\CXR_png\CHNCXR_0618_1.png,2268,2427,P,,True,"male 25yrs  	
bilateral PTB",8,True,4,True,True,C:\Users\abdul\OneDrive\Desktop\Data Preprocessing\Shenzhen-Hospital-CXR-Set\mask\mask\CHNCXR_0618_1_mask.png
shenzhen,0619,CHNCXR_0619_1.png,TB,C:\Users\abdul\OneDrive\Desktop\Data Preprocessing\Shenzhen-Hospital-CXR-Set\CXR_png\CHNCXR_0619_1.png,2254,2398,P,,True,"female 38yrs  	
PTB in the left upper field",3,True,1,True,True,C:\Users\abdul\OneDrive\Desktop\Data Preprocessing\Shenzhen-Hospital-CXR-Set\mask\mask\CHNCXR_0619_1_mask.png
shenzhen,0620,CHNCXR_0620_1.png,TB,C:\Users\abdul\OneDrive\Desktop\Data Preprocessing\Shenzhen-Hospital-CXR-Set\CXR_png\CHNCXR_0620_1.png,2339,2511,P,,True,"male 37yrs  	
PTB in the right upper field",8,True,8,True,True,C:\Users\abdul\OneDrive\Desktop\Data Preprocessing\Shenzhen-Hospital-CXR-Set\mask\mask\CHNCXR_0620_1_mask.png
shenzhen,0621,CHNCXR_0621_1.png,TB,C:\Users\abdul\OneDrive\Desktop\Data Preprocessing\Shenzhen-Hospital-CXR-Set\CXR_png\CHNCXR_0621_1.png,2584,2630,P,,True,"male 42yrs  	
Right PTB",5,True,7,True,True,C:\Users\abdul\OneDrive\Desktop\Data Preprocessing\Shenzhen-Hospital-CXR-Set\mask\mask\CHNCXR_0621_1_mask.png
shenzhen,0622,CHNCXR_0622_1.png,TB,C:\Users\abdul\OneDrive\Desktop\Data Preprocessing\Shenzhen-Hospital-CXR-Set\CXR_png\CHNCXR_0622_1.png,2420,2403,P,,True,"female 49yrs  	
left PTB",2,True,2,True,True,C:\Users\abdul\OneDrive\Desktop\Data Preprocessing\Shenzhen-Hospital-CXR-Set\mask\mask\CHNCXR_0622_1_mask.png
shenzhen,0623,CHNCXR_0623_1.png,TB,C:\Users\abdul\OneDrive\Desktop\Data Preprocessing\Shenzhen-Hospital-CXR-Set\CXR_png\CHNCXR_0623_1.png,2238,2554,P,,True,"female 39yrs  	
PTB in the right upper field",2,True,2,True,True,C:\Users\abdul\OneDrive\Desktop\Data Preprocessing\Shenzhen-Hospital-CXR-Set\mask\mask\CHNCXR_0623_1_mask.png
shenzhen,0624,CHNCXR_0624_1.png,TB,C:\Users\abdul\OneDrive\Desktop\Data Preprocessing\Shenzhen-Hospital-CXR-Set\CXR_png\CHNCXR_0624_1.png,2623,2670,P,,True,"female 76yrs  	
PTB in the left upper field",0,False,5,True,True,C:\Users\abdul\OneDrive\Desktop\Data Preprocessing\Shenzhen-Hospital-CXR-Set\mask\mask\CHNCXR_0624_1_mask.png
shenzhen,0625,CHNCXR_0625_1.png,TB,C:\Users\abdul\OneDrive\Desktop\Data Preprocessing\Shenzhen-Hospital-CXR-Set\CXR_png\CHNCXR_0625_1.png,2350,2841,P,,True,"male 30yrs  	
PTB in the right upper field",4,True,3,True,True,C:\Users\abdul\OneDrive\Desktop\Data Preprocessing\Shenzhen-Hospital-CXR-Set\mask\mask\CHNCXR_0625_1_mask.png
shenzhen,0626,CHNCXR_0626_1.png,TB,C:\Users\abdul\OneDrive\Desktop\Data Preprocessing\Shenzhen-Hospital-CXR-Set\CXR_png\CHNCXR_0626_1.png,3001,2989,P,,True,"male 49yrs  	
PTB in the right lower field",2,True,1,True,True,C:\Users\abdul\OneDrive\Desktop\Data Preprocessing\Shenzhen-Hospital-CXR-Set\mask\mask\CHNCXR_0626_1_mask.png
shenzhen,0627,CHNCXR_0627_1.png,TB,C:\Users\abdul\OneDrive\Desktop\Data Preprocessing\Shenzhen-Hospital-CXR-Set\CXR_png\CHNCXR_0627_1.png,2607,2871,P,,True,"female 26yrs  	
secondary PTB  in the right upper field",1,True,1,True,True,C:\Users\abdul\OneDrive\Desktop\Data Preprocessing\Shenzhen-Hospital-CXR-Set\mask\mask\CHNCXR_0627_1_mask.png
shenzhen,0628,CHNCXR_0628_1.png,TB,C:\Users\abdul\OneDrive\Desktop\Data Preprocessing\Shenzhen-Hospital-CXR-Set\CXR_png\CHNCXR_0628_1.png,3001,2987,P,,True,"male 27yrs  	
secondary PTB  in the right upper field",3,True,1,True,True,C:\Users\abdul\OneDrive\Desktop\Data Preprocessing\Shenzhen-Hospital-CXR-Set\mask\mask\CHNCXR_0628_1_mask.png
shenzhen,0629,CHNCXR_0629_1.png,TB,C:\Users\abdul\OneDrive\Desktop\Data Preprocessing\Shenzhen-Hospital-CXR-Set\CXR_png\CHNCXR_0629_1.png,2457,2501,P,,True,"male 62yrs  	
Bilateral secondary PTB",3,True,15,True,True,C:\Users\abdul\OneDrive\Desktop\Data Preprocessing\Shenzhen-Hospital-CXR-Set\mask\mask\CHNCXR_0629_1_mask.png
shenzhen,0630,CHNCXR_0630_1.png,TB,C:\Users\abdul\OneDrive\Desktop\Data Preprocessing\Shenzhen-Hospital-CXR-Set\CXR_png\CHNCXR_0630_1.png,2997,2985,P,,True,"male 2yrs  	
secondary PTB  in the bilateral upper field",5,True,11,True,True,C:\Users\abdul\OneDrive\Desktop\Data Preprocessing\Shenzhen-Hospital-CXR-Set\mask\mask\CHNCXR_0630_1_mask.png
shenzhen,0631,CHNCXR_0631_1.png,TB,C:\Users\abdul\OneDrive\Desktop\Data Preprocessing\Shenzhen-Hospital-CXR-Set\CXR_png\CHNCXR_0631_1.png,2406,2705,P,,True,"female 28yrs  	
secondary PTB  in the right upper field",1,True,1,True,True,C:\Users\abdul\OneDrive\Desktop\Data Preprocessing\Shenzhen-Hospital-CXR-Set\mask\mask\CHNCXR_0631_1_mask.png
shenzhen,0632,CHNCXR_0632_1.png,TB,C:\Users\abdul\OneDrive\Desktop\Data Preprocessing\Shenzhen-Hospital-CXR-Set\CXR_png\CHNCXR_0632_1.png,2497,2588,P,,True,"female 30yrs  	
PTB in the left upper field",2,True,4,True,True,C:\Users\abdul\OneDrive\Desktop\Data Preprocessing\Shenzhen-Hospital-CXR-Set\mask\mask\CHNCXR_0632_1_mask.png
shenzhen,0633,CHNCXR_0633_1.png,TB,C:\Users\abdul\OneDrive\Desktop\Data Preprocessing\Shenzhen-Hospital-CXR-Set\CXR_png\CHNCXR_0633_1.png,2610,2533,P,,True,"male35yrs  	
PTB in the left upper field",2,True,2,True,True,C:\Users\abdul\OneDrive\Desktop\Data Preprocessing\Shenzhen-Hospital-CXR-Set\mask\mask\CHNCXR_0633_1_mask.png
shenzhen,0634,CHNCXR_0634_1.png,TB,C:\Users\abdul\OneDrive\Desktop\Data Preprocessing\Shenzhen-Hospital-CXR-Set\CXR_png\CHNCXR_0634_1.png,2573,2917,P,,True,"male 28yrs  	
secondary PTB  in the bilateral upper field",5,True,3,True,True,C:\Users\abdul\OneDrive\Desktop\Data Preprocessing\Shenzhen-Hospital-CXR-Set\mask\mask\CHNCXR_0634_1_mask.png
shenzhen,0635,CHNCXR_0635_1.png,TB,C:\Users\abdul\OneDrive\Desktop\Data Preprocessing\Shenzhen-Hospital-CXR-Set\CXR_png\CHNCXR_0635_1.png,2399,2952,P,,True,"male 65yrs  	
bilateral PTB",9,True,7,True,True,C:\Users\abdul\OneDrive\Desktop\Data Preprocessing\Shenzhen-Hospital-CXR-Set\mask\mask\CHNCXR_0635_1_mask.png
shenzhen,0636,CHNCXR_0636_1.png,TB,C:\Users\abdul\OneDrive\Desktop\Data Preprocessing\Shenzhen-Hospital-CXR-Set\CXR_png\CHNCXR_0636_1.png,2896,2929,P,,True,"male35yrs  	
Bilateral secondary PTB",7,True,13,True,True,C:\Users\abdul\OneDrive\Desktop\Data Preprocessing\Shenzhen-Hospital-CXR-Set\mask\mask\CHNCXR_0636_1_mask.png
shenzhen,0637,CHNCXR_0637_1.png,TB,C:\Users\abdul\OneDrive\Desktop\Data Preprocessing\Shenzhen-Hospital-CXR-Set\CXR_png\CHNCXR_0637_1.png,2511,2931,P,,True,"male 44yrs  	
bilateral PTB",3,True,7,True,True,C:\Users\abdul\OneDrive\Desktop\Data Preprocessing\Shenzhen-Hospital-CXR-Set\mask\mask\CHNCXR_0637_1_mask.png
shenzhen,0638,CHNCXR_0638_1.png,TB,C:\Users\abdul\OneDrive\Desktop\Data Preprocessing\Shenzhen-Hospital-CXR-Set\CXR_png\CHNCXR_0638_1.png,2400,2503,RGB,True,True,"Female 36yrs  	
Bilateral secondary PTB with left lower field pneumonia",5,True,10,True,True,C:\Users\abdul\OneDrive\Desktop\Data Preprocessing\Shenzhen-Hospital-CXR-Set\mask\mask\CHNCXR_0638_1_mask.png
shenzhen,0639,CHNCXR_0639_1.png,TB,C:\Users\abdul\OneDrive\Desktop\Data Preprocessing\Shenzhen-Hospital-CXR-Set\CXR_png\CHNCXR_0639_1.png,2202,2460,RGB,True,True,"Female, 28yrs  	
bilateral acute hematogenous disseminated PTB",6,True,4,True,True,C:\Users\abdul\OneDrive\Desktop\Data Preprocessing\Shenzhen-Hospital-CXR-Set\mask\mask\CHNCXR_0639_1_mask.png
shenzhen,0640,CHNCXR_0640_1.png,TB,C:\Users\abdul\OneDrive\Desktop\Data Preprocessing\Shenzhen-Hospital-CXR-Set\CXR_png\CHNCXR_0640_1.png,3000,2937,RGB,True,True,"Male 38yrs  	
Bilateral secondary PTB  with most lesions calcified",5,True,44,True,True,C:\Users\abdul\OneDrive\Desktop\Data Preprocessing\Shenzhen-Hospital-CXR-Set\mask\mask\CHNCXR_0640_1_mask.png
shenzhen,0641,CHNCXR_0641_1.png,TB,C:\Users\abdul\OneDrive\Desktop\Data Preprocessing\Shenzhen-Hospital-CXR-Set\CXR_png\CHNCXR_0641_1.png,2450,2977,RGB,True,True,"Female, 28yrs  	
left secondary PTB",2,True,5,True,True,C:\Users\abdul\OneDrive\Desktop\Data Preprocessing\Shenzhen-Hospital-CXR-Set\mask\mask\CHNCXR_0641_1_mask.png
shenzhen,0642,CHNCXR_0642_1.png,TB,C:\Users\abdul\OneDrive\Desktop\Data Preprocessing\Shenzhen-Hospital-CXR-Set\CXR_png\CHNCXR_0642_1.png,2110,2568,RGB,True,True,"Female, 43yrs  	
secondary PTB  in the right upper field",2,True,3,True,True,C:\Users\abdul\OneDrive\Desktop\Data Preprocessing\Shenzhen-Hospital-CXR-Set\mask\mask\CHNCXR_0642_1_mask.png
shenzhen,0643,CHNCXR_0643_1.png,TB,C:\Users\abdul\OneDrive\Desktop\Data Preprocessing\Shenzhen-Hospital-CXR-Set\CXR_png\CHNCXR_0643_1.png,2368,2804,RGB,True,True,"Male, 43yrs  	
secondary PTB  in the bilateral upper field",3,True,12,True,True,C:\Users\abdul\OneDrive\Desktop\Data Preprocessing\Shenzhen-Hospital-CXR-Set\mask\mask\CHNCXR_0643_1_mask.png
shenzhen,0644,CHNCXR_0644_1.png,TB,C:\Users\abdul\OneDrive\Desktop\Data Preprocessing\Shenzhen-Hospital-CXR-Set\CXR_png\CHNCXR_0644_1.png,2300,2248,RGB,True,True,"Female, 44yrs  	
1.secondary PTB  in the right upper field; 2.small tuberculoma; 3.right pleural thickening and adhesions",3,True,9,True,True,C:\Users\abdul\OneDrive\Desktop\Data Preprocessing\Shenzhen-Hospital-CXR-Set\mask\mask\CHNCXR_0644_1_mask.png
shenzhen,0645,CHNCXR_0645_1.png,TB,C:\Users\abdul\OneDrive\Desktop\Data Preprocessing\Shenzhen-Hospital-CXR-Set\CXR_png\CHNCXR_0645_1.png,2421,2735,RGB,True,True,"Male , 27yrs  	
Left secondary PTB in the upper and middle fields, mainly  fibrous  lesions",2,True,7,True,True,C:\Users\abdul\OneDrive\Desktop\Data Preprocessing\Shenzhen-Hospital-CXR-Set\mask\mask\CHNCXR_0645_1_mask.png
shenzhen,0646,CHNCXR_0646_1.png,TB,C:\Users\abdul\OneDrive\Desktop\Data Preprocessing\Shenzhen-Hospital-CXR-Set\CXR_png\CHNCXR_0646_1.png,3001,2929,RGB,True,True,"Male, 31yrs  	
secondary PTB  in the left lower field",3,True,1,True,True,C:\Users\abdul\OneDrive\Desktop\Data Preprocessing\Shenzhen-Hospital-CXR-Set\mask\mask\CHNCXR_0646_1_mask.png
shenzhen,0647,CHNCXR_0647_1.png,TB,C:\Users\abdul\OneDrive\Desktop\Data Preprocessing\Shenzhen-Hospital-CXR-Set\CXR_png\CHNCXR_0647_1.png,3001,2935,RGB,True,True,"Male , 38yrs,  	
secondary PTB in the bilateral upper and middle fields, mainly fibrous  lesions",3,True,9,True,True,C:\Users\abdul\OneDrive\Desktop\Data Preprocessing\Shenzhen-Hospital-CXR-Set\mask\mask\CHNCXR_0647_1_mask.png
shenzhen,0648,CHNCXR_0648_1.png,TB,C:\Users\abdul\OneDrive\Desktop\Data Preprocessing\Shenzhen-Hospital-CXR-Set\CXR_png\CHNCXR_0648_1.png,2580,2917,RGB,True,True,"Male, 26yrs  	
bilateral secondary PTB with multiple cavitations",7,True,35,True,True,C:\Users\abdul\OneDrive\Desktop\Data Preprocessing\Shenzhen-Hospital-CXR-Set\mask\mask\CHNCXR_0648_1_mask.png
shenzhen,0649,CHNCXR_0649_1.png,TB,C:\Users\abdul\OneDrive\Desktop\Data Preprocessing\Shenzhen-Hospital-CXR-Set\CXR_png\CHNCXR_0649_1.png,3000,2965,RGB,True,True,"Male , 29yrs  	
bilateral secondary PTB,mainly hyperplastic lesions",4,True,4,True,True,C:\Users\abdul\OneDrive\Desktop\Data Preprocessing\Shenzhen-Hospital-CXR-Set\mask\mask\CHNCXR_0649_1_mask.png
shenzhen,0650,CHNCXR_0650_1.png,TB,C:\Users\abdul\OneDrive\Desktop\Data Preprocessing\Shenzhen-Hospital-CXR-Set\CXR_png\CHNCXR_0650_1.png,2676,2988,RGB,True,True,"Male , 50yrs  	
secondary PTB  in the right upper field",3,True,3,True,True,C:\Users\abdul\OneDrive\Desktop\Data Preprocessing\Shenzhen-Hospital-CXR-Set\mask\mask\CHNCXR_0650_1_mask.png
shenzhen,0651,CHNCXR_0651_1.png,TB,C:\Users\abdul\OneDrive\Desktop\Data Preprocessing\Shenzhen-Hospital-CXR-Set\CXR_png\CHNCXR_0651_1.png,2459,2635,RGB,True,True,"Female, 49yrs  	
Right secondary PTB,mainly hyperplastic lesions",1,True,2,True,True,C:\Users\abdul\OneDrive\Desktop\Data Preprocessing\Shenzhen-Hospital-CXR-Set\mask\mask\CHNCXR_0651_1_mask.png
shenzhen,0652,CHNCXR_0652_1.png,TB,C:\Users\abdul\OneDrive\Desktop\Data Preprocessing\Shenzhen-Hospital-CXR-Set\CXR_png\CHNCXR_0652_1.png,2707,2750,RGB,True,True,"Male, 51yrs  	
secondary PTB  in thel left upper field",4,True,1,True,True,C:\Users\abdul\OneDrive\Desktop\Data Preprocessing\Shenzhen-Hospital-CXR-Set\mask\mask\CHNCXR_0652_1_mask.png
shenzhen,0653,CHNCXR_0653_1.png,TB,C:\Users\abdul\OneDrive\Desktop\Data Preprocessing\Shenzhen-Hospital-CXR-Set\CXR_png\CHNCXR_0653_1.png,2336,2550,RGB,True,True,"Male, 69yrs  	
bilateral secondary PTB  with pleural thickening",5,True,24,True,True,C:\Users\abdul\OneDrive\Desktop\Data Preprocessing\Shenzhen-Hospital-CXR-Set\mask\mask\CHNCXR_0653_1_mask.png
shenzhen,0654,CHNCXR_0654_1.png,TB,C:\Users\abdul\OneDrive\Desktop\Data Preprocessing\Shenzhen-Hospital-CXR-Set\CXR_png\CHNCXR_0654_1.png,2057,2283,RGB,True,True,"Male , 28yrs  	
Right secondary PTB",2,True,2,True,True,C:\Users\abdul\OneDrive\Desktop\Data Preprocessing\Shenzhen-Hospital-CXR-Set\mask\mask\CHNCXR_0654_1_mask.png
shenzhen,0655,CHNCXR_0655_1.png,TB,C:\Users\abdul\OneDrive\Desktop\Data Preprocessing\Shenzhen-Hospital-CXR-Set\CXR_png\CHNCXR_0655_1.png,2734,2933,RGB,True,True,"Male 33yrs  	
secondary PTB in the right upper field,mainly hyperplastic lesions",1,True,3,True,True,C:\Users\abdul\OneDrive\Desktop\Data Preprocessing\Shenzhen-Hospital-CXR-Set\mask\mask\CHNCXR_0655_1_mask.png
shenzhen,0656,CHNCXR_0656_1.png,TB,C:\Users\abdul\OneDrive\Desktop\Data Preprocessing\Shenzhen-Hospital-CXR-Set\CXR_png\CHNCXR_0656_1.png,3001,2988,RGB,True,True,"Female 35yrs  	
secondary PTB  in the right upper field",2,True,1,True,True,C:\Users\abdul\OneDrive\Desktop\Data Preprocessing\Shenzhen-Hospital-CXR-Set\mask\mask\CHNCXR_0656_1_mask.png
shenzhen,0657,CHNCXR_0657_1.png,TB,C:\Users\abdul\OneDrive\Desktop\Data Preprocessing\Shenzhen-Hospital-CXR-Set\CXR_png\CHNCXR_0657_1.png,2738,2977,RGB,True,True,"Male , 31yrs  	
Right secondary PTB in the upper and middle fields",2,True,3,True,True,C:\Users\abdul\OneDrive\Desktop\Data Preprocessing\Shenzhen-Hospital-CXR-Set\mask\mask\CHNCXR_0657_1_mask.png
shenzhen,0658,CHNCXR_0658_1.png,TB,C:\Users\abdul\OneDrive\Desktop\Data Preprocessing\Shenzhen-Hospital-CXR-Set\CXR_png\CHNCXR_0658_1.png,2611,2955,RGB,True,True,"Male 41yrs  	
bilateral secondary PTB  with right pneumothorax",4,True,9,True,True,C:\Users\abdul\OneDrive\Desktop\Data Preprocessing\Shenzhen-Hospital-CXR-Set\mask\mask\CHNCXR_0658_1_mask.png
shenzhen,0659,CHNCXR_0659_1.png,TB,C:\Users\abdul\OneDrive\Desktop\Data Preprocessing\Shenzhen-Hospital-CXR-Set\CXR_png\CHNCXR_0659_1.png,3001,2989,RGB,True,True,"Male , 33yrs  	
secondary PTB  in the left upper field",2,True,5,True,True,C:\Users\abdul\OneDrive\Desktop\Data Preprocessing\Shenzhen-Hospital-CXR-Set\mask\mask\CHNCXR_0659_1_mask.png
shenzhen,0660,CHNCXR_0660_1.png,TB,C:\Users\abdul\OneDrive\Desktop\Data Preprocessing\Shenzhen-Hospital-CXR-Set\CXR_png\CHNCXR_0660_1.png,2997,2933,RGB,True,True,"Male , 50yrs  	
1.bilateral secondary PTB  with right upper atelectasis;2.right pleural adhesions;3.left compensatory emphysema",6,True,21,True,True,C:\Users\abdul\OneDrive\Desktop\Data Preprocessing\Shenzhen-Hospital-CXR-Set\mask\mask\CHNCXR_0660_1_mask.png
shenzhen,0661,CHNCXR_0661_1.png,TB,C:\Users\abdul\OneDrive\Desktop\Data Preprocessing\Shenzhen-Hospital-CXR-Set\CXR_png\CHNCXR_0661_1.png,2495,2608,RGB,True,True,"Male, 26yrs  	
bilateral secondary PTB  with right pleural thickening",4,True,5,True,True,C:\Users\abdul\OneDrive\Desktop\Data Preprocessing\Shenzhen-Hospital-CXR-Set\mask\mask\CHNCXR_0661_1_mask.png
shenzhen,0662,CHNCXR_0662_1.png,TB,C:\Users\abdul\OneDrive\Desktop\Data Preprocessing\Shenzhen-Hospital-CXR-Set\CXR_png\CHNCXR_0662_1.png,2619,2988,RGB,True,True,"Male , 32yrs  	
secondary PTB  in the right upper field",1,True,2,True,True,C:\Users\abdul\OneDrive\Desktop\Data Preprocessing\Shenzhen-Hospital-CXR-Set\mask\mask\CHNCXR_0662_1_mask.png
